customer_id,age,gender,state,city,customer_since,credit_score_band
CUST-00001,21,M,Bavaria,Aschaffenburg,2023-04-26,Good
CUST-00002,72,M,Hesse,Kemnath,2023-04-05,Excellent
CUST-00003,44,M,Hamburg,Parsberg,2015-05-11,Excellent
CUST-00004,29,M,Rhineland-Palatinate,Gütersloh,2020-08-31,Good
CUST-00005,46,M,Hamburg,Zschopau,2017-06-21,Good
CUST-00006,59,F,Bavaria,Schlüchtern,2023-07-06,Fair
CUST-00007,22,F,Thuringia,Ahaus,2018-02-12,Excellent
CUST-00008,40,F,Lower Saxony,Tecklenburg,2016-01-15,Good
CUST-00009,58,F,Saxony-Anhalt,Aue,2021-10-08,Good
CUST-00010,39,M,Bremen,Calau,2021-01-05,Excellent
CUST-00011,54,F,Baden-Wuerttemberg,Stade,2021-03-11,Good
CUST-00012,84,F,Berlin,Melsungen,2022-11-25,Excellent
CUST-00013,58,M,Brandenburg,Kemnath,2015-11-23,Fair
CUST-00014,40,M,Mecklenburg-Vorpommern,Bergzabern,2018-02-12,Good
CUST-00015,40,F,Saxony,Coburg,2019-02-25,Good
CUST-00016,51,F,Baden-Wuerttemberg,Parsberg,2021-10-31,Good
CUST-00017,64,M,Saxony,Seelow,2020-03-08,Good
CUST-00018,18,M,Thuringia,Wittmund,2023-08-14,Fair
CUST-00019,59,M,North Rhine-Westphalia,Nauen,2018-07-16,Good
CUST-00020,34,M,Berlin,Warendorf,2021-05-12,Fair
CUST-00021,29,F,Berlin,Gotha,2022-05-08,Good
CUST-00022,66,F,Hesse,Neustadt am Rübenberge,2017-12-20,Excellent
CUST-00023,52,F,Hamburg,Kaiserslautern,2021-07-18,Good
CUST-00024,76,M,Hesse,Angermünde,2020-09-18,Good
CUST-00025,56,M,Lower Saxony,Brandenburg,2016-09-18,Good
CUST-00026,42,F,Baden-Wuerttemberg,Lübben,2019-04-26,Good
CUST-00027,39,F,Schleswig-Holstein,Mainburg,2021-03-16,Fair
CUST-00028,77,M,Lower Saxony,Pegnitz,2022-08-24,Fair
CUST-00029,73,F,Thuringia,Gütersloh,2016-04-01,Good
CUST-00030,20,M,Bremen,Diepholz,2015-01-14,Poor
CUST-00031,43,F,Saxony,Ochsenfurt,2020-09-10,Poor
CUST-00032,59,F,Berlin,Brand,2016-09-18,Good
CUST-00033,74,M,Bavaria,Grimma,2021-09-19,Good
CUST-00034,66,M,Lower Saxony,Potsdam,2019-01-26,Fair
CUST-00035,59,F,Rhineland-Palatinate,Fürstenwalde,2015-08-26,Excellent
CUST-00036,73,M,Baden-Wuerttemberg,Havelberg,2023-03-17,Good
CUST-00037,43,M,Hesse,Greifswald,2016-06-09,Fair
CUST-00038,68,M,Schleswig-Holstein,Wolgast,2020-12-01,Fair
CUST-00039,79,F,Berlin,Herford,2021-01-17,Fair
CUST-00040,35,M,Brandenburg,Bad Liebenwerda,2019-06-23,Poor
CUST-00041,31,F,Bremen,Freudenstadt,2020-10-20,Good
CUST-00042,21,M,Rhineland-Palatinate,Regen,2015-09-20,Good
CUST-00043,84,M,Rhineland-Palatinate,Schwandorf,2015-01-30,Excellent
CUST-00044,67,M,Rhineland-Palatinate,Griesbach Rottal,2015-10-04,Poor
CUST-00045,56,F,Baden-Wuerttemberg,Regen,2020-10-06,Excellent
CUST-00046,81,F,Berlin,Königs Wusterhausen,2021-01-17,Excellent
CUST-00047,71,F,Rhineland-Palatinate,Regen,2023-10-19,Good
CUST-00048,22,F,Berlin,Schlüchtern,2016-01-22,Excellent
CUST-00049,31,F,Saxony-Anhalt,Darmstadt,2019-10-01,Good
CUST-00050,28,M,Lower Saxony,Darmstadt,2015-09-06,Good
CUST-00051,27,F,Lower Saxony,Kulmbach,2017-10-15,Excellent
CUST-00052,80,F,Hesse,Tübingen,2019-09-25,Excellent
CUST-00053,38,F,Rhineland-Palatinate,Hildesheim,2015-11-05,Good
CUST-00054,62,M,North Rhine-Westphalia,Greifswald,2022-04-25,Poor
CUST-00055,70,M,Baden-Wuerttemberg,Passau,2023-06-14,Fair
CUST-00056,65,M,Hamburg,Mettmann,2020-06-12,Good
CUST-00057,77,F,North Rhine-Westphalia,Weißwasser,2016-11-05,Good
CUST-00058,25,F,Schleswig-Holstein,Eisenhüttenstadt,2023-10-17,Fair
CUST-00059,33,F,Hamburg,Ueckermünde,2022-10-24,Poor
CUST-00060,58,F,Hesse,Hettstedt,2017-02-16,Good
CUST-00061,72,M,North Rhine-Westphalia,Hünfeld,2023-05-22,Good
CUST-00062,59,M,Saarland,Apolda,2020-08-21,Poor
CUST-00063,74,M,North Rhine-Westphalia,Schweinfurt,2020-09-11,Excellent
CUST-00064,30,M,Baden-Wuerttemberg,Hannoversch Münden,2021-09-03,Excellent
CUST-00065,36,M,Mecklenburg-Vorpommern,Beilngries,2016-05-06,Poor
CUST-00066,67,M,North Rhine-Westphalia,Wittmund,2021-12-11,Excellent
CUST-00067,52,F,Schleswig-Holstein,Quedlinburg,2017-04-16,Fair
CUST-00068,71,F,Rhineland-Palatinate,Sondershausen,2017-12-23,Good
CUST-00069,21,F,Bremen,Prenzlau,2018-07-19,Poor
CUST-00070,79,M,Bavaria,Feuchtwangen,2020-02-21,Good
CUST-00071,68,M,Baden-Wuerttemberg,Witzenhausen,2021-01-11,Excellent
CUST-00072,25,F,Hesse,Böblingen,2018-11-30,Fair
CUST-00073,84,M,Saxony-Anhalt,Moers,2018-03-13,Excellent
CUST-00074,21,F,Bavaria,Schwandorf,2022-06-28,Fair
CUST-00075,36,F,Lower Saxony,Arnstadt,2016-07-04,Good
CUST-00076,68,M,Hesse,Flöha,2018-01-20,Good
CUST-00077,62,M,Thuringia,Eilenburg,2017-04-13,Fair
CUST-00078,49,F,Saarland,Grimmen,2017-10-25,Poor
CUST-00079,66,M,Baden-Wuerttemberg,Bremervörde,2022-02-11,Good
CUST-00080,66,F,North Rhine-Westphalia,Erfurt,2015-01-15,Good
CUST-00081,29,M,Schleswig-Holstein,Auerbach,2016-10-23,Fair
CUST-00082,45,F,Bavaria,Hagenow,2016-04-03,Excellent
CUST-00083,39,M,North Rhine-Westphalia,Oranienburg,2019-02-21,Good
CUST-00084,63,M,Hamburg,Meppen,2016-06-06,Excellent
CUST-00085,30,F,North Rhine-Westphalia,Rothenburg ob der Tauber,2019-01-05,Excellent
CUST-00086,52,M,Lower Saxony,Hansestadttralsund,2018-12-19,Fair
CUST-00087,85,F,Hesse,Cloppenburg,2017-08-27,Fair
CUST-00088,47,M,Hamburg,Kulmbach,2015-04-12,Excellent
CUST-00089,54,F,Hamburg,Borna,2023-12-30,Fair
CUST-00090,80,M,Schleswig-Holstein,Perleberg,2016-10-14,Fair
CUST-00091,75,M,Mecklenburg-Vorpommern,Viersen,2015-06-08,Fair
CUST-00092,53,M,Berlin,Hansestadttralsund,2020-02-29,Good
CUST-00093,30,M,Rhineland-Palatinate,Stadtsteinach,2015-04-07,Fair
CUST-00094,41,F,Thuringia,Eisleben,2018-02-15,Fair
CUST-00095,64,F,Saxony-Anhalt,Lörrach,2022-03-12,Good
CUST-00096,76,F,Bavaria,Feuchtwangen,2016-04-17,Fair
CUST-00097,66,F,Saxony,Stadtsteinach,2021-07-06,Poor
CUST-00098,85,F,North Rhine-Westphalia,Werdau,2016-03-20,Good
CUST-00099,40,F,Thuringia,Amberg,2019-11-23,Good
CUST-00100,25,M,Mecklenburg-Vorpommern,Zeulenroda,2021-06-19,Excellent
CUST-00101,83,M,Hamburg,Heiligenstadt,2015-01-07,Good
CUST-00102,26,M,Saxony-Anhalt,Neustrelitz,2019-11-02,Excellent
CUST-00103,81,F,Thuringia,Kaiserslautern,2022-06-10,Fair
CUST-00104,78,F,Brandenburg,Parsberg,2022-06-24,Good
CUST-00105,68,F,Brandenburg,Gunzenhausen,2021-03-20,Excellent
CUST-00106,35,F,Mecklenburg-Vorpommern,Hechingen,2022-08-06,Fair
CUST-00107,32,M,Brandenburg,Freital,2019-07-22,Good
CUST-00108,19,M,Brandenburg,Neunburg vorm Wald,2018-03-21,Excellent
CUST-00109,84,F,Bremen,Oranienburg,2019-12-15,Good
CUST-00110,23,M,Saarland,Konstanz,2023-11-26,Poor
CUST-00111,40,M,Baden-Wuerttemberg,Waldmünchen,2018-03-08,Good
CUST-00112,56,F,Baden-Wuerttemberg,Finsterwalde,2023-06-04,Excellent
CUST-00113,66,F,Rhineland-Palatinate,Querfurt,2017-03-26,Excellent
CUST-00114,37,M,Rhineland-Palatinate,Olpe,2020-04-30,Good
CUST-00115,48,M,Bremen,Neuruppin,2019-08-25,Fair
CUST-00116,33,M,Mecklenburg-Vorpommern,Kulmbach,2020-07-17,Good
CUST-00117,85,M,Bavaria,Lichtenfels,2023-06-03,Fair
CUST-00118,38,M,Hamburg,Dresden,2017-06-15,Excellent
CUST-00119,70,F,North Rhine-Westphalia,Bad Mergentheim,2021-04-02,Excellent
CUST-00120,76,M,Bremen,Celle,2016-06-30,Fair
CUST-00121,66,F,Bremen,Nauen,2021-11-14,Fair
CUST-00122,56,F,Bremen,Eichstätt,2016-10-13,Fair
CUST-00123,57,F,Bremen,Luckau,2017-11-27,Fair
CUST-00124,85,F,Saarland,Wolfenbüttel,2022-01-11,Excellent
CUST-00125,54,F,Baden-Wuerttemberg,Wittenberg,2023-01-01,Good
CUST-00126,22,F,Thuringia,Gardelegen,2018-08-02,Fair
CUST-00127,41,M,Hesse,Paderborn,2016-09-09,Excellent
CUST-00128,32,M,Berlin,Dresden,2015-09-21,Good
CUST-00129,68,F,Bremen,Kemnath,2019-08-31,Excellent
CUST-00130,31,F,Mecklenburg-Vorpommern,Nördlingen,2023-08-20,Good
CUST-00131,50,M,Mecklenburg-Vorpommern,Miesbach,2020-05-07,Excellent
CUST-00132,31,F,Brandenburg,Wolfenbüttel,2023-06-14,Good
CUST-00133,52,F,Rhineland-Palatinate,Eisenberg,2020-06-22,Excellent
CUST-00134,48,F,Saarland,Klötze,2015-04-29,Good
CUST-00135,60,F,Saxony,Bayreuth,2020-03-29,Poor
CUST-00136,50,M,Mecklenburg-Vorpommern,Eutin,2021-08-21,Good
CUST-00137,79,M,Baden-Wuerttemberg,Peine,2022-03-17,Good
CUST-00138,25,F,Saxony,Miesbach,2015-07-25,Good
CUST-00139,81,F,Berlin,Aurich,2020-02-06,Good
CUST-00140,35,F,Schleswig-Holstein,Waren,2023-06-08,Poor
CUST-00141,72,F,Schleswig-Holstein,Nordhausen,2015-12-02,Good
CUST-00142,55,M,Saxony-Anhalt,Grafenau,2017-07-07,Fair
CUST-00143,76,M,Bavaria,Tübingen,2017-10-09,Excellent
CUST-00144,79,M,Hesse,Naila,2017-09-04,Excellent
CUST-00145,43,M,Berlin,Uelzen,2020-03-19,Fair
CUST-00146,80,F,Saxony,Roth,2021-10-17,Good
CUST-00147,48,M,Saxony,Regensburg,2018-06-28,Excellent
CUST-00148,47,M,Brandenburg,Sebnitz,2021-06-16,Fair
CUST-00149,66,F,Mecklenburg-Vorpommern,Mayen,2023-01-07,Excellent
CUST-00150,76,M,Lower Saxony,Fallingbostel,2022-10-26,Fair
CUST-00151,46,M,North Rhine-Westphalia,Cottbus,2018-11-23,Good
CUST-00152,52,F,Baden-Wuerttemberg,Regen,2020-09-03,Good
CUST-00153,68,M,Hamburg,Greiz,2020-06-30,Excellent
CUST-00154,51,F,Bremen,Geldern,2022-12-07,Excellent
CUST-00155,36,M,Schleswig-Holstein,Schwäbisch Gmünd,2021-11-27,Fair
CUST-00156,76,F,Bremen,Waren,2019-11-20,Fair
CUST-00157,39,F,Thuringia,Soltau,2017-10-02,Fair
CUST-00158,29,M,Schleswig-Holstein,Schleiz,2020-01-21,Excellent
CUST-00159,46,F,Mecklenburg-Vorpommern,Heiligenstadt,2018-10-09,Excellent
CUST-00160,72,F,Saxony,Lichtenfels,2020-06-20,Excellent
CUST-00161,44,F,Thuringia,Badoberan,2018-02-19,Fair
CUST-00162,49,F,Bavaria,Hettstedt,2020-10-17,Poor
CUST-00163,42,M,Rhineland-Palatinate,Cloppenburg,2023-01-28,Good
CUST-00164,48,M,Saarland,Mettmann,2022-03-30,Fair
CUST-00165,75,F,Bavaria,Anklam,2016-01-17,Good
CUST-00166,58,F,Rhineland-Palatinate,Burglengenfeld,2018-06-08,Fair
CUST-00167,33,F,Saarland,Erkelenz,2021-03-17,Good
CUST-00168,72,F,Thuringia,Lüdenscheid,2018-12-12,Fair
CUST-00169,49,F,Brandenburg,Stade,2017-10-26,Excellent
CUST-00170,85,M,Thuringia,Säckingen,2016-05-04,Fair
CUST-00171,53,M,Berlin,Moers,2017-06-05,Fair
CUST-00172,23,F,Brandenburg,Klötze,2016-02-16,Fair
CUST-00173,57,F,Rhineland-Palatinate,Halberstadt,2019-01-18,Excellent
CUST-00174,33,M,Hesse,Cuxhaven,2018-01-28,Excellent
CUST-00175,78,M,Brandenburg,Senftenberg,2022-10-27,Poor
CUST-00176,85,F,Lower Saxony,Lichtenfels,2015-02-20,Good
CUST-00177,59,F,Saarland,Reutlingen,2019-12-10,Good
CUST-00178,30,M,Schleswig-Holstein,Fallingbostel,2020-05-10,Excellent
CUST-00179,27,M,Mecklenburg-Vorpommern,München,2020-07-07,Excellent
CUST-00180,70,M,Hesse,Altentreptow,2016-09-03,Fair
CUST-00181,77,F,Baden-Wuerttemberg,Sternberg,2017-10-13,Excellent
CUST-00182,62,F,Rhineland-Palatinate,Olpe,2023-09-13,Good
CUST-00183,30,F,Bremen,Neunburg vorm Wald,2018-05-02,Fair
CUST-00184,30,F,Brandenburg,Rothenburg ob der Tauber,2021-05-18,Good
CUST-00185,61,M,Berlin,Anklam,2022-01-06,Excellent
CUST-00186,31,M,Saxony,Weißwasser,2017-09-09,Excellent
CUST-00187,20,M,Saxony,Iserlohn,2015-01-11,Good
CUST-00188,86,F,Brandenburg,Peine,2015-05-14,Excellent
CUST-00189,21,F,Bremen,Leipziger Land,2015-10-19,Fair
CUST-00190,43,F,Berlin,Weimar,2019-10-08,Excellent
CUST-00191,58,M,Hesse,Ahaus,2017-12-24,Fair
CUST-00192,49,M,North Rhine-Westphalia,Wolgast,2016-11-10,Fair
CUST-00193,62,F,Bremen,Badoberan,2016-05-24,Good
CUST-00194,39,F,Mecklenburg-Vorpommern,Staßfurt,2018-01-20,Good
CUST-00195,22,F,Bremen,Eckernförde,2015-11-26,Good
CUST-00196,45,F,Thuringia,Freudenstadt,2021-10-08,Good
CUST-00197,44,M,Rhineland-Palatinate,Sigmaringen,2022-07-24,Fair
CUST-00198,44,M,Schleswig-Holstein,Säckingen,2021-06-18,Excellent
CUST-00199,51,M,Saarland,Neu-Ulm,2020-10-26,Fair
CUST-00200,30,F,Saxony,Hamburg,2021-07-25,Good
CUST-00201,44,F,Baden-Wuerttemberg,Gelnhausen,2020-04-09,Good
CUST-00202,50,F,Thuringia,Suhl,2022-07-07,Excellent
CUST-00203,60,M,Thuringia,Uelzen,2019-08-14,Fair
CUST-00204,29,F,Mecklenburg-Vorpommern,Jessen,2023-07-13,Good
CUST-00205,31,F,Baden-Wuerttemberg,Groß-Gerau,2018-07-12,Good
CUST-00206,42,M,Mecklenburg-Vorpommern,Schwäbisch Hall,2020-10-08,Fair
CUST-00207,38,M,Bremen,Suhl,2019-08-20,Excellent
CUST-00208,40,F,Saarland,Großenhain,2022-01-05,Good
CUST-00209,29,M,Berlin,Meiningen,2017-12-29,Good
CUST-00210,65,F,Bremen,Bernburg,2022-10-31,Good
CUST-00211,21,M,Rhineland-Palatinate,Melsungen,2022-12-17,Excellent
CUST-00212,71,M,Hamburg,Rastatt,2016-01-17,Excellent
CUST-00213,23,M,Bremen,Worbis,2016-04-26,Good
CUST-00214,43,M,Saarland,Göppingen,2023-01-14,Good
CUST-00215,49,F,Hamburg,Konstanz,2020-05-30,Poor
CUST-00216,59,M,Bremen,Reutlingen,2021-03-07,Excellent
CUST-00217,71,M,Hesse,Hildburghausen,2015-10-13,Good
CUST-00218,71,F,Thuringia,Cottbus,2023-11-01,Good
CUST-00219,73,M,Brandenburg,Rathenow,2023-02-21,Good
CUST-00220,80,F,Hesse,Freudenstadt,2020-01-04,Good
CUST-00221,62,F,Thuringia,Staffelstein,2021-03-10,Fair
CUST-00222,48,F,Bremen,Marktheidenfeld,2018-08-11,Fair
CUST-00223,31,M,Mecklenburg-Vorpommern,Bogen,2017-08-14,Fair
CUST-00224,39,F,North Rhine-Westphalia,Badibling,2018-07-27,Fair
CUST-00225,45,F,Mecklenburg-Vorpommern,Stade,2022-06-11,Fair
CUST-00226,83,M,Saarland,Tübingen,2015-06-01,Excellent
CUST-00227,67,F,Lower Saxony,Nürtingen,2019-12-09,Excellent
CUST-00228,85,F,Bavaria,Weißenfels,2023-02-07,Excellent
CUST-00229,39,M,Baden-Wuerttemberg,Marienberg,2020-04-07,Fair
CUST-00230,57,F,Thuringia,Holzminden,2021-12-27,Fair
CUST-00231,55,M,Thuringia,Ribnitz-Damgarten,2022-07-25,Fair
CUST-00232,62,F,Thuringia,Füssen,2022-01-11,Fair
CUST-00233,44,F,North Rhine-Westphalia,Dinkelsbühl,2021-12-04,Excellent
CUST-00234,28,F,Rhineland-Palatinate,Wolfratshausen,2023-05-17,Excellent
CUST-00235,35,M,Lower Saxony,Fürstenwalde,2019-12-23,Excellent
CUST-00236,46,F,Bavaria,Erbisdorf,2015-07-08,Good
CUST-00237,20,M,Brandenburg,Geithain,2019-01-08,Good
CUST-00238,58,M,Rhineland-Palatinate,Lübben,2020-12-15,Good
CUST-00239,76,M,Saxony,Bersenbrück,2016-12-18,Excellent
CUST-00240,47,F,Rhineland-Palatinate,Gardelegen,2020-07-31,Poor
CUST-00241,42,M,Rhineland-Palatinate,Bitterfeld,2020-03-03,Good
CUST-00242,24,F,Schleswig-Holstein,Greifswald,2022-06-24,Excellent
CUST-00243,27,F,Brandenburg,Vohenstrauß,2022-08-07,Good
CUST-00244,46,M,Bremen,Pasewalk,2018-11-16,Poor
CUST-00245,34,F,Hamburg,Marienberg,2022-09-28,Good
CUST-00246,22,F,Berlin,Burgdorf,2019-04-25,Fair
CUST-00247,63,M,Rhineland-Palatinate,Crailsheim,2019-04-12,Good
CUST-00248,46,F,Brandenburg,Luckau,2015-03-31,Poor
CUST-00249,28,F,Schleswig-Holstein,Schwerin,2015-02-03,Good
CUST-00250,64,M,Saarland,Grevenbroich,2018-03-18,Fair
CUST-00251,28,M,Saxony-Anhalt,Beilngries,2017-06-16,Good
CUST-00252,56,F,Hesse,Schwerin,2022-01-17,Excellent
CUST-00253,71,M,Brandenburg,Eisenhüttenstadt,2023-11-05,Good
CUST-00254,39,F,Hesse,Parchim,2016-01-05,Poor
CUST-00255,34,F,Hamburg,Roth,2016-12-20,Excellent
CUST-00256,23,F,Schleswig-Holstein,Nauen,2016-11-04,Good
CUST-00257,47,F,Brandenburg,Stuttgart,2023-05-16,Fair
CUST-00258,68,M,Bremen,Worbis,2015-11-05,Excellent
CUST-00259,50,M,Mecklenburg-Vorpommern,Diepholz,2021-04-01,Good
CUST-00260,41,F,Bavaria,Schwäbisch Hall,2017-12-19,Good
CUST-00261,66,F,Saxony-Anhalt,Wolfenbüttel,2022-07-18,Fair
CUST-00262,54,F,Mecklenburg-Vorpommern,Darmstadt,2022-02-28,Poor
CUST-00263,27,M,Rhineland-Palatinate,Görlitz,2020-04-15,Excellent
CUST-00264,82,F,Rhineland-Palatinate,Hammelburg,2022-04-06,Excellent
CUST-00265,75,F,Brandenburg,Lüdinghausen,2022-04-13,Good
CUST-00266,44,M,North Rhine-Westphalia,Großenhain,2015-06-02,Good
CUST-00267,43,F,Lower Saxony,Emmendingen,2016-02-03,Excellent
CUST-00268,60,M,Mecklenburg-Vorpommern,Wetzlar,2020-02-02,Good
CUST-00269,80,F,Hesse,Prenzlau,2019-08-27,Fair
CUST-00270,24,F,Hamburg,Haldensleben,2018-02-19,Excellent
CUST-00271,43,F,Berlin,Tuttlingen,2019-12-22,Good
CUST-00272,25,M,Saxony-Anhalt,Tuttlingen,2016-02-11,Poor
CUST-00273,25,F,Saxony-Anhalt,Havelberg,2015-09-06,Good
CUST-00274,48,M,Lower Saxony,Stendal,2020-02-06,Excellent
CUST-00275,19,M,Bavaria,Goslar,2015-07-27,Fair
CUST-00276,32,M,Hesse,Hildburghausen,2023-10-29,Good
CUST-00277,71,M,Berlin,Rockenhausen,2021-07-29,Excellent
CUST-00278,31,M,Thuringia,Dresden,2023-09-07,Excellent
CUST-00279,59,M,Schleswig-Holstein,Sankt Goarshausen,2016-08-15,Poor
CUST-00280,43,F,Saxony,Wesel,2016-03-26,Fair
CUST-00281,21,M,Hesse,Schrobenhausen,2015-03-02,Good
CUST-00282,51,M,Thuringia,Husum,2015-03-06,Excellent
CUST-00283,55,M,Hesse,Cuxhaven,2023-04-27,Good
CUST-00284,75,M,Baden-Wuerttemberg,Jülich,2020-05-04,Good
CUST-00285,64,F,Lower Saxony,Sonneberg,2020-01-26,Good
CUST-00286,27,M,Brandenburg,Wittmund,2020-02-20,Good
CUST-00287,81,M,North Rhine-Westphalia,Melle,2020-05-15,Fair
CUST-00288,48,F,Lower Saxony,Pirmasens,2020-07-01,Fair
CUST-00289,50,F,Baden-Wuerttemberg,Eisleben,2015-11-27,Good
CUST-00290,18,M,Baden-Wuerttemberg,Rastatt,2016-05-31,Good
CUST-00291,46,F,Mecklenburg-Vorpommern,Ebersberg,2021-09-12,Good
CUST-00292,56,F,Hamburg,Miesbach,2016-02-11,Fair
CUST-00293,59,M,Berlin,Gerolzhofen,2019-10-28,Good
CUST-00294,29,M,Hamburg,Hoyerswerda,2018-10-20,Fair
CUST-00295,64,F,Hamburg,Rothenburg ob der Tauber,2023-03-08,Excellent
CUST-00296,62,F,Thuringia,Dessau,2022-06-17,Good
CUST-00297,73,M,Saarland,Badibling,2015-10-02,Excellent
CUST-00298,52,M,Baden-Wuerttemberg,Aue,2019-11-04,Excellent
CUST-00299,55,F,Hesse,Teterow,2021-03-28,Excellent
CUST-00300,52,F,Lower Saxony,Peine,2019-08-10,Good
CUST-00301,78,F,North Rhine-Westphalia,Ribnitz-Damgarten,2018-03-24,Good
CUST-00302,20,F,Lower Saxony,Kötzting,2021-06-25,Good
CUST-00303,79,M,Saarland,Merseburg,2017-07-07,Fair
CUST-00304,61,F,Saxony-Anhalt,Hammelburg,2016-04-15,Fair
CUST-00305,64,M,Hamburg,Hildburghausen,2021-04-16,Poor
CUST-00306,55,M,Schleswig-Holstein,Lüdinghausen,2015-04-29,Excellent
CUST-00307,43,F,Thuringia,Sömmerda,2018-12-08,Excellent
CUST-00308,27,M,Mecklenburg-Vorpommern,Guben,2015-10-13,Excellent
CUST-00309,65,M,Baden-Wuerttemberg,Cottbus,2023-05-15,Good
CUST-00310,24,F,Hamburg,Neustrelitz,2020-02-02,Good
CUST-00311,64,F,Brandenburg,Gießen,2023-02-03,Good
CUST-00312,21,M,North Rhine-Westphalia,Wolfenbüttel,2016-09-29,Excellent
CUST-00313,19,M,Baden-Wuerttemberg,Konstanz,2018-01-19,Good
CUST-00314,65,F,Saarland,Bischofswerda,2021-10-22,Good
CUST-00315,28,F,Berlin,Finsterwalde,2023-06-20,Good
CUST-00316,39,F,Hamburg,Torgau,2016-03-30,Good
CUST-00317,59,F,Brandenburg,Kulmbach,2015-07-06,Excellent
CUST-00318,31,M,Bavaria,Brand,2017-04-17,Good
CUST-00319,47,M,Hesse,Bernburg,2023-07-28,Good
CUST-00320,51,F,Lower Saxony,Hainichen,2015-02-01,Good
CUST-00321,22,F,Saxony,Neu-Ulm,2016-06-13,Good
CUST-00322,51,M,Saxony-Anhalt,Großenhain,2015-10-23,Good
CUST-00323,33,M,Hamburg,Schweinfurt,2015-03-18,Good
CUST-00324,46,M,Thuringia,Meppen,2021-06-16,Good
CUST-00325,70,F,Hamburg,Kitzingen,2018-03-31,Excellent
CUST-00326,78,M,Thuringia,Sangerhausen,2016-12-04,Fair
CUST-00327,67,F,Saxony-Anhalt,Holzminden,2015-12-27,Good
CUST-00328,84,M,Rhineland-Palatinate,Lüdinghausen,2019-11-20,Good
CUST-00329,42,M,Mecklenburg-Vorpommern,Einbeck,2018-06-24,Fair
CUST-00330,67,M,Thuringia,Eilenburg,2023-09-27,Excellent
CUST-00331,45,M,Berlin,Arnstadt,2023-09-15,Good
CUST-00332,24,M,Rhineland-Palatinate,Saarbrücken,2016-02-26,Excellent
CUST-00333,77,M,Saxony,Merseburg,2021-10-03,Excellent
CUST-00334,29,M,Saxony,Kleve,2023-09-01,Good
CUST-00335,65,F,Bremen,Bad Kreuznach,2022-08-21,Poor
CUST-00336,63,F,Thuringia,Amberg,2016-09-10,Good
CUST-00337,19,F,Bremen,Potsdam,2022-01-30,Good
CUST-00338,71,F,North Rhine-Westphalia,Miltenberg,2018-12-12,Good
CUST-00339,45,F,Bremen,Niesky,2020-01-26,Excellent
CUST-00340,24,F,Brandenburg,Chemnitz,2015-11-11,Good
CUST-00341,34,M,Mecklenburg-Vorpommern,Main-Höchst,2020-03-10,Good
CUST-00342,78,M,Bremen,Hettstedt,2021-05-30,Fair
CUST-00343,78,F,Saarland,Neuss,2020-08-15,Excellent
CUST-00344,19,M,Bremen,Hünfeld,2016-02-28,Fair
CUST-00345,65,F,Baden-Wuerttemberg,Ingolstadt,2020-08-28,Good
CUST-00346,71,M,Rhineland-Palatinate,Düren,2022-12-08,Good
CUST-00347,45,F,Saxony,Mettmann,2019-01-30,Good
CUST-00348,28,F,Mecklenburg-Vorpommern,Regen,2019-08-02,Fair
CUST-00349,83,M,Thuringia,Hildburghausen,2015-09-27,Good
CUST-00350,66,F,Brandenburg,Bayreuth,2017-10-29,Fair
CUST-00351,28,M,Thuringia,Kelheim,2015-11-30,Good
CUST-00352,76,M,Saxony-Anhalt,Chemnitz,2018-06-24,Poor
CUST-00353,73,F,Hesse,Tübingen,2021-09-03,Fair
CUST-00354,69,M,Brandenburg,Eggenfelden,2021-04-08,Good
CUST-00355,85,F,Hesse,Güstrow,2022-07-07,Fair
CUST-00356,45,M,Hamburg,Grevenbroich,2020-09-13,Good
CUST-00357,51,F,Brandenburg,Heinsberg,2017-01-08,Poor
CUST-00358,71,F,Saarland,Gelnhausen,2017-02-25,Excellent
CUST-00359,64,M,Hesse,Sömmerda,2015-11-13,Good
CUST-00360,71,M,North Rhine-Westphalia,Sternberg,2022-06-04,Good
CUST-00361,66,M,Mecklenburg-Vorpommern,Malchin,2016-09-23,Excellent
CUST-00362,48,M,Bremen,Anklam,2015-06-28,Good
CUST-00363,79,M,Bremen,Greifswald,2021-11-05,Good
CUST-00364,77,F,Rhineland-Palatinate,Husum,2020-12-27,Excellent
CUST-00365,55,F,Berlin,Lichtenfels,2019-02-15,Fair
CUST-00366,26,F,Bremen,Hünfeld,2023-08-18,Good
CUST-00367,76,F,Hamburg,Konstanz,2016-10-25,Fair
CUST-00368,69,M,Schleswig-Holstein,Regen,2015-08-02,Good
CUST-00369,27,F,Lower Saxony,Crailsheim,2022-12-23,Fair
CUST-00370,52,M,Brandenburg,Eberswalde,2015-12-10,Fair
CUST-00371,39,F,Bremen,Aschaffenburg,2020-10-03,Excellent
CUST-00372,83,F,Baden-Wuerttemberg,Burg,2017-06-28,Fair
CUST-00373,65,F,Bavaria,Goslar,2019-08-27,Excellent
CUST-00374,61,F,Rhineland-Palatinate,Kronach,2019-05-01,Poor
CUST-00375,47,F,Rhineland-Palatinate,Bersenbrück,2015-04-26,Good
CUST-00376,72,M,Thuringia,Biedenkopf,2023-11-16,Excellent
CUST-00377,52,M,Brandenburg,Strasburg,2020-04-19,Fair
CUST-00378,56,M,Saarland,Günzburg,2020-01-12,Good
CUST-00379,61,M,Bavaria,Neuss,2017-11-14,Excellent
CUST-00380,27,M,Hamburg,Roding,2016-03-31,Fair
CUST-00381,20,M,Brandenburg,Bad Mergentheim,2016-05-14,Excellent
CUST-00382,18,F,Bremen,Oberviechtach,2015-09-15,Excellent
CUST-00383,52,F,Bavaria,Burglengenfeld,2022-02-01,Good
CUST-00384,25,M,Hesse,Cloppenburg,2018-04-08,Good
CUST-00385,58,F,Rhineland-Palatinate,Havelberg,2021-05-26,Good
CUST-00386,78,M,Saxony-Anhalt,Jena,2015-10-05,Poor
CUST-00387,38,M,Mecklenburg-Vorpommern,Sangerhausen,2020-04-09,Excellent
CUST-00388,75,F,Saxony-Anhalt,Garmisch-Partenkirchen,2017-11-04,Fair
CUST-00389,49,F,Baden-Wuerttemberg,Lichtenfels,2018-11-13,Excellent
CUST-00390,31,M,Thuringia,Sankt Goar,2016-06-30,Excellent
CUST-00391,49,F,Saxony,Lübeck,2023-09-27,Fair
CUST-00392,33,F,Saxony,Erbisdorf,2016-07-06,Excellent
CUST-00393,36,F,North Rhine-Westphalia,Mainburg,2018-04-16,Excellent
CUST-00394,53,M,North Rhine-Westphalia,Kaiserslautern,2018-07-16,Poor
CUST-00395,43,F,Saarland,Schwäbisch Hall,2017-11-03,Excellent
CUST-00396,34,M,Brandenburg,Coburg,2019-01-02,Fair
CUST-00397,73,M,Thuringia,Fürstenwalde,2018-01-24,Excellent
CUST-00398,54,F,Hamburg,Belzig,2019-06-27,Fair
CUST-00399,47,F,Thuringia,Zerbst,2017-02-04,Good
CUST-00400,34,F,Saxony-Anhalt,Bad Brückenau,2023-12-10,Good
CUST-00401,36,M,Hamburg,Calau,2015-11-20,Good
CUST-00402,25,M,Brandenburg,Eggenfelden,2018-08-08,Excellent
CUST-00403,40,F,Brandenburg,Ludwigslust,2018-06-09,Good
CUST-00404,73,F,Saxony,Burg,2022-09-26,Good
CUST-00405,74,F,North Rhine-Westphalia,Ahaus,2023-02-25,Fair
CUST-00406,52,F,Hamburg,Wittmund,2018-01-29,Good
CUST-00407,75,M,Baden-Wuerttemberg,Gera,2022-07-12,Good
CUST-00408,26,F,Saxony,Neuss,2015-05-08,Excellent
CUST-00409,66,F,North Rhine-Westphalia,Strasburg,2016-06-01,Excellent
CUST-00410,45,F,Saxony-Anhalt,Parsberg,2019-04-18,Poor
CUST-00411,66,M,Hesse,Altötting,2022-08-13,Good
CUST-00412,21,F,Saxony-Anhalt,Dinslaken,2019-12-24,Fair
CUST-00413,78,M,Saxony-Anhalt,Schrobenhausen,2019-06-19,Good
CUST-00414,51,F,Rhineland-Palatinate,Waldmünchen,2016-04-09,Excellent
CUST-00415,45,M,Saarland,Zossen,2020-10-21,Good
CUST-00416,24,M,Schleswig-Holstein,Wanzleben,2023-09-10,Good
CUST-00417,69,F,Berlin,Lübz,2021-11-11,Good
CUST-00418,40,F,Berlin,Roth,2016-05-17,Excellent
CUST-00419,32,M,Bremen,Leipziger Land,2016-12-08,Fair
CUST-00420,23,F,Baden-Wuerttemberg,Spremberg,2022-08-25,Poor
CUST-00421,22,F,Saxony-Anhalt,Bogen,2022-12-16,Excellent
CUST-00422,62,F,Brandenburg,Brandenburg,2016-10-07,Fair
CUST-00423,43,M,Saxony-Anhalt,Höxter,2020-09-14,Excellent
CUST-00424,67,M,Hesse,Dieburg,2017-08-27,Fair
CUST-00425,59,M,Saxony-Anhalt,Bergzabern,2021-03-19,Good
CUST-00426,82,F,Hesse,Altentreptow,2021-11-11,Fair
CUST-00427,27,M,Brandenburg,Schlüchtern,2019-06-19,Poor
CUST-00428,28,F,Hamburg,Gunzenhausen,2023-08-17,Good
CUST-00429,84,M,Hesse,Rehau,2018-07-22,Good
CUST-00430,47,F,Bremen,Potsdam,2022-08-17,Good
CUST-00431,56,M,Saxony,Erbisdorf,2023-08-11,Poor
CUST-00432,32,F,North Rhine-Westphalia,Holzminden,2016-05-23,Good
CUST-00433,48,F,Saxony,Main-Höchst,2016-10-25,Good
CUST-00434,28,M,Saxony-Anhalt,Main-Höchst,2020-10-26,Fair
CUST-00435,50,M,Schleswig-Holstein,Jülich,2017-03-15,Good
CUST-00436,27,F,Hesse,Freudenstadt,2022-01-04,Good
CUST-00437,24,M,Saxony,Magdeburg,2021-08-21,Poor
CUST-00438,71,M,Saxony,Ebersberg,2022-05-22,Good
CUST-00439,21,F,North Rhine-Westphalia,Rostock,2015-04-27,Excellent
CUST-00440,49,F,Berlin,Wismar,2023-08-08,Good
CUST-00441,23,M,Saarland,Schwerin,2022-01-12,Good
CUST-00442,20,F,Saarland,Melle,2017-09-30,Fair
CUST-00443,57,F,Brandenburg,Pößneck,2020-02-01,Excellent
CUST-00444,76,M,Saxony,Wittmund,2019-12-06,Good
CUST-00445,46,F,Berlin,Ebersberg,2018-10-25,Good
CUST-00446,25,F,Thuringia,Norden,2023-03-27,Poor
CUST-00447,58,F,Mecklenburg-Vorpommern,Wolfratshausen,2016-06-19,Fair
CUST-00448,29,M,Thuringia,Kyritz,2017-09-17,Good
CUST-00449,20,F,Bremen,Forchheim,2017-10-12,Excellent
CUST-00450,57,M,Brandenburg,Cuxhaven,2019-04-23,Fair
CUST-00451,57,F,Rhineland-Palatinate,Roth,2016-10-16,Fair
CUST-00452,54,F,Berlin,Borken,2023-07-23,Excellent
CUST-00453,23,F,Saarland,Brand,2018-06-17,Good
CUST-00454,44,M,Mecklenburg-Vorpommern,Erkelenz,2020-09-01,Good
CUST-00455,24,M,Berlin,Sternberg,2021-07-17,Good
CUST-00456,49,M,Brandenburg,Kötzting,2020-07-20,Good
CUST-00457,59,F,Brandenburg,Göttingen,2021-01-07,Excellent
CUST-00458,40,M,Hamburg,Hettstedt,2016-07-02,Fair
CUST-00459,72,F,Mecklenburg-Vorpommern,Mellrichstadt,2019-02-07,Excellent
CUST-00460,61,M,Berlin,Gerolzhofen,2019-01-24,Good
CUST-00461,75,M,Mecklenburg-Vorpommern,Arnstadt,2020-08-27,Good
CUST-00462,27,F,Lower Saxony,Warendorf,2016-06-11,Poor
CUST-00463,79,F,Saxony-Anhalt,Meiningen,2023-11-30,Poor
CUST-00464,75,F,Hesse,Rosenheim,2017-03-26,Good
CUST-00465,22,F,North Rhine-Westphalia,Donaueschingen,2015-07-05,Excellent
CUST-00466,53,F,Saarland,Wesel,2020-10-28,Good
CUST-00467,33,M,Thuringia,Parsberg,2021-11-16,Good
CUST-00468,45,F,Brandenburg,Hohenmölsen,2021-08-28,Good
CUST-00469,66,F,Brandenburg,Bogen,2020-04-29,Fair
CUST-00470,61,F,Thuringia,Mittweida,2022-07-22,Excellent
CUST-00471,65,F,Brandenburg,Stollberg,2023-12-08,Fair
CUST-00472,84,M,Saarland,Warendorf,2017-12-23,Poor
CUST-00473,26,M,North Rhine-Westphalia,Augsburg,2021-07-18,Good
CUST-00474,64,F,Hesse,Parchim,2022-08-20,Excellent
CUST-00475,58,M,Berlin,Ebersberg,2015-03-19,Good
CUST-00476,74,F,Hesse,Pfaffenhofen an der Ilm,2019-08-19,Fair
CUST-00477,27,F,Saarland,Nordhausen,2023-04-02,Fair
CUST-00478,54,M,Berlin,Wetzlar,2021-04-16,Good
CUST-00479,27,F,Mecklenburg-Vorpommern,Zschopau,2018-07-09,Poor
CUST-00480,61,F,Thuringia,Hildesheim,2021-02-15,Good
CUST-00481,40,F,Saarland,Neunburg vorm Wald,2017-02-26,Poor
CUST-00482,63,F,Brandenburg,Schweinfurt,2017-07-10,Poor
CUST-00483,37,F,Brandenburg,Schwäbisch Gmünd,2022-11-27,Excellent
CUST-00484,37,F,Thuringia,Bad Langensalza,2020-05-19,Good
CUST-00485,20,F,Brandenburg,Haldensleben,2016-05-14,Good
CUST-00486,47,F,Mecklenburg-Vorpommern,Bayreuth,2018-11-14,Poor
CUST-00487,40,M,Brandenburg,Zossen,2015-06-22,Good
CUST-00488,85,M,Saxony-Anhalt,Eisleben,2019-12-17,Fair
CUST-00489,31,F,Berlin,Schmölln,2017-04-07,Fair
CUST-00490,56,F,Schleswig-Holstein,Wunsiedel,2016-07-16,Excellent
CUST-00491,70,M,Rhineland-Palatinate,Werdau,2015-07-27,Fair
CUST-00492,58,M,Rhineland-Palatinate,Jena,2015-08-04,Excellent
CUST-00493,41,F,Saarland,Plauen,2016-02-16,Fair
CUST-00494,75,M,Bavaria,Belzig,2021-03-04,Poor
CUST-00495,64,M,Hamburg,Hildburghausen,2022-04-28,Poor
CUST-00496,28,F,Saarland,Vilsbiburg,2022-04-18,Excellent
CUST-00497,76,F,Thuringia,Badalzungen,2018-03-15,Good
CUST-00498,65,M,Rhineland-Palatinate,Eichstätt,2020-12-31,Fair
CUST-00499,40,M,Saxony,Büsingen am Hochrhein,2019-09-08,Fair
CUST-00500,18,M,North Rhine-Westphalia,Pfaffenhofen an der Ilm,2019-06-15,Fair
CUST-00501,25,M,Brandenburg,Göttingen,2015-06-03,Excellent
CUST-00502,81,M,Thuringia,Gardelegen,2018-03-11,Good
CUST-00503,77,F,Hesse,Büsingen am Hochrhein,2020-08-27,Good
CUST-00504,66,M,Lower Saxony,Fürstenwalde,2018-09-16,Excellent
CUST-00505,47,F,Schleswig-Holstein,Kronach,2023-01-22,Excellent
CUST-00506,60,F,Brandenburg,Malchin,2021-05-14,Fair
CUST-00507,65,M,Saxony,Melsungen,2021-11-07,Fair
CUST-00508,24,F,Hamburg,Wunsiedel,2020-10-11,Good
CUST-00509,25,F,Lower Saxony,Scheinfeld,2017-01-26,Poor
CUST-00510,59,F,Thuringia,Emmendingen,2017-10-13,Excellent
CUST-00511,78,F,Rhineland-Palatinate,Bersenbrück,2020-01-04,Fair
CUST-00512,41,F,Brandenburg,Melle,2021-07-13,Fair
CUST-00513,78,M,Schleswig-Holstein,Waren,2022-05-01,Good
CUST-00514,82,M,North Rhine-Westphalia,Weißenfels,2022-06-28,Excellent
CUST-00515,53,F,Saxony,Herzberg,2019-07-19,Fair
CUST-00516,46,F,Lower Saxony,Dieburg,2022-03-01,Poor
CUST-00517,74,F,Saxony-Anhalt,Osterode am Harz,2021-11-22,Excellent
CUST-00518,80,M,Saarland,Pinneberg,2016-09-19,Good
CUST-00519,42,F,Hamburg,Rochlitz,2022-11-15,Good
CUST-00520,60,F,Berlin,Spremberg,2023-07-18,Excellent
CUST-00521,76,M,Bremen,Bayreuth,2020-12-03,Fair
CUST-00522,48,M,Lower Saxony,Gotha,2015-09-10,Fair
CUST-00523,45,M,Hesse,Spremberg,2016-11-04,Good
CUST-00524,67,F,Lower Saxony,Starnberg,2022-08-18,Excellent
CUST-00525,64,F,Baden-Wuerttemberg,Neuss,2020-09-21,Good
CUST-00526,86,M,Bremen,Döbeln,2016-06-24,Good
CUST-00527,27,F,North Rhine-Westphalia,Ochsenfurt,2021-04-07,Good
CUST-00528,47,F,Bavaria,Aachen,2019-06-10,Good
CUST-00529,29,M,Berlin,Borken,2021-06-26,Excellent
CUST-00530,19,F,Saxony-Anhalt,Böblingen,2022-11-08,Excellent
CUST-00531,42,M,Baden-Wuerttemberg,Ebermannstadt,2020-04-17,Excellent
CUST-00532,80,F,Saxony,Kulmbach,2023-08-16,Excellent
CUST-00533,44,F,Saxony-Anhalt,Gelnhausen,2019-04-16,Good
CUST-00534,27,F,Mecklenburg-Vorpommern,Meiningen,2015-11-25,Fair
CUST-00535,79,M,Saxony-Anhalt,Pößneck,2016-04-30,Excellent
CUST-00536,22,F,Hesse,Sternberg,2023-03-01,Poor
CUST-00537,78,M,Bavaria,Fürstenwalde,2018-05-07,Good
CUST-00538,30,F,Mecklenburg-Vorpommern,Gadebusch,2017-07-29,Excellent
CUST-00539,55,F,Hesse,Darmstadt,2018-02-03,Excellent
CUST-00540,55,M,North Rhine-Westphalia,Osterburg,2022-05-28,Good
CUST-00541,66,M,Rhineland-Palatinate,Kamenz,2017-04-24,Excellent
CUST-00542,43,M,Bremen,Kusel,2021-09-14,Fair
CUST-00543,85,M,Rhineland-Palatinate,Kulmbach,2023-04-22,Excellent
CUST-00544,38,F,Rhineland-Palatinate,Göttingen,2021-01-19,Excellent
CUST-00545,53,M,Hesse,Tübingen,2020-08-25,Poor
CUST-00546,60,M,Thuringia,Mallersdorf,2021-06-23,Good
CUST-00547,70,F,Rhineland-Palatinate,Querfurt,2018-05-21,Fair
CUST-00548,38,M,Hamburg,Hofgeismar,2018-05-15,Good
CUST-00549,73,M,Hamburg,Cloppenburg,2021-03-26,Good
CUST-00550,18,F,Mecklenburg-Vorpommern,Hoyerswerda,2023-10-24,Good
CUST-00551,58,F,Hamburg,Wolfach,2016-09-03,Good
CUST-00552,56,M,Saarland,Freising,2017-09-14,Fair
CUST-00553,46,F,Hesse,Amberg,2020-03-11,Poor
CUST-00554,69,F,Hamburg,Ebern,2021-04-01,Good
CUST-00555,22,F,Rhineland-Palatinate,Malchin,2017-11-10,Excellent
CUST-00556,75,M,Bremen,Deggendorf,2019-02-28,Excellent
CUST-00557,54,M,North Rhine-Westphalia,Gotha,2018-01-04,Good
CUST-00558,41,M,Baden-Wuerttemberg,Kelheim,2017-02-09,Fair
CUST-00559,60,M,Saarland,Eckernförde,2017-05-05,Fair
CUST-00560,56,F,Brandenburg,Dinkelsbühl,2015-03-04,Excellent
CUST-00561,45,M,Lower Saxony,Wurzen,2023-05-18,Poor
CUST-00562,82,F,Rhineland-Palatinate,Mühlhausen,2022-10-20,Good
CUST-00563,37,M,Mecklenburg-Vorpommern,Büsingen am Hochrhein,2017-09-07,Good
CUST-00564,24,F,Mecklenburg-Vorpommern,Bergzabern,2020-03-24,Good
CUST-00565,53,F,Brandenburg,Bützow,2017-12-07,Good
CUST-00566,29,F,Bremen,Günzburg,2016-02-08,Fair
CUST-00567,22,F,Thuringia,Wolfratshausen,2017-04-12,Good
CUST-00568,40,F,North Rhine-Westphalia,Merseburg,2021-04-23,Fair
CUST-00569,76,M,Bavaria,Dinslaken,2017-12-04,Good
CUST-00570,31,F,Brandenburg,Fallingbostel,2016-09-16,Excellent
CUST-00571,27,M,Mecklenburg-Vorpommern,Wesel,2021-05-22,Fair
CUST-00572,64,F,Thuringia,Göppingen,2017-11-20,Fair
CUST-00573,52,F,Saarland,Bersenbrück,2020-03-02,Excellent
CUST-00574,55,F,Saxony,Jülich,2016-07-27,Fair
CUST-00575,52,F,Saxony,Wolgast,2021-01-29,Poor
CUST-00576,52,M,North Rhine-Westphalia,Dessau,2015-11-01,Poor
CUST-00577,24,M,Bavaria,Neu-Ulm,2019-08-17,Excellent
CUST-00578,43,M,Baden-Wuerttemberg,Sangerhausen,2022-12-06,Excellent
CUST-00579,41,M,Bremen,Hannover,2019-03-09,Excellent
CUST-00580,21,F,Saarland,Rehau,2015-03-06,Excellent
CUST-00581,32,F,Bavaria,Saarbrücken,2015-03-10,Good
CUST-00582,28,F,Brandenburg,Coburg,2015-03-12,Good
CUST-00583,60,F,Saxony,Lemgo,2016-03-14,Poor
CUST-00584,68,M,Rhineland-Palatinate,Iserlohn,2017-02-25,Good
CUST-00585,20,F,Saxony-Anhalt,Schwäbisch Hall,2017-12-30,Fair
CUST-00586,62,M,Saxony-Anhalt,Regensburg,2019-07-22,Good
CUST-00587,20,M,Rhineland-Palatinate,Calw,2018-05-13,Fair
CUST-00588,75,M,North Rhine-Westphalia,Rothenburg ob der Tauber,2016-01-18,Good
CUST-00589,27,F,Saarland,Leipziger Land,2015-08-18,Good
CUST-00590,33,M,Baden-Wuerttemberg,Ebersberg,2020-08-09,Fair
CUST-00591,85,F,Lower Saxony,Delitzsch,2020-12-03,Poor
CUST-00592,64,M,Berlin,Rastatt,2022-10-06,Fair
CUST-00593,85,F,Schleswig-Holstein,Wittstock,2015-07-10,Poor
CUST-00594,21,F,North Rhine-Westphalia,Bautzen,2017-01-04,Poor
CUST-00595,61,F,Bavaria,Backnang,2017-04-28,Good
CUST-00596,70,F,Baden-Wuerttemberg,Sigmaringen,2018-05-10,Excellent
CUST-00597,80,M,Mecklenburg-Vorpommern,Bautzen,2022-08-05,Fair
CUST-00598,48,F,Mecklenburg-Vorpommern,Saarlouis,2023-06-22,Fair
CUST-00599,46,M,Saxony-Anhalt,Mayen,2015-08-08,Excellent
CUST-00600,52,M,Baden-Wuerttemberg,Altötting,2018-10-27,Good
CUST-00601,54,F,Thuringia,Heinsberg,2015-05-02,Good
CUST-00602,22,F,Saarland,Badoberan,2017-07-23,Good
CUST-00603,80,F,Hamburg,Eisenhüttenstadt,2017-01-30,Fair
CUST-00604,63,F,Baden-Wuerttemberg,Emmendingen,2023-08-29,Good
CUST-00605,36,M,Baden-Wuerttemberg,Miesbach,2015-12-03,Good
CUST-00606,33,F,Hesse,Magdeburg,2023-04-18,Good
CUST-00607,42,F,Lower Saxony,Oberviechtach,2016-01-10,Excellent
CUST-00608,62,F,Bremen,Saarlouis,2019-01-14,Fair
CUST-00609,34,M,Hesse,Bersenbrück,2015-12-24,Excellent
CUST-00610,21,F,Hamburg,Ludwigslust,2016-02-28,Excellent
CUST-00611,40,F,Baden-Wuerttemberg,Rostock,2021-09-11,Good
CUST-00612,59,F,Mecklenburg-Vorpommern,Rochlitz,2015-02-20,Good
CUST-00613,68,F,Baden-Wuerttemberg,Pinneberg,2023-02-16,Poor
CUST-00614,32,M,Saxony,Parchim,2022-09-08,Good
CUST-00615,45,M,Schleswig-Holstein,Schongau,2018-05-18,Good
CUST-00616,76,M,Baden-Wuerttemberg,Lüdenscheid,2016-11-15,Good
CUST-00617,24,F,Brandenburg,Beilngries,2020-06-06,Fair
CUST-00618,83,F,Schleswig-Holstein,Kamenz,2017-10-07,Fair
CUST-00619,84,F,Berlin,Gunzenhausen,2020-02-19,Excellent
CUST-00620,51,F,Bavaria,Fürstenwalde,2019-06-09,Good
CUST-00621,31,F,Thuringia,Badalzungen,2019-12-09,Good
CUST-00622,43,M,Brandenburg,Lichtenfels,2018-08-06,Good
CUST-00623,80,M,Saarland,Hünfeld,2018-07-10,Excellent
CUST-00624,76,F,Thuringia,Arnstadt,2018-04-08,Fair
CUST-00625,21,F,Rhineland-Palatinate,Burgdorf,2018-08-27,Good
CUST-00626,33,F,Saxony-Anhalt,Meppen,2016-04-11,Poor
CUST-00627,25,M,Saxony,Tecklenburg,2022-08-24,Fair
CUST-00628,23,M,Bremen,Coburg,2022-12-11,Excellent
CUST-00629,37,F,Baden-Wuerttemberg,Viechtach,2023-12-04,Fair
CUST-00630,46,F,Hesse,Nauen,2022-02-07,Good
CUST-00631,48,F,Hesse,Dieburg,2023-01-08,Good
CUST-00632,80,F,Baden-Wuerttemberg,Pinneberg,2020-01-14,Poor
CUST-00633,50,F,Mecklenburg-Vorpommern,Perleberg,2020-12-28,Good
CUST-00634,79,F,North Rhine-Westphalia,Göppingen,2023-11-13,Poor
CUST-00635,56,M,Lower Saxony,Lörrach,2023-08-16,Excellent
CUST-00636,27,F,Saxony,Herford,2022-04-04,Good
CUST-00637,77,F,Thuringia,Flöha,2023-12-06,Good
CUST-00638,36,M,Lower Saxony,Hoyerswerda,2017-11-25,Excellent
CUST-00639,59,M,Bremen,Hammelburg,2019-03-13,Good
CUST-00640,28,M,Saxony-Anhalt,Stollberg,2015-04-11,Good
CUST-00641,50,F,Hamburg,Aue,2015-12-18,Excellent
CUST-00642,83,M,Saxony-Anhalt,Fulda,2018-07-01,Good
CUST-00643,77,M,Saarland,Leipziger Land,2018-11-27,Good
CUST-00644,23,F,Bremen,Kusel,2018-07-30,Excellent
CUST-00645,83,M,Lower Saxony,Starnberg,2015-04-03,Fair
CUST-00646,26,M,Saxony,Eggenfelden,2023-04-22,Excellent
CUST-00647,76,M,Saxony,Stuttgart,2018-09-17,Good
CUST-00648,78,F,Rhineland-Palatinate,Siegen,2023-12-12,Good
CUST-00649,25,M,Saxony,Kötzting,2022-03-08,Fair
CUST-00650,69,F,Bavaria,Schwabmünchen,2023-04-09,Good
CUST-00651,55,M,Bremen,Flöha,2021-08-22,Good
CUST-00652,48,M,Berlin,Wittstock,2017-04-22,Good
CUST-00653,46,M,Lower Saxony,Artern,2023-12-19,Fair
CUST-00654,64,M,Saxony-Anhalt,Neustrelitz,2018-08-28,Excellent
CUST-00655,34,M,Schleswig-Holstein,Weimar,2022-07-10,Fair
CUST-00656,29,F,Mecklenburg-Vorpommern,Niesky,2021-11-08,Good
CUST-00657,77,M,Saxony-Anhalt,Kassel,2018-12-12,Fair
CUST-00658,74,M,Brandenburg,München,2021-11-21,Good
CUST-00659,36,M,Thuringia,Neuss,2016-04-27,Excellent
CUST-00660,23,M,Saxony,Dessau,2019-03-10,Fair
CUST-00661,84,F,Hamburg,Guben,2021-09-08,Excellent
CUST-00662,43,F,Hamburg,Neuruppin,2017-01-30,Good
CUST-00663,69,M,Saxony,Potsdam,2020-06-28,Good
CUST-00664,33,M,Thuringia,Säckingen,2020-01-22,Good
CUST-00665,68,F,Bavaria,Melsungen,2020-06-07,Excellent
CUST-00666,22,F,Saarland,Iserlohn,2019-08-03,Fair
CUST-00667,36,F,Bremen,Dieburg,2020-06-24,Excellent
CUST-00668,65,M,Rhineland-Palatinate,Augsburg,2018-04-11,Excellent
CUST-00669,59,M,Brandenburg,Vechta,2016-11-19,Fair
CUST-00670,52,F,Lower Saxony,Grevenbroich,2021-06-03,Excellent
CUST-00671,71,F,North Rhine-Westphalia,Böblingen,2023-07-10,Fair
CUST-00672,71,M,Hamburg,Sulzbach-Rosenberg,2016-02-24,Fair
CUST-00673,86,M,Brandenburg,Melle,2015-05-13,Good
CUST-00674,49,F,Baden-Wuerttemberg,Helmstedt,2019-12-04,Fair
CUST-00675,66,M,Rhineland-Palatinate,Rothenburg ob der Tauber,2017-05-09,Fair
CUST-00676,39,F,Hamburg,Sulzbach-Rosenberg,2016-11-10,Good
CUST-00677,73,M,Berlin,Bad Freienwalde,2015-09-01,Good
CUST-00678,46,F,Saxony,Sebnitz,2018-08-18,Poor
CUST-00679,27,F,Brandenburg,Aschaffenburg,2021-06-03,Good
CUST-00680,38,M,Hesse,Mellrichstadt,2023-05-31,Fair
CUST-00681,55,M,Schleswig-Holstein,Geldern,2022-05-10,Excellent
CUST-00682,70,M,Rhineland-Palatinate,Bad Brückenau,2016-08-22,Fair
CUST-00683,33,M,Mecklenburg-Vorpommern,Peine,2020-06-27,Excellent
CUST-00684,32,F,Hamburg,Pasewalk,2019-03-17,Good
CUST-00685,85,M,Mecklenburg-Vorpommern,Saarlouis,2020-10-12,Fair
CUST-00686,57,F,Bremen,Burg,2020-06-22,Good
CUST-00687,74,M,Baden-Wuerttemberg,Saulgau,2023-03-13,Poor
CUST-00688,37,F,Baden-Wuerttemberg,Viechtach,2023-12-04,Good
CUST-00689,45,M,Hamburg,Zossen,2017-05-17,Good
CUST-00690,26,F,Brandenburg,Düren,2018-10-15,Good
CUST-00691,19,M,Saarland,Backnang,2023-11-03,Good
CUST-00692,53,M,North Rhine-Westphalia,Mayen,2016-02-12,Good
CUST-00693,68,F,Bavaria,Bernburg,2016-05-23,Poor
CUST-00694,59,M,Bremen,Badibling,2020-02-13,Excellent
CUST-00695,45,F,Berlin,Wolmirstedt,2022-09-21,Poor
CUST-00696,56,F,Saxony,Aachen,2018-01-27,Excellent
CUST-00697,37,F,Schleswig-Holstein,Eggenfelden,2015-12-04,Good
CUST-00698,46,M,North Rhine-Westphalia,Waren,2019-06-12,Good
CUST-00699,36,M,Hamburg,Merseburg,2022-05-08,Excellent
CUST-00700,46,M,Bavaria,Mettmann,2017-05-24,Good
CUST-00701,42,M,Rhineland-Palatinate,Werdau,2020-10-28,Fair
CUST-00702,84,M,Bavaria,Fallingbostel,2022-10-20,Good
CUST-00703,22,M,Hamburg,Siegen,2022-10-13,Excellent
CUST-00704,66,M,Rhineland-Palatinate,Kelheim,2019-04-19,Excellent
CUST-00705,38,M,Lower Saxony,Duderstadt,2018-07-07,Good
CUST-00706,35,F,Hesse,Schwabmünchen,2019-04-17,Fair
CUST-00707,38,M,Hesse,Kusel,2015-10-08,Good
CUST-00708,38,M,Saxony,Mayen,2019-12-08,Good
CUST-00709,70,M,Hesse,Eisenberg,2019-08-14,Good
CUST-00710,83,F,Berlin,Reutlingen,2015-12-22,Fair
CUST-00711,34,M,Lower Saxony,Merseburg,2021-08-11,Fair
CUST-00712,27,F,Hamburg,Wolfach,2018-07-12,Fair
CUST-00713,63,M,Schleswig-Holstein,Brand,2022-03-25,Excellent
CUST-00714,44,F,Bavaria,Neustadtner Waldnaab,2022-05-20,Fair
CUST-00715,51,M,Berlin,Demmin,2023-05-22,Good
CUST-00716,32,M,Rhineland-Palatinate,Donaueschingen,2020-07-20,Good
CUST-00717,20,M,Saarland,Zossen,2022-02-26,Good
CUST-00718,71,M,Saxony-Anhalt,Eisenach,2018-07-20,Excellent
CUST-00719,61,F,Saxony-Anhalt,Bad Langensalza,2021-02-15,Fair
CUST-00720,25,F,Baden-Wuerttemberg,Emmendingen,2015-03-10,Good
CUST-00721,85,M,Schleswig-Holstein,Weißenfels,2017-06-02,Excellent
CUST-00722,53,M,Mecklenburg-Vorpommern,Marktheidenfeld,2020-09-06,Good
CUST-00723,79,F,Hamburg,Staßfurt,2022-11-14,Good
CUST-00724,75,M,Schleswig-Holstein,Eisenach,2015-12-09,Good
CUST-00725,20,M,Hesse,Cuxhaven,2021-01-06,Good
CUST-00726,18,M,Brandenburg,Grevenbroich,2022-11-01,Good
CUST-00727,66,M,North Rhine-Westphalia,Regensburg,2017-09-28,Excellent
CUST-00728,41,F,Lower Saxony,Norden,2020-02-01,Good
CUST-00729,45,M,Brandenburg,Schweinfurt,2022-06-21,Fair
CUST-00730,77,M,Lower Saxony,Torgau,2015-02-21,Fair
CUST-00731,29,M,Saxony,Regen,2020-07-26,Poor
CUST-00732,73,F,Saxony,Tirschenreuth,2019-03-04,Excellent
CUST-00733,42,F,Lower Saxony,Holzminden,2023-08-26,Fair
CUST-00734,51,F,Hamburg,München,2018-01-19,Good
CUST-00735,44,F,Baden-Wuerttemberg,Stollberg,2020-07-25,Good
CUST-00736,43,F,North Rhine-Westphalia,Merseburg,2020-08-08,Fair
CUST-00737,22,M,Saxony-Anhalt,Emmendingen,2016-10-06,Good
CUST-00738,78,M,Lower Saxony,Stadtroda,2017-07-24,Fair
CUST-00739,63,M,North Rhine-Westphalia,Coburg,2015-02-20,Excellent
CUST-00740,52,F,Saxony-Anhalt,Saarbrücken,2019-04-18,Poor
CUST-00741,48,M,North Rhine-Westphalia,Mayen,2021-03-14,Fair
CUST-00742,51,F,Rhineland-Palatinate,Luckenwalde,2018-08-11,Excellent
CUST-00743,78,F,Schleswig-Holstein,Stendal,2015-11-16,Good
CUST-00744,81,M,North Rhine-Westphalia,Schwarzenberg,2017-01-04,Excellent
CUST-00745,72,M,Mecklenburg-Vorpommern,Säckingen,2015-10-10,Fair
CUST-00746,60,F,Brandenburg,Demmin,2018-09-02,Excellent
CUST-00747,74,F,Bavaria,Oberviechtach,2019-02-20,Excellent
CUST-00748,38,F,Rhineland-Palatinate,Staßfurt,2020-03-15,Good
CUST-00749,80,F,Berlin,Beeskow,2023-03-20,Poor
CUST-00750,56,M,Hesse,Parsberg,2015-01-27,Poor
CUST-00751,28,M,Rhineland-Palatinate,Borna,2021-01-27,Good
CUST-00752,83,M,Thuringia,Pfaffenhofen an der Ilm,2015-01-06,Fair
CUST-00753,19,F,Brandenburg,Nauen,2016-03-01,Excellent
CUST-00754,47,M,Hamburg,Euskirchen,2020-07-08,Poor
CUST-00755,63,M,Schleswig-Holstein,Eisenberg,2016-01-17,Excellent
CUST-00756,29,M,Hamburg,Stadtsteinach,2022-11-10,Fair
CUST-00757,52,F,Baden-Wuerttemberg,Oschatz,2021-07-06,Excellent
CUST-00758,41,M,Mecklenburg-Vorpommern,Wernigerode,2015-11-03,Good
CUST-00759,58,M,Hamburg,Lemgo,2022-06-06,Poor
CUST-00760,38,M,Brandenburg,Schwandorf,2017-12-05,Fair
CUST-00761,39,F,Thuringia,Weißenfels,2018-07-26,Good
CUST-00762,19,M,Baden-Wuerttemberg,Wolfenbüttel,2017-04-10,Excellent
CUST-00763,71,M,Hesse,Artern,2016-03-08,Excellent
CUST-00764,21,F,Thuringia,Hansestadttralsund,2019-07-24,Excellent
CUST-00765,37,F,Berlin,Rostock,2020-01-26,Good
CUST-00766,19,F,Lower Saxony,Bad Mergentheim,2016-01-06,Excellent
CUST-00767,36,F,North Rhine-Westphalia,Melle,2017-05-30,Fair
CUST-00768,67,F,Hesse,Roding,2016-01-09,Fair
CUST-00769,26,F,Mecklenburg-Vorpommern,Groß-Gerau,2020-10-04,Excellent
CUST-00770,36,F,Schleswig-Holstein,Sömmerda,2016-12-13,Excellent
CUST-00771,50,F,Bremen,Perleberg,2021-03-27,Fair
CUST-00772,47,M,Lower Saxony,Lüdenscheid,2020-03-07,Excellent
CUST-00773,31,M,Lower Saxony,Heinsberg,2015-02-18,Excellent
CUST-00774,46,M,Hesse,Schongau,2017-03-22,Fair
CUST-00775,79,F,Baden-Wuerttemberg,Hagenow,2021-07-13,Good
CUST-00776,32,M,Bavaria,Gütersloh,2015-09-22,Excellent
CUST-00777,67,F,Hesse,Kemnath,2016-01-12,Poor
CUST-00778,26,F,Lower Saxony,Hagenow,2015-06-24,Poor
CUST-00779,42,M,Saxony,Senftenberg,2021-06-08,Good
CUST-00780,49,F,Saarland,Bergzabern,2015-05-01,Good
CUST-00781,32,F,Saxony,Moers,2018-12-20,Excellent
CUST-00782,72,M,Schleswig-Holstein,Mallersdorf,2018-02-20,Good
CUST-00783,31,M,North Rhine-Westphalia,Griesbach Rottal,2021-11-20,Good
CUST-00784,23,M,Brandenburg,Starnberg,2020-08-05,Good
CUST-00785,71,F,North Rhine-Westphalia,Bremervörde,2015-12-26,Good
CUST-00786,74,M,Hamburg,Arnstadt,2017-03-27,Good
CUST-00787,73,M,Bavaria,Donaueschingen,2019-04-16,Fair
CUST-00788,69,F,Saarland,Calw,2021-02-08,Fair
CUST-00789,59,F,Thuringia,Bad Kissingen,2019-05-10,Good
CUST-00790,18,M,Thuringia,Hettstedt,2021-09-11,Excellent
CUST-00791,69,F,North Rhine-Westphalia,Schweinfurt,2020-04-16,Good
CUST-00792,34,M,Saxony,Jessen,2016-02-15,Excellent
CUST-00793,24,M,Schleswig-Holstein,Gardelegen,2020-12-25,Fair
CUST-00794,53,M,Rhineland-Palatinate,Sebnitz,2021-06-16,Fair
CUST-00795,42,F,Saxony-Anhalt,Emmendingen,2016-12-12,Excellent
CUST-00796,69,F,Saxony-Anhalt,Kamenz,2021-08-20,Excellent
CUST-00797,38,F,Hesse,Jena,2021-04-25,Poor
CUST-00798,83,F,Brandenburg,Schlüchtern,2016-12-20,Good
CUST-00799,78,M,North Rhine-Westphalia,Kleve,2017-08-10,Good
CUST-00800,37,M,Saarland,Büsingen am Hochrhein,2015-01-03,Good
CUST-00801,46,M,Hesse,Spremberg,2018-10-27,Fair
CUST-00802,74,F,North Rhine-Westphalia,Werdau,2015-03-31,Excellent
CUST-00803,46,M,Lower Saxony,Grimmen,2020-11-25,Fair
CUST-00804,59,M,Saxony-Anhalt,Sankt Goarshausen,2022-11-25,Poor
CUST-00805,42,F,Lower Saxony,Grimma,2018-10-10,Good
CUST-00806,64,M,Saxony,Konstanz,2023-03-19,Poor
CUST-00807,73,F,Thuringia,Mainburg,2016-12-14,Fair
CUST-00808,67,F,Rhineland-Palatinate,Bad Langensalza,2022-06-19,Good
CUST-00809,51,M,Mecklenburg-Vorpommern,Gerolzhofen,2018-06-10,Fair
CUST-00810,78,F,Hesse,Angermünde,2016-12-28,Fair
CUST-00811,75,F,North Rhine-Westphalia,Schmölln,2017-01-15,Good
CUST-00812,82,M,Lower Saxony,Soltau,2020-07-25,Excellent
CUST-00813,68,M,Rhineland-Palatinate,Erkelenz,2018-11-21,Poor
CUST-00814,23,M,Baden-Wuerttemberg,Bad Freienwalde,2022-12-13,Fair
CUST-00815,38,F,Bremen,Hammelburg,2015-02-16,Good
CUST-00816,20,M,Baden-Wuerttemberg,Stuttgart,2018-12-06,Good
CUST-00817,37,M,Bavaria,Ueckermünde,2015-07-17,Good
CUST-00818,58,F,Saxony,Bremen,2019-08-23,Good
CUST-00819,48,F,Saxony-Anhalt,Erfurt,2021-02-14,Good
CUST-00820,29,F,Rhineland-Palatinate,Herzberg,2016-10-28,Good
CUST-00821,28,M,Brandenburg,Pfaffenhofen an der Ilm,2015-03-24,Good
CUST-00822,38,M,Baden-Wuerttemberg,Schwarzenberg,2018-11-01,Excellent
CUST-00823,40,F,Saxony,Eilenburg,2023-03-18,Excellent
CUST-00824,61,M,Thuringia,Fallingbostel,2021-08-30,Poor
CUST-00825,74,F,Bavaria,Gräfenhainichen,2019-11-02,Poor
CUST-00826,53,M,Hamburg,Grevenbroich,2016-10-05,Excellent
CUST-00827,41,F,Berlin,Roding,2017-02-17,Good
CUST-00828,43,F,Brandenburg,Borna,2018-05-03,Excellent
CUST-00829,62,M,Mecklenburg-Vorpommern,Zschopau,2021-05-30,Good
CUST-00830,42,F,Hesse,Dieburg,2015-08-12,Good
CUST-00831,64,F,Baden-Wuerttemberg,Artern,2018-04-21,Fair
CUST-00832,51,F,Berlin,Duderstadt,2016-02-02,Excellent
CUST-00833,57,M,Brandenburg,Wanzleben,2015-12-02,Good
CUST-00834,78,M,Brandenburg,Wolfratshausen,2023-10-20,Good
CUST-00835,22,F,Schleswig-Holstein,Bayreuth,2016-01-09,Good
CUST-00836,71,F,Saxony,Soltau,2019-02-28,Fair
CUST-00837,79,F,Saxony,Jena,2019-12-31,Excellent
CUST-00838,29,F,Bremen,Regensburg,2017-12-14,Excellent
CUST-00839,37,F,North Rhine-Westphalia,Mettmann,2016-09-11,Fair
CUST-00840,60,M,Baden-Wuerttemberg,Warendorf,2022-06-29,Good
CUST-00841,83,F,Rhineland-Palatinate,Wolgast,2021-03-17,Excellent
CUST-00842,66,F,Hamburg,Nordhausen,2021-01-02,Fair
CUST-00843,61,F,Rhineland-Palatinate,Lichtenfels,2020-05-04,Good
CUST-00844,51,F,North Rhine-Westphalia,Nabburg,2020-08-18,Good
CUST-00845,33,M,Lower Saxony,Grevesmühlen,2023-06-29,Good
CUST-00846,24,M,Berlin,Wurzen,2017-02-28,Excellent
CUST-00847,69,F,Baden-Wuerttemberg,Büsingen am Hochrhein,2022-08-30,Good
CUST-00848,36,M,Schleswig-Holstein,Schwarzenberg,2018-08-02,Poor
CUST-00849,31,M,Baden-Wuerttemberg,Nordhausen,2019-05-09,Good
CUST-00850,38,F,Schleswig-Holstein,Flöha,2020-10-29,Good
CUST-00851,51,M,Hamburg,Bitterfeld,2016-04-05,Good
CUST-00852,81,M,Lower Saxony,Rosenheim,2016-03-08,Good
CUST-00853,19,M,Brandenburg,Sondershausen,2021-01-02,Fair
CUST-00854,85,F,Schleswig-Holstein,Vilsbiburg,2019-04-18,Fair
CUST-00855,82,F,North Rhine-Westphalia,Zerbst,2016-12-06,Good
CUST-00856,79,M,Mecklenburg-Vorpommern,Bad Kreuznach,2015-06-08,Good
CUST-00857,56,F,Rhineland-Palatinate,Bautzen,2015-07-21,Fair
CUST-00858,63,F,Saxony-Anhalt,Vohenstrauß,2015-03-24,Good
CUST-00859,20,F,Brandenburg,Schongau,2018-02-22,Fair
CUST-00860,83,M,Rhineland-Palatinate,Deggendorf,2016-07-04,Good
CUST-00861,38,F,Thuringia,Sulzbach-Rosenberg,2018-01-08,Fair
CUST-00862,81,M,Berlin,Weißwasser,2019-12-15,Excellent
CUST-00863,27,F,Saarland,Calw,2023-07-08,Good
CUST-00864,34,F,North Rhine-Westphalia,Gotha,2020-10-11,Fair
CUST-00865,54,M,Brandenburg,Querfurt,2022-12-16,Good
CUST-00866,40,M,Bavaria,Neunburg vorm Wald,2016-12-12,Excellent
CUST-00867,59,M,North Rhine-Westphalia,Wiedenbrück,2017-10-18,Excellent
CUST-00868,33,M,Saxony-Anhalt,Ribnitz-Damgarten,2022-11-26,Excellent
CUST-00869,23,F,Bremen,Lippstadt,2020-08-30,Good
CUST-00870,73,M,Bavaria,Greifswald,2017-09-17,Good
CUST-00871,67,F,Saxony,Mellrichstadt,2020-04-27,Good
CUST-00872,32,F,Saxony-Anhalt,Tirschenreuth,2016-10-31,Fair
CUST-00873,58,F,Baden-Wuerttemberg,Schweinfurt,2018-03-13,Excellent
CUST-00874,52,M,Saxony,Wismar,2021-06-01,Fair
CUST-00875,45,M,Rhineland-Palatinate,Torgau,2022-04-05,Excellent
CUST-00876,56,M,Schleswig-Holstein,Tecklenburg,2022-04-22,Good
CUST-00877,70,M,Bavaria,Sonneberg,2020-04-25,Poor
CUST-00878,37,M,Bavaria,Sebnitz,2017-07-05,Good
CUST-00879,49,F,Schleswig-Holstein,Regensburg,2019-10-02,Fair
CUST-00880,42,F,Bremen,Dessau,2017-10-29,Excellent
CUST-00881,65,F,Mecklenburg-Vorpommern,Apolda,2021-07-22,Excellent
CUST-00882,27,F,Brandenburg,Backnang,2018-05-07,Fair
CUST-00883,78,F,Baden-Wuerttemberg,Calau,2018-10-09,Poor
CUST-00884,79,F,Schleswig-Holstein,Eggenfelden,2017-12-05,Fair
CUST-00885,44,F,Berlin,Neunburg vorm Wald,2016-09-06,Good
CUST-00886,63,M,North Rhine-Westphalia,Schwabmünchen,2023-12-31,Fair
CUST-00887,84,F,Thuringia,Soest,2022-08-20,Excellent
CUST-00888,24,M,Saarland,Freital,2018-04-25,Good
CUST-00889,75,F,Mecklenburg-Vorpommern,Groß-Gerau,2019-05-10,Fair
CUST-00890,57,M,Thuringia,Göttingen,2023-02-23,Fair
CUST-00891,30,F,Saxony-Anhalt,Suhl,2020-09-08,Good
CUST-00892,71,M,Saxony,Rathenow,2018-04-18,Excellent
CUST-00893,34,M,Schleswig-Holstein,Hildburghausen,2023-02-18,Fair
CUST-00894,69,M,Thuringia,Calw,2022-05-04,Excellent
CUST-00895,21,F,Rhineland-Palatinate,Hannoversch Münden,2023-05-07,Fair
CUST-00896,36,F,Thuringia,Bremervörde,2019-03-03,Good
CUST-00897,80,F,Bremen,Mühlhausen,2016-04-27,Good
CUST-00898,45,M,Saarland,Wolfratshausen,2017-03-07,Good
CUST-00899,82,F,Brandenburg,Konstanz,2019-08-20,Excellent
CUST-00900,29,M,Hesse,Rochlitz,2017-03-31,Good
CUST-00901,57,F,Hesse,Ahaus,2018-07-19,Fair
CUST-00902,53,M,Baden-Wuerttemberg,Säckingen,2020-06-20,Good
CUST-00903,23,M,Thuringia,Biedenkopf,2022-02-11,Excellent
CUST-00904,79,F,Schleswig-Holstein,Lörrach,2017-05-07,Fair
CUST-00905,70,M,Saxony,Saarlouis,2020-06-28,Fair
CUST-00906,51,M,Hesse,Jülich,2021-11-21,Good
CUST-00907,29,F,Mecklenburg-Vorpommern,Lüdenscheid,2019-10-24,Poor
CUST-00908,83,F,Bavaria,Gerolzhofen,2015-06-04,Good
CUST-00909,66,F,Bavaria,Crailsheim,2018-08-12,Fair
CUST-00910,54,M,Bavaria,Rothenburg ob der Tauber,2022-08-03,Excellent
CUST-00911,69,M,Rhineland-Palatinate,Hammelburg,2022-10-11,Fair
CUST-00912,49,F,Hesse,Rathenow,2016-02-25,Good
CUST-00913,59,F,Saxony,Osterode am Harz,2015-09-25,Fair
CUST-00914,18,F,Brandenburg,Donaueschingen,2020-02-11,Fair
CUST-00915,83,F,Hamburg,Zerbst,2022-09-14,Poor
CUST-00916,27,F,Saarland,Grevenbroich,2019-01-11,Fair
CUST-00917,67,M,Mecklenburg-Vorpommern,Bruchsal,2015-03-20,Excellent
CUST-00918,25,M,Berlin,Rehau,2023-03-26,Excellent
CUST-00919,80,M,Lower Saxony,Eutin,2019-02-10,Fair
CUST-00920,84,M,Mecklenburg-Vorpommern,Biedenkopf,2022-03-07,Good
CUST-00921,42,M,North Rhine-Westphalia,Ochsenfurt,2022-06-04,Excellent
CUST-00922,78,M,North Rhine-Westphalia,Uffenheim,2022-09-26,Excellent
CUST-00923,36,F,Mecklenburg-Vorpommern,Bad Brückenau,2016-05-21,Good
CUST-00924,81,F,Hesse,Borna,2017-04-21,Fair
CUST-00925,44,M,Brandenburg,Eberswalde,2019-09-20,Fair
CUST-00926,35,F,Hesse,Schwäbisch Gmünd,2019-09-12,Fair
CUST-00927,84,M,Lower Saxony,Luckau,2018-03-03,Excellent
CUST-00928,25,M,Saarland,Mainburg,2017-03-24,Good
CUST-00929,50,F,Berlin,Bad Kreuznach,2019-01-06,Fair
CUST-00930,25,F,Saxony,Parchim,2015-06-11,Good
CUST-00931,83,M,Saarland,Hohenmölsen,2018-09-16,Excellent
CUST-00932,65,M,Baden-Wuerttemberg,Eisleben,2016-03-28,Fair
CUST-00933,52,F,Hesse,Saulgau,2016-01-04,Fair
CUST-00934,34,M,Lower Saxony,Osterode am Harz,2017-11-14,Good
CUST-00935,77,F,Brandenburg,Düren,2017-12-17,Good
CUST-00936,74,M,Saxony,Schlüchtern,2015-06-11,Fair
CUST-00937,32,F,Thuringia,Gerolzhofen,2019-10-11,Fair
CUST-00938,81,M,North Rhine-Westphalia,Weißenfels,2015-02-09,Fair
CUST-00939,82,M,Thuringia,Biedenkopf,2019-01-04,Fair
CUST-00940,46,F,Baden-Wuerttemberg,Lichtenfels,2019-03-07,Fair
CUST-00941,74,M,Lower Saxony,Beeskow,2019-06-30,Good
CUST-00942,82,F,Schleswig-Holstein,Badibling,2019-04-29,Fair
CUST-00943,39,F,Hamburg,Waldmünchen,2022-04-11,Fair
CUST-00944,62,M,Lower Saxony,Wanzleben,2016-06-26,Fair
CUST-00945,58,M,Saxony,Duderstadt,2016-02-29,Good
CUST-00946,47,F,Bremen,Scheinfeld,2017-01-12,Good
CUST-00947,20,F,Bavaria,Iserlohn,2022-09-04,Fair
CUST-00948,39,M,Saarland,Waldmünchen,2020-06-22,Excellent
CUST-00949,64,F,Bremen,Senftenberg,2015-07-08,Excellent
CUST-00950,75,F,Bavaria,Hansestadttralsund,2022-11-25,Fair
CUST-00951,48,M,Thuringia,Meiningen,2020-10-27,Good
CUST-00952,85,M,Hamburg,Herzberg,2022-06-03,Fair
CUST-00953,58,F,Saxony-Anhalt,Dachau,2022-06-11,Fair
CUST-00954,37,F,Hesse,Sömmerda,2021-04-05,Fair
CUST-00955,75,M,Bavaria,Wernigerode,2022-03-20,Poor
CUST-00956,28,F,Saarland,Waldmünchen,2016-11-08,Excellent
CUST-00957,84,F,Thuringia,Badibling,2017-09-13,Good
CUST-00958,32,F,North Rhine-Westphalia,Brandenburg,2020-09-07,Excellent
CUST-00959,44,F,Mecklenburg-Vorpommern,Scheinfeld,2017-08-20,Excellent
CUST-00960,48,F,Bremen,Erding,2015-12-27,Fair
CUST-00961,25,F,Thuringia,Hainichen,2016-05-01,Poor
CUST-00962,58,M,Lower Saxony,Eisenberg,2019-07-11,Good
CUST-00963,64,M,Baden-Wuerttemberg,Neustadtner Waldnaab,2023-11-18,Good
CUST-00964,21,F,Berlin,Magdeburg,2022-05-05,Fair
CUST-00965,62,F,Saxony-Anhalt,Vechta,2015-08-11,Fair
CUST-00966,53,F,Thuringia,Monschau,2021-04-13,Fair
CUST-00967,38,F,Saxony-Anhalt,Bad Langensalza,2023-01-11,Good
CUST-00968,43,M,Rhineland-Palatinate,Illertissen,2015-01-09,Good
CUST-00969,47,F,Saxony-Anhalt,Kaiserslautern,2022-11-15,Excellent
CUST-00970,44,M,Saarland,Lemgo,2016-07-29,Fair
CUST-00971,82,F,Lower Saxony,Delitzsch,2017-11-07,Good
CUST-00972,40,M,Lower Saxony,Karlsruhe,2019-05-29,Excellent
CUST-00973,81,M,Thuringia,Freital,2016-03-17,Fair
CUST-00974,67,M,Lower Saxony,Mettmann,2023-08-29,Fair
CUST-00975,47,F,Hesse,Weißenfels,2020-08-05,Excellent
CUST-00976,69,M,Hamburg,Norden,2021-07-24,Good
CUST-00977,45,M,Saxony,Marktheidenfeld,2023-03-12,Fair
CUST-00978,39,M,Mecklenburg-Vorpommern,Waldmünchen,2022-05-17,Good
CUST-00979,73,F,Mecklenburg-Vorpommern,Dieburg,2019-09-11,Poor
CUST-00980,48,M,Schleswig-Holstein,Bogen,2019-06-18,Poor
CUST-00981,54,F,Bremen,Potsdam,2016-06-30,Excellent
CUST-00982,31,F,Thuringia,Hohenstein-Ernstthal,2022-12-25,Fair
CUST-00983,45,M,Berlin,Rudolstadt,2017-05-08,Good
CUST-00984,27,F,Saxony-Anhalt,Iserlohn,2022-07-17,Excellent
CUST-00985,40,M,Thuringia,Wunsiedel,2022-12-19,Excellent
CUST-00986,83,F,Saarland,Wolfenbüttel,2021-07-15,Good
CUST-00987,75,F,Brandenburg,Böblingen,2019-09-27,Fair
CUST-00988,53,M,Bavaria,Biedenkopf,2019-04-10,Excellent
CUST-00989,83,M,Berlin,Füssen,2017-12-29,Fair
CUST-00990,33,M,Brandenburg,Meppen,2022-08-31,Good
CUST-00991,24,M,Brandenburg,Aschaffenburg,2017-04-15,Fair
CUST-00992,83,M,Saxony-Anhalt,Fulda,2020-01-28,Excellent
CUST-00993,80,M,Mecklenburg-Vorpommern,Schmölln,2017-08-31,Good
CUST-00994,32,F,North Rhine-Westphalia,Mühldorf am Inn,2019-04-12,Good
CUST-00995,23,F,North Rhine-Westphalia,Kaiserslautern,2015-02-23,Fair
CUST-00996,63,M,Bremen,Angermünde,2017-07-12,Poor
CUST-00997,73,F,Berlin,Anklam,2023-09-15,Fair
CUST-00998,27,M,Brandenburg,Zschopau,2020-01-13,Excellent
CUST-00999,38,M,Saxony,Peine,2016-12-12,Fair
CUST-01000,60,M,Mecklenburg-Vorpommern,Tübingen,2015-06-16,Good
CUST-01001,46,F,Hesse,Schwarzenberg,2016-10-21,Good
CUST-01002,40,F,Bavaria,Reutlingen,2018-09-15,Good
CUST-01003,76,M,North Rhine-Westphalia,Mettmann,2016-09-21,Poor
CUST-01004,58,M,Brandenburg,Arnstadt,2020-07-02,Fair
CUST-01005,66,F,Baden-Wuerttemberg,Bruchsal,2023-10-17,Fair
CUST-01006,31,M,Saxony,Hannover,2020-11-02,Excellent
CUST-01007,23,M,Hamburg,Eckernförde,2021-02-02,Good
CUST-01008,60,M,Saxony-Anhalt,Belzig,2017-06-25,Fair
CUST-01009,52,F,Thuringia,Senftenberg,2019-01-17,Good
CUST-01010,29,F,Bavaria,Hammelburg,2016-04-14,Fair
CUST-01011,75,F,Rhineland-Palatinate,Zerbst,2022-03-15,Good
CUST-01012,34,M,North Rhine-Westphalia,Gotha,2022-08-27,Fair
CUST-01013,58,F,Lower Saxony,Hannover,2019-04-30,Good
CUST-01014,55,F,Bavaria,Grimma,2020-10-18,Fair
CUST-01015,19,F,Bremen,Hannover,2020-06-16,Excellent
CUST-01016,19,M,Thuringia,Kamenz,2020-10-05,Excellent
CUST-01017,59,M,Saxony,Sulzbach-Rosenberg,2023-09-03,Good
CUST-01018,57,M,Baden-Wuerttemberg,Wernigerode,2017-05-13,Fair
CUST-01019,58,M,Hamburg,Schwäbisch Hall,2016-03-01,Excellent
CUST-01020,40,F,Baden-Wuerttemberg,Germersheim,2023-05-18,Fair
CUST-01021,72,M,Bremen,Ludwigslust,2023-01-15,Good
CUST-01022,85,M,Baden-Wuerttemberg,Duderstadt,2015-08-11,Excellent
CUST-01023,50,F,Baden-Wuerttemberg,Eckernförde,2021-06-13,Fair
CUST-01024,29,F,Hamburg,Bremen,2019-05-09,Good
CUST-01025,76,F,Hamburg,Main-Höchst,2018-07-19,Excellent
CUST-01026,29,M,Bavaria,Viechtach,2022-03-12,Fair
CUST-01027,33,M,North Rhine-Westphalia,Neuss,2022-11-10,Fair
CUST-01028,27,F,Lower Saxony,Böblingen,2018-04-02,Fair
CUST-01029,56,F,Baden-Wuerttemberg,Eutin,2018-02-27,Fair
CUST-01030,36,F,Mecklenburg-Vorpommern,Mainburg,2019-06-07,Fair
CUST-01031,82,M,Saarland,Mainburg,2016-10-02,Good
CUST-01032,31,M,Mecklenburg-Vorpommern,Monschau,2023-12-08,Fair
CUST-01033,73,F,Hesse,Husum,2018-05-05,Fair
CUST-01034,34,F,Bavaria,Schmölln,2021-03-17,Fair
CUST-01035,47,M,Lower Saxony,Kitzingen,2015-06-21,Excellent
CUST-01036,78,F,Baden-Wuerttemberg,Pirmasens,2018-06-02,Excellent
CUST-01037,68,F,Berlin,Jüterbog,2019-08-18,Poor
CUST-01038,39,M,Saxony,Guben,2017-01-23,Excellent
CUST-01039,78,F,Berlin,Potsdam,2016-04-14,Excellent
CUST-01040,78,M,Bremen,Eichstätt,2022-03-25,Good
CUST-01041,53,F,Baden-Wuerttemberg,Güstrow,2017-10-23,Excellent
CUST-01042,49,F,Thuringia,Nürtingen,2019-01-02,Excellent
CUST-01043,31,M,Lower Saxony,Kleve,2018-03-13,Good
CUST-01044,69,M,Thuringia,Eggenfelden,2020-06-13,Good
CUST-01045,43,F,Hesse,Weißwasser,2021-05-05,Good
CUST-01046,56,F,Hamburg,Rostock,2016-11-21,Excellent
CUST-01047,56,M,Rhineland-Palatinate,Büsingen am Hochrhein,2022-12-27,Fair
CUST-01048,43,F,Schleswig-Holstein,Berlin,2019-01-12,Excellent
CUST-01049,69,F,Saarland,Fulda,2020-03-10,Good
CUST-01050,22,F,Saarland,Germersheim,2021-03-09,Excellent
CUST-01051,72,M,Schleswig-Holstein,Amberg,2016-07-27,Fair
CUST-01052,75,M,Schleswig-Holstein,Starnberg,2023-03-24,Fair
CUST-01053,25,M,Baden-Wuerttemberg,Eilenburg,2015-03-18,Fair
CUST-01054,82,M,Mecklenburg-Vorpommern,Senftenberg,2023-08-17,Good
CUST-01055,47,M,Schleswig-Holstein,Torgau,2021-02-04,Fair
CUST-01056,82,F,Hesse,Neustrelitz,2019-02-07,Good
CUST-01057,23,F,Hesse,Wolfach,2020-03-18,Good
CUST-01058,68,M,Mecklenburg-Vorpommern,Mühlhausen,2019-01-30,Good
CUST-01059,23,M,Saxony,Geithain,2023-06-29,Good
CUST-01060,42,F,Saxony,Grimma,2017-01-03,Good
CUST-01061,83,M,Saarland,München,2019-01-09,Excellent
CUST-01062,59,F,Rhineland-Palatinate,Beeskow,2015-09-15,Good
CUST-01063,63,M,North Rhine-Westphalia,Miltenberg,2022-07-01,Excellent
CUST-01064,24,F,Mecklenburg-Vorpommern,Suhl,2020-04-07,Poor
CUST-01065,33,M,North Rhine-Westphalia,Biedenkopf,2022-04-10,Good
CUST-01066,61,F,Schleswig-Holstein,Ahaus,2021-06-28,Good
CUST-01067,66,M,Mecklenburg-Vorpommern,Pasewalk,2022-05-01,Good
CUST-01068,82,M,Schleswig-Holstein,Nordhausen,2019-03-22,Poor
CUST-01069,71,M,Mecklenburg-Vorpommern,Schwäbisch Hall,2018-12-16,Fair
CUST-01070,82,F,Saarland,Einbeck,2023-11-21,Good
CUST-01071,81,M,Hesse,Greifswald,2019-12-07,Excellent
CUST-01072,73,M,Schleswig-Holstein,Chemnitz,2017-05-16,Excellent
CUST-01073,31,M,Saxony-Anhalt,Demmin,2021-10-01,Fair
CUST-01074,74,M,Rhineland-Palatinate,Vilsbiburg,2019-08-26,Fair
CUST-01075,74,M,Saarland,Lüdenscheid,2022-07-28,Good
CUST-01076,58,M,Saxony,Greiz,2022-04-05,Fair
CUST-01077,31,M,Rhineland-Palatinate,Bitterfeld,2015-06-26,Excellent
CUST-01078,78,M,Hesse,Schmölln,2022-01-22,Good
CUST-01079,28,M,North Rhine-Westphalia,Pfaffenhofen an der Ilm,2016-11-12,Good
CUST-01080,60,M,Mecklenburg-Vorpommern,Ahaus,2021-09-20,Poor
CUST-01081,57,M,Brandenburg,Finsterwalde,2015-12-18,Excellent
CUST-01082,82,F,Saarland,Luckenwalde,2016-11-29,Excellent
CUST-01083,85,F,Hesse,Schwerin,2023-11-29,Good
CUST-01084,48,M,Schleswig-Holstein,Pritzwalk,2016-11-17,Fair
CUST-01085,41,F,Bremen,Sangerhausen,2021-09-09,Good
CUST-01086,51,M,Mecklenburg-Vorpommern,Uffenheim,2019-04-28,Excellent
CUST-01087,84,M,Berlin,Havelberg,2020-11-11,Fair
CUST-01088,57,F,Hesse,Soest,2021-10-16,Excellent
CUST-01089,31,F,North Rhine-Westphalia,Ebersberg,2023-10-16,Good
CUST-01090,46,M,Baden-Wuerttemberg,Donaueschingen,2020-05-29,Fair
CUST-01091,28,M,Hamburg,Euskirchen,2020-11-08,Good
CUST-01092,65,M,Hamburg,Hoyerswerda,2017-07-28,Poor
CUST-01093,78,F,Mecklenburg-Vorpommern,Finsterwalde,2018-12-06,Good
CUST-01094,69,M,Hamburg,Schlüchtern,2016-07-02,Good
CUST-01095,72,M,Baden-Wuerttemberg,Calau,2018-03-06,Good
CUST-01096,67,F,Schleswig-Holstein,Parchim,2017-02-13,Excellent
CUST-01097,43,M,Lower Saxony,Schwabmünchen,2020-10-29,Excellent
CUST-01098,63,M,Thuringia,Moers,2019-08-02,Good
CUST-01099,72,M,Hamburg,Bremervörde,2022-04-22,Good
CUST-01100,53,F,Hamburg,Querfurt,2021-05-01,Good
CUST-01101,52,F,Mecklenburg-Vorpommern,Hofgeismar,2023-06-20,Excellent
CUST-01102,24,F,Saxony,Gräfenhainichen,2019-02-25,Good
CUST-01103,46,F,Schleswig-Holstein,Stadtroda,2018-06-10,Good
CUST-01104,29,F,Hesse,Riesa,2022-05-24,Excellent
CUST-01105,35,M,Bremen,Reutlingen,2023-10-13,Fair
CUST-01106,36,M,Lower Saxony,Bruchsal,2017-05-28,Good
CUST-01107,32,F,North Rhine-Westphalia,Parchim,2016-10-20,Good
CUST-01108,40,M,Baden-Wuerttemberg,Kulmbach,2016-08-18,Good
CUST-01109,47,F,Baden-Wuerttemberg,Ilmenau,2015-09-20,Good
CUST-01110,73,F,Baden-Wuerttemberg,Gera,2021-10-30,Excellent
CUST-01111,31,F,Mecklenburg-Vorpommern,Pößneck,2021-11-19,Fair
CUST-01112,82,F,North Rhine-Westphalia,Peine,2023-09-04,Fair
CUST-01113,53,F,Bremen,Neustadtner Waldnaab,2015-02-13,Excellent
CUST-01114,71,F,Berlin,Delitzsch,2015-05-18,Fair
CUST-01115,30,M,Saxony,Kleve,2022-07-23,Excellent
CUST-01116,32,M,Bavaria,Bitterfeld,2016-10-06,Excellent
CUST-01117,73,F,Mecklenburg-Vorpommern,Aschaffenburg,2018-12-17,Fair
CUST-01118,72,F,Berlin,Mittweida,2020-10-21,Excellent
CUST-01119,38,M,Baden-Wuerttemberg,Potsdam,2021-03-01,Good
CUST-01120,52,F,Saxony-Anhalt,Ingolstadt,2018-02-06,Excellent
CUST-01121,85,M,Bremen,Vilsbiburg,2019-07-13,Good
CUST-01122,40,F,Saxony,Jena,2019-07-26,Good
CUST-01123,38,M,Brandenburg,Geithain,2018-10-24,Poor
CUST-01124,23,F,Schleswig-Holstein,Dessau,2022-10-14,Good
CUST-01125,78,F,Saarland,Neustrelitz,2023-08-20,Excellent
CUST-01126,75,F,Bremen,Sondershausen,2022-08-23,Good
CUST-01127,37,M,Saarland,Kelheim,2016-04-21,Good
CUST-01128,78,F,Rhineland-Palatinate,Melle,2022-08-04,Fair
CUST-01129,36,F,Hamburg,Rehau,2018-12-17,Good
CUST-01130,36,M,Schleswig-Holstein,Bützow,2017-10-13,Good
CUST-01131,79,F,Thuringia,Amberg,2015-11-08,Good
CUST-01132,28,M,Saarland,Cloppenburg,2018-07-09,Good
CUST-01133,84,F,Saxony,Sankt Goarshausen,2023-05-15,Fair
CUST-01134,41,M,Saarland,Malchin,2023-04-08,Excellent
CUST-01135,40,M,Schleswig-Holstein,Gifhorn,2017-04-26,Excellent
CUST-01136,25,M,Saxony-Anhalt,Fallingbostel,2016-09-30,Fair
CUST-01137,73,M,Baden-Wuerttemberg,Strasburg,2022-07-31,Poor
CUST-01138,20,F,Bavaria,Melle,2023-07-28,Fair
CUST-01139,38,M,Saarland,Ribnitz-Damgarten,2019-03-01,Good
CUST-01140,80,F,Schleswig-Holstein,Aurich,2020-07-03,Excellent
CUST-01141,75,F,Mecklenburg-Vorpommern,Grimma,2017-06-28,Fair
CUST-01142,30,M,North Rhine-Westphalia,Dinkelsbühl,2020-11-23,Fair
CUST-01143,35,F,North Rhine-Westphalia,Sondershausen,2020-08-20,Good
CUST-01144,37,M,Bremen,Pasewalk,2016-05-08,Fair
CUST-01145,84,F,Thuringia,Grimmen,2022-09-24,Excellent
CUST-01146,82,M,Mecklenburg-Vorpommern,Querfurt,2021-07-07,Excellent
CUST-01147,38,F,Schleswig-Holstein,Mühldorf am Inn,2017-02-05,Good
CUST-01148,82,M,Schleswig-Holstein,Eisenberg,2020-04-14,Poor
CUST-01149,68,F,Saxony-Anhalt,Bad Langensalza,2017-01-23,Good
CUST-01150,48,M,Hamburg,Hamburg,2022-11-10,Fair
CUST-01151,22,F,Mecklenburg-Vorpommern,Kulmbach,2018-02-19,Good
CUST-01152,22,M,Rhineland-Palatinate,Deggendorf,2016-02-14,Fair
CUST-01153,34,M,Hamburg,Hettstedt,2019-04-10,Excellent
CUST-01154,49,M,Saarland,Rothenburg ob der Tauber,2015-02-09,Excellent
CUST-01155,51,F,Hesse,Zossen,2022-01-27,Good
CUST-01156,55,F,Saarland,Sebnitz,2018-05-13,Good
CUST-01157,45,M,Mecklenburg-Vorpommern,Bad Kreuznach,2016-02-10,Fair
CUST-01158,53,M,Berlin,Konstanz,2017-11-07,Good
CUST-01159,83,M,Bremen,Belzig,2023-05-08,Good
CUST-01160,65,F,Saxony-Anhalt,Norden,2021-04-14,Good
CUST-01161,68,F,Saxony-Anhalt,Crailsheim,2015-03-23,Good
CUST-01162,78,F,Berlin,Hechingen,2021-06-20,Good
CUST-01163,43,M,Brandenburg,Gunzenhausen,2018-12-25,Good
CUST-01164,71,F,Bremen,Eisenhüttenstadt,2015-11-18,Good
CUST-01165,30,F,Bremen,Bad Freienwalde,2022-01-31,Poor
CUST-01166,59,M,Thuringia,Mühlhausen,2019-09-24,Good
CUST-01167,65,F,Baden-Wuerttemberg,Cuxhaven,2015-11-21,Excellent
CUST-01168,66,M,Thuringia,Güstrow,2018-07-21,Fair
CUST-01169,54,F,Mecklenburg-Vorpommern,Seelow,2018-01-16,Fair
CUST-01170,23,F,Bremen,Wiedenbrück,2019-08-23,Excellent
CUST-01171,19,M,Hesse,Herford,2023-02-28,Excellent
CUST-01172,46,F,Baden-Wuerttemberg,Lübeck,2017-05-12,Excellent
CUST-01173,68,M,Lower Saxony,Borken,2015-09-19,Poor
CUST-01174,21,F,North Rhine-Westphalia,Strausberg,2015-04-18,Fair
CUST-01175,38,M,Lower Saxony,Gütersloh,2017-12-11,Good
CUST-01176,21,M,Mecklenburg-Vorpommern,Vilsbiburg,2018-06-21,Excellent
CUST-01177,26,F,Bremen,Oschatz,2022-01-10,Excellent
CUST-01178,30,M,Bavaria,Bremervörde,2015-05-24,Fair
CUST-01179,63,F,Saarland,Vilsbiburg,2020-03-28,Poor
CUST-01180,37,F,Bremen,Mallersdorf,2016-07-07,Poor
CUST-01181,75,M,Bremen,Dinkelsbühl,2022-01-28,Fair
CUST-01182,80,F,Brandenburg,Aue,2018-11-23,Good
CUST-01183,36,M,Baden-Wuerttemberg,Mühldorf am Inn,2019-12-15,Good
CUST-01184,21,F,Schleswig-Holstein,Gadebusch,2016-09-29,Good
CUST-01185,82,M,Hesse,Wiedenbrück,2018-11-09,Good
CUST-01186,63,M,Saarland,Wolfach,2023-06-22,Good
CUST-01187,45,M,Hamburg,Nördlingen,2023-12-13,Good
CUST-01188,64,M,Bavaria,Oberviechtach,2021-02-23,Good
CUST-01189,51,F,Hamburg,Weißenfels,2019-06-05,Excellent
CUST-01190,84,F,Mecklenburg-Vorpommern,Oberviechtach,2017-06-22,Good
CUST-01191,42,F,Rhineland-Palatinate,Goslar,2020-10-17,Fair
CUST-01192,83,F,Brandenburg,Konstanz,2022-04-10,Fair
CUST-01193,19,F,Hamburg,Kamenz,2017-02-09,Fair
CUST-01194,19,M,Hesse,Neustrelitz,2018-04-01,Excellent
CUST-01195,73,F,Bremen,Kelheim,2018-01-19,Fair
CUST-01196,22,F,Berlin,Wolfenbüttel,2018-08-06,Excellent
CUST-01197,58,M,Bavaria,Hünfeld,2017-01-31,Poor
CUST-01198,83,F,Schleswig-Holstein,Aachen,2016-05-27,Fair
CUST-01199,70,M,Rhineland-Palatinate,Waldmünchen,2016-01-05,Excellent
CUST-01200,46,F,Berlin,Schlüchtern,2018-11-01,Good
CUST-01201,58,F,Saxony-Anhalt,Diepholz,2020-03-14,Fair
CUST-01202,50,M,Thuringia,Ingolstadt,2015-11-25,Fair
CUST-01203,29,M,North Rhine-Westphalia,Zeulenroda,2017-12-27,Fair
CUST-01204,22,M,Saarland,Kassel,2017-01-13,Excellent
CUST-01205,81,F,Mecklenburg-Vorpommern,Schleiz,2015-02-21,Excellent
CUST-01206,55,M,Mecklenburg-Vorpommern,Gießen,2023-08-25,Poor
CUST-01207,34,M,North Rhine-Westphalia,Tübingen,2017-03-26,Good
CUST-01208,18,M,Berlin,Weißwasser,2020-04-20,Good
CUST-01209,72,F,Thuringia,Rockenhausen,2016-10-11,Good
CUST-01210,44,M,Lower Saxony,Wanzleben,2017-11-03,Good
CUST-01211,68,F,Berlin,Lippstadt,2019-01-16,Fair
CUST-01212,26,M,Lower Saxony,Querfurt,2017-08-24,Good
CUST-01213,81,F,Bavaria,Holzminden,2016-11-16,Fair
CUST-01214,20,M,Mecklenburg-Vorpommern,Hansestadttralsund,2023-11-07,Excellent
CUST-01215,49,M,Saarland,Beilngries,2022-09-20,Good
CUST-01216,82,F,Baden-Wuerttemberg,Meißen,2017-10-15,Excellent
CUST-01217,83,M,Thuringia,Schwandorf,2023-07-09,Good
CUST-01218,80,M,Saxony-Anhalt,Sebnitz,2022-03-25,Excellent
CUST-01219,86,M,Hesse,Hohenstein-Ernstthal,2020-06-21,Excellent
CUST-01220,65,F,Bremen,Mellrichstadt,2023-03-23,Excellent
CUST-01221,51,F,Saxony-Anhalt,Husum,2023-02-15,Excellent
CUST-01222,30,M,Saarland,Geldern,2022-12-04,Good
CUST-01223,27,F,Saarland,Helmstedt,2017-02-16,Good
CUST-01224,61,F,Thuringia,Wolfenbüttel,2023-03-19,Good
CUST-01225,25,M,Baden-Wuerttemberg,Lobenstein,2020-12-15,Excellent
CUST-01226,62,F,Schleswig-Holstein,Soest,2021-01-27,Good
CUST-01227,34,M,Mecklenburg-Vorpommern,Klötze,2023-03-25,Excellent
CUST-01228,58,M,Saxony-Anhalt,Pinneberg,2023-09-14,Good
CUST-01229,22,F,Baden-Wuerttemberg,Miesbach,2022-05-20,Poor
CUST-01230,83,F,Berlin,Flöha,2020-11-16,Fair
CUST-01231,46,M,Brandenburg,Gotha,2018-08-14,Good
CUST-01232,82,F,Lower Saxony,Schmölln,2016-01-30,Good
CUST-01233,53,M,North Rhine-Westphalia,Wurzen,2016-06-15,Excellent
CUST-01234,53,M,Berlin,Rochlitz,2016-03-14,Good
CUST-01235,80,M,North Rhine-Westphalia,Pasewalk,2021-05-27,Good
CUST-01236,83,F,Saarland,Artern,2020-11-23,Good
CUST-01237,44,F,North Rhine-Westphalia,Hofgeismar,2019-02-09,Excellent
CUST-01238,55,M,Bavaria,Geldern,2017-05-04,Fair
CUST-01239,76,M,Bremen,Koblenz,2023-12-25,Good
CUST-01240,59,F,Hamburg,Strausberg,2019-02-20,Fair
CUST-01241,86,M,Schleswig-Holstein,Haldensleben,2020-12-06,Excellent
CUST-01242,37,M,Brandenburg,Pasewalk,2015-11-16,Poor
CUST-01243,25,M,Lower Saxony,Goslar,2023-02-18,Excellent
CUST-01244,68,F,Berlin,Berchtesgaden,2017-03-02,Good
CUST-01245,20,M,Saxony,Wittenberg,2021-04-06,Fair
CUST-01246,28,F,Lower Saxony,Euskirchen,2023-08-05,Good
CUST-01247,27,F,Bremen,Freital,2022-11-17,Fair
CUST-01248,62,M,Saxony,Neustrelitz,2023-11-20,Excellent
CUST-01249,48,F,Thuringia,Stendal,2022-05-17,Excellent
CUST-01250,54,F,Saxony-Anhalt,Wertingen,2018-07-14,Good
CUST-01251,23,F,Saxony-Anhalt,Viersen,2019-08-16,Fair
CUST-01252,42,F,Thuringia,Hünfeld,2021-10-28,Excellent
CUST-01253,31,M,Mecklenburg-Vorpommern,Greifswald,2023-08-03,Good
CUST-01254,41,F,Saxony-Anhalt,Senftenberg,2020-01-28,Good
CUST-01255,31,F,Bavaria,Sternberg,2023-02-22,Excellent
CUST-01256,53,F,Bavaria,Brilon,2020-10-21,Excellent
CUST-01257,66,F,Bavaria,Schwerin,2018-05-15,Poor
CUST-01258,52,M,Thuringia,Demmin,2015-03-30,Fair
CUST-01259,26,F,Hesse,Fulda,2016-01-22,Excellent
CUST-01260,42,F,Hesse,Sankt Goarshausen,2016-07-20,Good
CUST-01261,36,M,Rhineland-Palatinate,Bernburg,2017-11-15,Fair
CUST-01262,39,M,Mecklenburg-Vorpommern,Starnberg,2021-05-19,Poor
CUST-01263,53,M,Thuringia,Calau,2023-11-22,Good
CUST-01264,43,F,Lower Saxony,Angermünde,2021-09-04,Good
CUST-01265,61,M,Mecklenburg-Vorpommern,Bad Kreuznach,2015-11-18,Fair
CUST-01266,26,F,Saxony-Anhalt,Kronach,2019-11-14,Good
CUST-01267,37,M,Rhineland-Palatinate,Mettmann,2023-05-21,Fair
CUST-01268,60,M,Mecklenburg-Vorpommern,Hersbruck,2015-08-10,Good
CUST-01269,53,M,Thuringia,Staffelstein,2021-01-20,Good
CUST-01270,48,F,Rhineland-Palatinate,Ebermannstadt,2016-09-19,Excellent
CUST-01271,81,F,Bremen,München,2023-06-11,Good
CUST-01272,42,M,Rhineland-Palatinate,Wittenberg,2019-11-05,Good
CUST-01273,56,F,Hesse,Gera,2016-06-25,Good
CUST-01274,57,F,North Rhine-Westphalia,Helmstedt,2021-02-23,Good
CUST-01275,85,M,Mecklenburg-Vorpommern,Badalzungen,2020-08-17,Good
CUST-01276,78,M,Hesse,Wolfach,2020-05-23,Good
CUST-01277,40,F,Mecklenburg-Vorpommern,Marienberg,2022-04-25,Good
CUST-01278,40,M,Rhineland-Palatinate,Groß-Gerau,2015-10-21,Good
CUST-01279,57,F,Thuringia,Freital,2022-09-05,Poor
CUST-01280,47,M,Lower Saxony,Hünfeld,2022-07-14,Good
CUST-01281,58,F,Saxony-Anhalt,Weißwasser,2017-02-19,Good
CUST-01282,28,M,Brandenburg,Gardelegen,2016-11-24,Poor
CUST-01283,77,F,Hesse,Gütersloh,2019-12-10,Excellent
CUST-01284,35,M,Berlin,Gießen,2022-09-08,Good
CUST-01285,84,M,Lower Saxony,Bamberg,2023-04-18,Excellent
CUST-01286,45,M,Brandenburg,Borken,2015-02-26,Good
CUST-01287,62,M,Brandenburg,Bergzabern,2020-01-18,Good
CUST-01288,18,F,Berlin,Hettstedt,2023-04-20,Good
CUST-01289,54,M,Schleswig-Holstein,Brandenburg,2021-02-25,Good
CUST-01290,60,M,Bavaria,Witzenhausen,2019-03-23,Good
CUST-01291,39,M,Schleswig-Holstein,Kemnath,2016-11-28,Excellent
CUST-01292,57,M,Schleswig-Holstein,Chemnitz,2015-08-06,Good
CUST-01293,48,M,Baden-Wuerttemberg,Havelberg,2019-05-11,Fair
CUST-01294,77,F,Lower Saxony,München,2015-03-20,Good
CUST-01295,20,F,Rhineland-Palatinate,Wolfratshausen,2019-04-09,Good
CUST-01296,81,M,Thuringia,Hildesheim,2020-06-08,Fair
CUST-01297,33,M,Saxony,Erkelenz,2017-03-25,Good
CUST-01298,80,F,Bavaria,Luckau,2015-06-12,Excellent
CUST-01299,77,F,Thuringia,Ueckermünde,2020-06-29,Good
CUST-01300,29,M,Bavaria,Grimmen,2018-11-21,Fair
CUST-01301,48,F,Brandenburg,Guben,2017-08-25,Poor
CUST-01302,53,F,North Rhine-Westphalia,Bernburg,2022-01-07,Good
CUST-01303,26,F,Bavaria,Mühlhausen,2021-03-23,Poor
CUST-01304,51,M,Hesse,Altentreptow,2018-10-31,Fair
CUST-01305,25,M,Baden-Wuerttemberg,Marienberg,2023-03-09,Good
CUST-01306,75,M,Hamburg,Sonneberg,2017-09-11,Good
CUST-01307,67,F,Brandenburg,Aurich,2021-10-15,Good
CUST-01308,31,M,Berlin,Greiz,2022-04-26,Excellent
CUST-01309,47,M,Hesse,Neustrelitz,2018-06-19,Fair
CUST-01310,24,M,Hamburg,Werdau,2023-08-21,Excellent
CUST-01311,21,M,Thuringia,Saarlouis,2015-10-05,Good
CUST-01312,19,M,Saxony,Magdeburg,2018-07-24,Fair
CUST-01313,19,M,Bavaria,Wolgast,2023-08-02,Good
CUST-01314,51,F,Hamburg,Wurzen,2018-05-27,Good
CUST-01315,36,F,Hesse,Sömmerda,2023-09-27,Excellent
CUST-01316,78,M,Saxony,Fürstenwalde,2015-04-18,Fair
CUST-01317,29,F,Rhineland-Palatinate,Mettmann,2021-09-08,Excellent
CUST-01318,69,M,Saxony-Anhalt,Schongau,2015-11-22,Fair
CUST-01319,29,F,Hesse,Mallersdorf,2020-08-19,Fair
CUST-01320,68,F,Saxony-Anhalt,Hettstedt,2017-01-23,Fair
CUST-01321,22,F,Saarland,Senftenberg,2016-07-17,Excellent
CUST-01322,36,M,North Rhine-Westphalia,Wolfach,2019-08-01,Fair
CUST-01323,52,M,Schleswig-Holstein,Borna,2019-08-19,Excellent
CUST-01324,23,M,Berlin,Garmisch-Partenkirchen,2015-09-28,Excellent
CUST-01325,63,F,Saarland,Apolda,2022-09-18,Good
CUST-01326,59,F,Rhineland-Palatinate,Sangerhausen,2019-10-18,Good
CUST-01327,47,M,Mecklenburg-Vorpommern,Osterode am Harz,2023-01-28,Good
CUST-01328,72,M,Lower Saxony,Leipziger Land,2020-01-24,Good
CUST-01329,47,M,Rhineland-Palatinate,Freital,2020-10-25,Good
CUST-01330,85,M,Mecklenburg-Vorpommern,Arnstadt,2020-10-15,Fair
CUST-01331,27,M,Berlin,Feuchtwangen,2018-04-07,Good
CUST-01332,57,F,Brandenburg,Olpe,2020-03-04,Excellent
CUST-01333,23,F,North Rhine-Westphalia,Siegen,2022-09-27,Good
CUST-01334,45,M,Bremen,Meppen,2022-03-31,Good
CUST-01335,56,M,Saxony,Lüneburg,2023-09-25,Good
CUST-01336,50,M,Mecklenburg-Vorpommern,Uffenheim,2019-08-21,Good
CUST-01337,83,M,Saxony,Cloppenburg,2020-02-02,Good
CUST-01338,50,M,Bremen,Burgdorf,2016-01-05,Good
CUST-01339,71,M,Lower Saxony,Stollberg,2016-01-09,Excellent
CUST-01340,46,F,Saxony-Anhalt,Vohenstrauß,2015-12-16,Good
CUST-01341,81,F,Saxony,Bernburg,2019-04-01,Good
CUST-01342,61,M,Saxony,Soltau,2018-10-04,Good
CUST-01343,66,M,Saxony,Wanzleben,2016-08-15,Excellent
CUST-01344,51,M,Hamburg,Burg,2018-06-15,Good
CUST-01345,42,F,Brandenburg,Göppingen,2022-01-09,Excellent
CUST-01346,32,M,Berlin,Germersheim,2015-01-15,Good
CUST-01347,85,F,Bavaria,Wittenberg,2020-02-22,Good
CUST-01348,46,F,Bavaria,Pfaffenhofen an der Ilm,2021-10-26,Fair
CUST-01349,61,M,Berlin,Kyritz,2021-08-08,Fair
CUST-01350,58,F,Hamburg,Havelberg,2019-12-15,Excellent
CUST-01351,54,M,Rhineland-Palatinate,Rehau,2021-02-19,Good
CUST-01352,76,M,North Rhine-Westphalia,Beilngries,2017-01-27,Excellent
CUST-01353,19,F,North Rhine-Westphalia,Lüneburg,2016-08-18,Fair
CUST-01354,25,F,Thuringia,Stade,2015-12-26,Excellent
CUST-01355,21,F,Saxony,Saarbrücken,2016-10-22,Fair
CUST-01356,85,M,Bremen,Kyritz,2023-05-28,Good
CUST-01357,79,M,Baden-Wuerttemberg,Recklinghausen,2023-08-14,Good
CUST-01358,55,F,Mecklenburg-Vorpommern,Wolfach,2015-10-05,Fair
CUST-01359,72,M,Brandenburg,Tecklenburg,2020-04-12,Excellent
CUST-01360,77,F,Thuringia,Neustadtner Waldnaab,2020-11-28,Good
CUST-01361,75,M,Berlin,Dresden,2021-11-11,Excellent
CUST-01362,62,M,Saarland,Amberg,2023-02-13,Fair
CUST-01363,41,F,Hamburg,Darmstadt,2021-10-29,Fair
CUST-01364,53,F,Saxony-Anhalt,Bad Freienwalde,2016-06-15,Good
CUST-01365,39,F,Saarland,Iserlohn,2020-07-10,Fair
CUST-01366,24,M,Brandenburg,Pinneberg,2017-03-03,Excellent
CUST-01367,68,M,Bremen,Weißwasser,2022-01-05,Fair
CUST-01368,75,M,Hamburg,Tecklenburg,2019-08-23,Excellent
CUST-01369,24,F,Berlin,Herford,2015-02-16,Good
CUST-01370,55,F,Schleswig-Holstein,Bad Kreuznach,2023-11-11,Excellent
CUST-01371,86,F,Thuringia,Wurzen,2023-08-08,Excellent
CUST-01372,39,F,Thuringia,Gransee,2019-06-11,Fair
CUST-01373,19,M,Saxony,Goslar,2017-03-05,Good
CUST-01374,62,F,Saarland,Calau,2020-04-27,Fair
CUST-01375,25,M,Saarland,Badoberan,2016-09-28,Good
CUST-01376,44,F,Bremen,Bautzen,2023-10-17,Fair
CUST-01377,78,M,Brandenburg,Dieburg,2021-05-03,Fair
CUST-01378,60,F,Bavaria,Gifhorn,2017-05-03,Good
CUST-01379,62,F,Saxony-Anhalt,Fallingbostel,2015-09-29,Poor
CUST-01380,34,F,Bavaria,Hünfeld,2018-10-21,Poor
CUST-01381,60,M,Mecklenburg-Vorpommern,Göttingen,2017-02-06,Good
CUST-01382,38,F,Thuringia,Hagenow,2022-12-17,Excellent
CUST-01383,45,F,Baden-Wuerttemberg,Gransee,2020-07-28,Fair
CUST-01384,48,F,Bremen,Karlsruhe,2018-05-24,Excellent
CUST-01385,69,F,Saxony,Sulzbach-Rosenberg,2016-04-04,Good
CUST-01386,73,M,Berlin,Neustadtner Waldnaab,2016-01-15,Good
CUST-01387,21,M,Saarland,Havelberg,2020-08-10,Excellent
CUST-01388,66,F,Saarland,Wunsiedel,2023-03-20,Fair
CUST-01389,80,F,Thuringia,Ebermannstadt,2016-08-09,Fair
CUST-01390,72,M,Hesse,Königs Wusterhausen,2017-04-20,Fair
CUST-01391,82,F,Mecklenburg-Vorpommern,Olpe,2023-01-02,Fair
CUST-01392,44,M,Bavaria,Strasburg,2018-06-27,Poor
CUST-01393,58,M,Thuringia,Schleiz,2020-03-27,Fair
CUST-01394,19,M,Brandenburg,Eutin,2015-04-03,Good
CUST-01395,71,F,Berlin,Nördlingen,2018-08-07,Excellent
CUST-01396,71,F,Schleswig-Holstein,Peine,2020-12-20,Good
CUST-01397,39,F,Lower Saxony,Guben,2018-01-21,Excellent
CUST-01398,46,F,Lower Saxony,Grevenbroich,2015-03-04,Poor
CUST-01399,76,M,Berlin,Rottweil,2021-01-31,Good
CUST-01400,47,F,Schleswig-Holstein,Senftenberg,2016-08-02,Poor
CUST-01401,66,F,Rhineland-Palatinate,Flöha,2016-12-02,Excellent
CUST-01402,60,F,Bremen,Helmstedt,2015-07-27,Excellent
CUST-01403,80,F,North Rhine-Westphalia,Rottweil,2016-03-09,Good
CUST-01404,44,M,Hamburg,Schwäbisch Gmünd,2019-05-25,Excellent
CUST-01405,78,F,Saxony-Anhalt,Calau,2018-07-03,Good
CUST-01406,27,M,Baden-Wuerttemberg,Anklam,2023-06-23,Fair
CUST-01407,52,M,Baden-Wuerttemberg,Bad Kissingen,2023-12-31,Poor
CUST-01408,51,F,Lower Saxony,Auerbach,2020-02-10,Good
CUST-01409,66,F,Saarland,Freising,2017-08-07,Poor
CUST-01410,20,M,Schleswig-Holstein,Höxter,2019-01-28,Good
CUST-01411,29,F,Thuringia,Großenhain,2020-01-31,Good
CUST-01412,40,M,Saarland,Spremberg,2016-04-07,Good
CUST-01413,56,F,Saxony,Miesbach,2018-03-02,Fair
CUST-01414,41,M,Lower Saxony,Lüdinghausen,2019-07-20,Fair
CUST-01415,82,M,Thuringia,Hammelburg,2021-03-27,Good
CUST-01416,44,F,Bremen,Teterow,2019-06-30,Good
CUST-01417,25,M,Rhineland-Palatinate,Sömmerda,2021-02-22,Excellent
CUST-01418,50,F,Mecklenburg-Vorpommern,Garmisch-Partenkirchen,2015-09-28,Good
CUST-01419,53,F,Hamburg,Ahaus,2021-05-12,Fair
CUST-01420,74,M,Saxony,Wittmund,2022-06-07,Fair
CUST-01421,26,F,Lower Saxony,Paderborn,2021-08-22,Good
CUST-01422,41,F,Lower Saxony,Regensburg,2019-12-29,Excellent
CUST-01423,23,F,Baden-Wuerttemberg,Sonneberg,2021-09-16,Excellent
CUST-01424,69,F,Thuringia,Auerbach,2020-07-17,Good
CUST-01425,49,M,Baden-Wuerttemberg,Ueckermünde,2017-06-10,Fair
CUST-01426,18,M,Hesse,Kronach,2022-05-30,Excellent
CUST-01427,69,F,Mecklenburg-Vorpommern,Suhl,2021-11-26,Good
CUST-01428,38,M,Berlin,Lübz,2022-08-23,Fair
CUST-01429,77,F,Brandenburg,Kulmbach,2019-11-16,Fair
CUST-01430,74,F,Baden-Wuerttemberg,Lüdinghausen,2021-07-14,Excellent
CUST-01431,47,F,Hesse,Neustadtner Waldnaab,2018-04-19,Excellent
CUST-01432,67,M,Bavaria,Hamburg,2022-11-20,Good
CUST-01433,49,F,Lower Saxony,Waldmünchen,2018-03-01,Fair
CUST-01434,69,M,Hamburg,Stade,2022-11-16,Good
CUST-01435,48,F,Mecklenburg-Vorpommern,Rathenow,2019-07-22,Good
CUST-01436,30,M,Saxony,Kyritz,2020-04-29,Excellent
CUST-01437,50,F,Saxony-Anhalt,Uelzen,2019-09-05,Excellent
CUST-01438,72,M,Hesse,Donaueschingen,2015-02-17,Excellent
CUST-01439,45,M,Hesse,Schlüchtern,2023-02-02,Fair
CUST-01440,79,F,Hesse,Calau,2015-12-13,Excellent
CUST-01441,51,F,Bremen,Bad Kissingen,2023-11-06,Fair
CUST-01442,65,F,Saxony,Klötze,2020-02-05,Good
CUST-01443,27,F,Mecklenburg-Vorpommern,Gifhorn,2018-12-26,Excellent
CUST-01444,83,F,Bavaria,Ochsenfurt,2021-06-25,Good
CUST-01445,40,M,Schleswig-Holstein,Neuruppin,2019-08-10,Poor
CUST-01446,42,F,North Rhine-Westphalia,Torgau,2015-06-05,Good
CUST-01447,76,F,Lower Saxony,Angermünde,2021-07-04,Good
CUST-01448,59,M,Hesse,Werdau,2023-03-10,Fair
CUST-01449,61,F,Bremen,Euskirchen,2020-10-18,Excellent
CUST-01450,80,M,Rhineland-Palatinate,Malchin,2020-04-19,Good
CUST-01451,48,M,Brandenburg,Dessau,2021-11-16,Excellent
CUST-01452,39,F,Bavaria,Stade,2020-04-04,Good
CUST-01453,43,F,Thuringia,Haldensleben,2019-09-21,Good
CUST-01454,46,F,Brandenburg,Erbisdorf,2016-11-17,Excellent
CUST-01455,84,F,Schleswig-Holstein,Heiligenstadt,2015-09-09,Good
CUST-01456,24,M,North Rhine-Westphalia,Ilmenau,2022-05-12,Poor
CUST-01457,63,M,Brandenburg,Großenhain,2020-06-08,Excellent
CUST-01458,56,M,Schleswig-Holstein,Recklinghausen,2017-10-29,Excellent
CUST-01459,56,F,Schleswig-Holstein,Altötting,2017-11-18,Excellent
CUST-01460,55,M,Saxony,Zerbst,2021-08-20,Fair
CUST-01461,76,F,Saxony-Anhalt,Potsdam,2016-12-19,Good
CUST-01462,66,M,Saarland,Ochsenfurt,2017-01-10,Fair
CUST-01463,21,M,Thuringia,Cuxhaven,2015-12-12,Poor
CUST-01464,35,M,Saarland,Döbeln,2023-06-11,Poor
CUST-01465,29,F,Rhineland-Palatinate,Säckingen,2022-05-30,Good
CUST-01466,78,M,Berlin,Günzburg,2021-06-24,Fair
CUST-01467,53,F,North Rhine-Westphalia,Anklam,2022-03-15,Good
CUST-01468,65,M,North Rhine-Westphalia,Hohenmölsen,2016-11-17,Good
CUST-01469,45,F,Brandenburg,Pirmasens,2020-05-04,Fair
CUST-01470,24,M,Mecklenburg-Vorpommern,Badoberan,2022-08-31,Fair
CUST-01471,26,F,Schleswig-Holstein,Aue,2016-08-17,Good
CUST-01472,25,F,Bavaria,Meppen,2018-03-28,Poor
CUST-01473,27,F,Mecklenburg-Vorpommern,Olpe,2022-08-11,Good
CUST-01474,38,M,Lower Saxony,Ebermannstadt,2020-12-16,Good
CUST-01475,21,F,Schleswig-Holstein,Lübeck,2018-10-04,Good
CUST-01476,21,M,Schleswig-Holstein,Hoyerswerda,2022-05-04,Good
CUST-01477,29,F,Rhineland-Palatinate,Lobenstein,2023-03-27,Fair
CUST-01478,85,M,Thuringia,Schwabmünchen,2022-08-07,Fair
CUST-01479,50,M,Thuringia,Parchim,2021-02-21,Excellent
CUST-01480,55,M,Baden-Wuerttemberg,Kyritz,2015-02-18,Good
CUST-01481,39,M,Bremen,Saarbrücken,2018-12-10,Excellent
CUST-01482,75,F,Schleswig-Holstein,Halberstadt,2017-03-01,Excellent
CUST-01483,58,M,North Rhine-Westphalia,Gütersloh,2021-08-30,Fair
CUST-01484,51,M,Lower Saxony,Gera,2022-12-10,Poor
CUST-01485,28,M,Hesse,Crailsheim,2019-03-20,Fair
CUST-01486,36,M,Lower Saxony,Zerbst,2022-10-20,Excellent
CUST-01487,40,F,Bremen,Ueckermünde,2022-05-29,Poor
CUST-01488,27,F,Schleswig-Holstein,Eckernförde,2023-08-18,Good
CUST-01489,38,F,Schleswig-Holstein,Starnberg,2016-10-25,Fair
CUST-01490,66,F,North Rhine-Westphalia,Regen,2019-04-17,Good
CUST-01491,83,M,Schleswig-Holstein,Ueckermünde,2017-12-20,Excellent
CUST-01492,55,M,Saarland,Gunzenhausen,2017-04-01,Good
CUST-01493,27,M,Saarland,Sondershausen,2016-03-20,Excellent
CUST-01494,41,F,Berlin,Gotha,2021-11-19,Good
CUST-01495,81,F,Schleswig-Holstein,Hamburg,2016-02-28,Excellent
CUST-01496,29,M,Schleswig-Holstein,Weißenfels,2023-09-19,Good
CUST-01497,53,F,Hesse,Rehau,2022-04-28,Good
CUST-01498,73,M,Mecklenburg-Vorpommern,Stade,2017-12-27,Excellent
CUST-01499,49,F,Mecklenburg-Vorpommern,Hünfeld,2021-06-11,Excellent
CUST-01500,37,F,Saarland,Grafenau,2019-11-22,Good
CUST-01501,33,M,Rhineland-Palatinate,Ravensburg,2015-01-14,Good
CUST-01502,32,F,Lower Saxony,Anklam,2021-05-12,Good
CUST-01503,79,F,Thuringia,Belzig,2022-08-24,Good
CUST-01504,37,M,Baden-Wuerttemberg,Eggenfelden,2019-02-05,Good
CUST-01505,58,F,Baden-Wuerttemberg,Nördlingen,2020-02-26,Fair
CUST-01506,82,F,Berlin,Calw,2016-12-24,Good
CUST-01507,43,F,Berlin,Guben,2018-05-09,Fair
CUST-01508,69,M,Saxony-Anhalt,Bamberg,2020-06-15,Excellent
CUST-01509,47,F,Berlin,Sankt Goar,2016-07-27,Excellent
CUST-01510,43,M,Rhineland-Palatinate,Görlitz,2020-06-26,Good
CUST-01511,75,F,Saarland,Tübingen,2020-12-27,Poor
CUST-01512,44,F,Bavaria,Mainburg,2015-06-01,Good
CUST-01513,53,F,North Rhine-Westphalia,Schwabmünchen,2019-07-19,Excellent
CUST-01514,50,F,Hesse,Gräfenhainichen,2023-04-24,Good
CUST-01515,22,M,North Rhine-Westphalia,Lüdinghausen,2023-04-01,Excellent
CUST-01516,42,M,Saarland,Bremervörde,2021-12-07,Excellent
CUST-01517,33,M,Bavaria,Spremberg,2016-12-06,Good
CUST-01518,28,F,Lower Saxony,Herzberg,2020-02-12,Good
CUST-01519,86,M,Lower Saxony,Merseburg,2016-04-12,Good
CUST-01520,45,M,Baden-Wuerttemberg,Backnang,2017-04-10,Good
CUST-01521,77,F,Thuringia,Demmin,2016-05-09,Poor
CUST-01522,71,M,Thuringia,Brand,2023-11-23,Excellent
CUST-01523,32,M,Saxony,Uffenheim,2018-10-06,Excellent
CUST-01524,75,F,Hesse,Osterode am Harz,2023-06-30,Good
CUST-01525,57,F,Saxony,Rathenow,2019-12-02,Excellent
CUST-01526,61,M,Hesse,Main-Höchst,2016-02-14,Fair
CUST-01527,67,F,Saxony,Soest,2015-03-06,Fair
CUST-01528,40,M,Bavaria,Emmendingen,2015-01-30,Excellent
CUST-01529,42,M,Brandenburg,Meiningen,2019-09-01,Fair
CUST-01530,59,F,Hesse,Gräfenhainichen,2017-04-24,Excellent
CUST-01531,43,F,Bremen,Forchheim,2019-08-15,Excellent
CUST-01532,74,M,North Rhine-Westphalia,Grevesmühlen,2021-09-08,Excellent
CUST-01533,27,F,Baden-Wuerttemberg,Olpe,2022-01-12,Fair
CUST-01534,20,F,Saxony-Anhalt,Hannoversch Münden,2019-09-12,Excellent
CUST-01535,84,M,Berlin,Altentreptow,2016-04-26,Poor
CUST-01536,77,M,Saxony-Anhalt,Paderborn,2023-07-15,Poor
CUST-01537,43,M,Bremen,Pfaffenhofen an der Ilm,2023-08-22,Good
CUST-01538,63,M,Schleswig-Holstein,Karlsruhe,2015-08-06,Excellent
CUST-01539,57,M,Saarland,Kassel,2020-07-30,Excellent
CUST-01540,70,M,North Rhine-Westphalia,Diepholz,2022-03-26,Good
CUST-01541,35,M,Hamburg,Eilenburg,2017-10-26,Good
CUST-01542,79,F,North Rhine-Westphalia,Wertingen,2016-03-03,Fair
CUST-01543,20,M,Saxony,Jena,2023-10-23,Excellent
CUST-01544,24,M,Baden-Wuerttemberg,Cottbus,2017-08-21,Fair
CUST-01545,68,F,Hamburg,Oberviechtach,2017-03-25,Fair
CUST-01546,53,F,Rhineland-Palatinate,Rudolstadt,2023-09-26,Excellent
CUST-01547,18,M,Lower Saxony,Burg,2017-08-29,Fair
CUST-01548,31,M,Mecklenburg-Vorpommern,Tuttlingen,2017-06-22,Excellent
CUST-01549,46,F,North Rhine-Westphalia,Parchim,2019-11-21,Excellent
CUST-01550,66,F,Saxony,Germersheim,2019-05-06,Good
CUST-01551,28,F,Berlin,Magdeburg,2022-02-01,Good
CUST-01552,59,F,Berlin,Seelow,2018-10-07,Excellent
CUST-01553,18,M,Schleswig-Holstein,Celle,2016-07-13,Excellent
CUST-01554,81,F,Bremen,Kelheim,2019-09-10,Excellent
CUST-01555,83,F,Rhineland-Palatinate,Erbisdorf,2018-04-23,Good
CUST-01556,40,M,Rhineland-Palatinate,Lemgo,2015-12-21,Good
CUST-01557,39,F,Berlin,Bogen,2021-08-20,Good
CUST-01558,82,F,Schleswig-Holstein,Cuxhaven,2015-03-01,Fair
CUST-01559,49,M,Rhineland-Palatinate,Mühlhausen,2018-09-02,Good
CUST-01560,54,M,Hesse,Potsdam,2021-06-07,Fair
CUST-01561,23,F,North Rhine-Westphalia,Weißenfels,2015-06-14,Poor
CUST-01562,50,M,Hamburg,Bersenbrück,2020-12-15,Good
CUST-01563,47,M,Bremen,Schwandorf,2020-07-21,Excellent
CUST-01564,68,M,Hamburg,Erding,2017-06-11,Excellent
CUST-01565,40,F,Rhineland-Palatinate,Vilsbiburg,2022-04-06,Poor
CUST-01566,33,M,Saarland,Borna,2022-07-03,Good
CUST-01567,47,F,Bavaria,Kelheim,2020-02-07,Good
CUST-01568,33,M,Mecklenburg-Vorpommern,Güstrow,2017-01-27,Fair
CUST-01569,19,F,Bremen,Sankt Goarshausen,2022-11-23,Good
CUST-01570,19,M,Mecklenburg-Vorpommern,Euskirchen,2022-09-30,Good
CUST-01571,31,M,Brandenburg,Torgau,2019-10-11,Fair
CUST-01572,44,M,Baden-Wuerttemberg,Pegnitz,2021-12-16,Fair
CUST-01573,61,M,Saxony-Anhalt,Pößneck,2015-07-31,Excellent
CUST-01574,47,F,Bremen,Arnstadt,2021-12-10,Excellent
CUST-01575,39,F,Saxony,Koblenz,2022-04-08,Good
CUST-01576,84,M,Berlin,Neubrandenburg,2016-07-20,Poor
CUST-01577,18,M,Lower Saxony,Kleve,2022-04-12,Good
CUST-01578,44,M,Rhineland-Palatinate,Finsterwalde,2018-08-05,Good
CUST-01579,44,F,Hamburg,Bad Langensalza,2018-02-09,Excellent
CUST-01580,85,F,Saxony-Anhalt,Schwarzenberg,2020-01-28,Good
CUST-01581,80,M,Saarland,Nürtingen,2022-12-17,Good
CUST-01582,72,F,Bremen,Zeulenroda,2021-12-18,Good
CUST-01583,20,M,Berlin,Gransee,2020-02-19,Excellent
CUST-01584,27,F,Saxony,Wernigerode,2018-03-27,Poor
CUST-01585,54,M,Lower Saxony,Sankt Goar,2016-11-05,Good
CUST-01586,56,M,Saarland,Regensburg,2016-09-08,Fair
CUST-01587,62,M,Brandenburg,Griesbach Rottal,2019-09-03,Poor
CUST-01588,68,M,Saarland,Pasewalk,2018-11-21,Good
CUST-01589,52,M,Brandenburg,Regen,2017-02-13,Excellent
CUST-01590,51,M,Thuringia,Osterode am Harz,2019-08-14,Good
CUST-01591,56,F,Saarland,Dinkelsbühl,2021-08-27,Fair
CUST-01592,77,F,Bremen,Büsingen am Hochrhein,2018-05-30,Good
CUST-01593,72,F,Saxony,Waren,2023-11-07,Good
CUST-01594,19,F,Saxony-Anhalt,Güstrow,2018-03-26,Fair
CUST-01595,62,M,Hesse,Sangerhausen,2018-12-17,Good
CUST-01596,67,M,Saxony,Waldmünchen,2022-12-25,Good
CUST-01597,76,M,Saxony,Schlüchtern,2022-12-10,Fair
CUST-01598,45,M,Saxony,Königs Wusterhausen,2017-09-01,Excellent
CUST-01599,27,F,Hesse,Hagenow,2019-12-11,Good
CUST-01600,49,M,Berlin,Rostock,2021-04-22,Fair
CUST-01601,26,F,Saxony-Anhalt,Gera,2016-08-28,Good
CUST-01602,55,M,Brandenburg,Aurich,2016-05-12,Poor
CUST-01603,53,F,Saarland,Heiligenstadt,2023-08-14,Excellent
CUST-01604,68,F,Thuringia,Main-Höchst,2016-10-01,Excellent
CUST-01605,24,F,Brandenburg,Rastatt,2020-04-25,Fair
CUST-01606,84,M,Bremen,Ingolstadt,2018-10-19,Fair
CUST-01607,20,F,North Rhine-Westphalia,Uffenheim,2016-07-25,Fair
CUST-01608,59,M,Brandenburg,Wittmund,2015-04-12,Good
CUST-01609,51,M,Bremen,Eisleben,2019-01-03,Excellent
CUST-01610,32,M,Berlin,Borna,2021-07-17,Good
CUST-01611,63,F,Berlin,Wiedenbrück,2015-04-03,Excellent
CUST-01612,66,F,Baden-Wuerttemberg,Eggenfelden,2020-09-27,Good
CUST-01613,81,F,Thuringia,Brand,2021-10-06,Good
CUST-01614,60,M,Saxony-Anhalt,Einbeck,2019-06-17,Excellent
CUST-01615,24,F,Saxony-Anhalt,Riesa,2019-05-01,Good
CUST-01616,66,F,Saxony-Anhalt,Eisleben,2018-12-10,Good
CUST-01617,25,F,Baden-Wuerttemberg,Fulda,2017-06-02,Fair
CUST-01618,28,F,Hamburg,Pößneck,2019-12-18,Good
CUST-01619,73,F,Hamburg,Bautzen,2016-07-25,Fair
CUST-01620,64,M,Hesse,Eutin,2017-05-01,Good
CUST-01621,50,F,Baden-Wuerttemberg,Groß-Gerau,2021-08-16,Fair
CUST-01622,63,M,Bavaria,Burglengenfeld,2019-08-05,Good
CUST-01623,51,F,Hamburg,Borna,2016-12-17,Good
CUST-01624,55,M,Berlin,Brand,2017-01-31,Fair
CUST-01625,48,F,Saarland,Pasewalk,2015-06-22,Fair
CUST-01626,20,F,Brandenburg,Bad Kreuznach,2020-07-16,Good
CUST-01627,65,F,Rhineland-Palatinate,Wittmund,2015-04-20,Fair
CUST-01628,50,M,Schleswig-Holstein,Grimmen,2018-05-14,Poor
CUST-01629,75,F,Lower Saxony,Melle,2022-05-02,Fair
CUST-01630,68,F,Hamburg,Miltenberg,2017-01-04,Good
CUST-01631,65,M,Bavaria,Bad Liebenwerda,2016-05-03,Fair
CUST-01632,65,F,Baden-Wuerttemberg,Schlüchtern,2021-09-19,Fair
CUST-01633,35,F,Hamburg,Erkelenz,2017-11-22,Good
CUST-01634,35,F,Lower Saxony,Konstanz,2019-03-09,Good
CUST-01635,59,M,Schleswig-Holstein,Hohenmölsen,2016-10-29,Good
CUST-01636,51,M,Thuringia,Zossen,2020-03-03,Fair
CUST-01637,74,M,Saxony-Anhalt,Deggendorf,2016-10-30,Excellent
CUST-01638,44,F,Hamburg,Dinslaken,2022-02-19,Poor
CUST-01639,77,F,North Rhine-Westphalia,Greifswald,2018-04-02,Good
CUST-01640,69,M,Berlin,Mettmann,2023-08-06,Good
CUST-01641,60,M,Saxony,Bad Freienwalde,2021-02-05,Good
CUST-01642,52,F,Brandenburg,Grevenbroich,2018-01-16,Fair
CUST-01643,50,F,Lower Saxony,Tirschenreuth,2020-12-28,Good
CUST-01644,83,M,Bavaria,Marktheidenfeld,2016-07-14,Good
CUST-01645,41,F,Saarland,Gerolzhofen,2019-08-15,Good
CUST-01646,77,M,Lower Saxony,Worbis,2017-06-11,Excellent
CUST-01647,68,M,Berlin,Jena,2023-12-01,Fair
CUST-01648,71,M,Hamburg,Holzminden,2020-03-01,Poor
CUST-01649,68,M,Hesse,Bad Kreuznach,2015-03-13,Good
CUST-01650,26,F,Saxony-Anhalt,Einbeck,2016-07-23,Fair
CUST-01651,60,F,Saxony,Kyritz,2022-12-17,Good
CUST-01652,71,M,Rhineland-Palatinate,Soltau,2016-06-11,Fair
CUST-01653,52,M,Rhineland-Palatinate,Zeulenroda,2018-06-13,Excellent
CUST-01654,21,M,Baden-Wuerttemberg,Hamburg,2019-10-07,Fair
CUST-01655,27,M,Baden-Wuerttemberg,Meißen,2015-03-19,Fair
CUST-01656,64,F,North Rhine-Westphalia,Rockenhausen,2017-03-15,Excellent
CUST-01657,19,M,Saarland,Main-Höchst,2016-05-02,Poor
CUST-01658,23,M,Baden-Wuerttemberg,Kitzingen,2018-05-20,Fair
CUST-01659,81,M,Lower Saxony,Göppingen,2021-09-30,Excellent
CUST-01660,53,M,Saxony,Sankt Goar,2022-07-09,Good
CUST-01661,72,M,Hesse,Melle,2023-05-15,Poor
CUST-01662,19,F,Saxony-Anhalt,Regensburg,2016-10-19,Fair
CUST-01663,38,M,Baden-Wuerttemberg,Görlitz,2016-02-10,Fair
CUST-01664,65,M,Berlin,Nördlingen,2023-01-10,Excellent
CUST-01665,67,F,Saxony,Wolmirstedt,2023-06-16,Good
CUST-01666,19,M,Berlin,Nördlingen,2020-08-27,Fair
CUST-01667,57,F,Saxony-Anhalt,Calau,2022-10-30,Good
CUST-01668,69,F,Lower Saxony,Altentreptow,2017-01-10,Fair
CUST-01669,46,F,Hamburg,Goslar,2017-05-27,Good
CUST-01670,73,F,Lower Saxony,Bad Freienwalde,2023-07-16,Poor
CUST-01671,64,M,Bremen,Hamburg,2016-03-27,Good
CUST-01672,58,F,Saxony-Anhalt,Kusel,2022-11-26,Good
CUST-01673,73,M,Baden-Wuerttemberg,Northeim,2018-09-05,Good
CUST-01674,60,F,Brandenburg,Marienberg,2020-02-15,Good
CUST-01675,37,F,Bremen,Brilon,2017-07-14,Good
CUST-01676,76,F,Hamburg,Burgdorf,2017-02-12,Fair
CUST-01677,61,F,Saxony-Anhalt,Merseburg,2017-01-04,Excellent
CUST-01678,56,F,Lower Saxony,Moers,2019-06-12,Good
CUST-01679,64,M,Lower Saxony,Strasburg,2016-08-10,Good
CUST-01680,68,M,Saxony,Erfurt,2015-09-23,Good
CUST-01681,85,M,Thuringia,Euskirchen,2017-03-31,Good
CUST-01682,53,F,Lower Saxony,Ahaus,2017-08-11,Fair
CUST-01683,33,F,Schleswig-Holstein,Altentreptow,2023-07-30,Fair
CUST-01684,69,F,Mecklenburg-Vorpommern,Wurzen,2018-12-29,Good
CUST-01685,79,F,Saarland,Ebern,2020-09-25,Good
CUST-01686,77,F,Lower Saxony,Darmstadt,2016-05-15,Good
CUST-01687,43,F,Rhineland-Palatinate,Tuttlingen,2022-01-17,Poor
CUST-01688,62,M,Lower Saxony,Pinneberg,2023-04-11,Excellent
CUST-01689,40,M,Saarland,Kehl,2022-08-09,Excellent
CUST-01690,38,M,Mecklenburg-Vorpommern,Gadebusch,2021-10-12,Fair
CUST-01691,72,M,Brandenburg,Wolfach,2021-12-22,Good
CUST-01692,39,M,Saarland,Melle,2023-11-22,Good
CUST-01693,52,F,Saarland,Pegnitz,2020-07-01,Good
CUST-01694,46,F,Bavaria,Wunsiedel,2023-07-27,Excellent
CUST-01695,36,F,Lower Saxony,Neunburg vorm Wald,2019-04-21,Good
CUST-01696,43,F,Bremen,Senftenberg,2020-02-26,Excellent
CUST-01697,76,M,Brandenburg,Rostock,2022-12-02,Excellent
CUST-01698,67,F,Hesse,Paderborn,2018-07-03,Fair
CUST-01699,19,F,Lower Saxony,Hofgeismar,2021-05-19,Fair
CUST-01700,68,F,Saarland,Hersbruck,2021-04-21,Fair
CUST-01701,49,M,Mecklenburg-Vorpommern,Staßfurt,2017-12-14,Good
CUST-01702,81,F,Saxony-Anhalt,Heinsberg,2023-08-06,Poor
CUST-01703,59,F,North Rhine-Westphalia,Wernigerode,2015-04-26,Good
CUST-01704,61,M,Saxony-Anhalt,Calau,2018-11-29,Fair
CUST-01705,70,M,Thuringia,Riesa,2019-04-08,Excellent
CUST-01706,78,F,Saxony-Anhalt,Torgau,2019-08-15,Good
CUST-01707,37,M,Rhineland-Palatinate,Einbeck,2017-08-19,Good
CUST-01708,29,M,Baden-Wuerttemberg,Germersheim,2018-06-02,Excellent
CUST-01709,29,M,Bavaria,Germersheim,2021-01-14,Good
CUST-01710,56,F,Hamburg,Viersen,2021-05-15,Good
CUST-01711,37,F,Schleswig-Holstein,Querfurt,2015-03-25,Fair
CUST-01712,68,M,Thuringia,Potsdam,2019-03-28,Good
CUST-01713,25,F,Lower Saxony,Ochsenfurt,2020-06-23,Excellent
CUST-01714,85,M,Thuringia,Wunsiedel,2020-07-27,Good
CUST-01715,51,F,Saxony,Celle,2021-11-23,Good
CUST-01716,76,F,Berlin,Eberswalde,2020-07-28,Good
CUST-01717,42,M,Berlin,Mayen,2018-03-23,Good
CUST-01718,39,F,Mecklenburg-Vorpommern,Gadebusch,2017-07-14,Good
CUST-01719,48,M,Lower Saxony,Fallingbostel,2021-08-21,Good
CUST-01720,53,M,Saarland,Mettmann,2019-10-16,Excellent
CUST-01721,32,M,Brandenburg,Lobenstein,2020-08-29,Fair
CUST-01722,54,F,Thuringia,Schrobenhausen,2017-03-30,Good
CUST-01723,74,F,Bremen,Northeim,2022-07-13,Fair
CUST-01724,28,M,Bavaria,Biedenkopf,2022-01-15,Fair
CUST-01725,63,M,Saarland,Beeskow,2017-05-22,Fair
CUST-01726,41,F,Schleswig-Holstein,Kaiserslautern,2022-02-25,Good
CUST-01727,72,F,North Rhine-Westphalia,Dieburg,2020-11-09,Excellent
CUST-01728,51,F,Hesse,Dachau,2017-09-11,Excellent
CUST-01729,23,F,Hamburg,Hannoversch Münden,2019-08-08,Good
CUST-01730,25,M,Berlin,Miltenberg,2019-08-17,Good
CUST-01731,66,F,Saxony,Döbeln,2017-11-16,Fair
CUST-01732,47,M,Mecklenburg-Vorpommern,Helmstedt,2017-09-03,Excellent
CUST-01733,40,M,Bavaria,Arnstadt,2017-10-02,Fair
CUST-01734,45,F,Bremen,Iserlohn,2020-06-11,Good
CUST-01735,66,F,Hamburg,Bayreuth,2022-04-03,Poor
CUST-01736,36,M,Saxony,Cuxhaven,2018-01-22,Excellent
CUST-01737,49,F,Schleswig-Holstein,Ansbach,2022-05-21,Good
CUST-01738,47,M,Saarland,Hannoversch Münden,2023-10-10,Excellent
CUST-01739,80,M,Thuringia,Ravensburg,2021-09-30,Good
CUST-01740,44,M,Hamburg,Rosenheim,2019-01-28,Fair
CUST-01741,50,M,Mecklenburg-Vorpommern,Stadtroda,2023-02-14,Fair
CUST-01742,19,M,Lower Saxony,Kassel,2021-05-27,Fair
CUST-01743,60,M,Schleswig-Holstein,Mayen,2020-07-26,Fair
CUST-01744,32,M,Lower Saxony,Heinsberg,2023-09-02,Fair
CUST-01745,25,F,Mecklenburg-Vorpommern,Meiningen,2023-05-24,Fair
CUST-01746,78,F,Berlin,Neunburg vorm Wald,2016-08-13,Excellent
CUST-01747,48,M,Schleswig-Holstein,Grafenau,2019-12-06,Good
CUST-01748,41,M,Saarland,Schongau,2020-12-25,Good
CUST-01749,61,M,Thuringia,Holzminden,2021-02-13,Good
CUST-01750,55,M,Schleswig-Holstein,Torgau,2023-10-18,Poor
CUST-01751,67,F,Saarland,Höxter,2023-01-10,Good
CUST-01752,22,F,Bavaria,Jülich,2022-03-28,Poor
CUST-01753,32,M,North Rhine-Westphalia,Saarbrücken,2022-09-30,Poor
CUST-01754,81,M,Schleswig-Holstein,Forchheim,2021-03-13,Good
CUST-01755,47,F,Lower Saxony,Olpe,2020-12-30,Fair
CUST-01756,53,F,Mecklenburg-Vorpommern,Garmisch-Partenkirchen,2015-02-02,Poor
CUST-01757,46,F,Schleswig-Holstein,Wolfratshausen,2018-05-17,Excellent
CUST-01758,70,M,Brandenburg,Gardelegen,2017-05-11,Fair
CUST-01759,31,M,Bremen,Dessau,2022-01-30,Good
CUST-01760,72,F,North Rhine-Westphalia,Aue,2018-01-27,Fair
CUST-01761,55,F,Saarland,Germersheim,2023-04-07,Good
CUST-01762,63,F,Hamburg,Bremervörde,2016-02-16,Fair
CUST-01763,74,F,Baden-Wuerttemberg,Lüdenscheid,2018-12-12,Good
CUST-01764,39,F,Bremen,Sankt Goar,2022-10-18,Excellent
CUST-01765,83,M,Saxony,Mühlhausen,2022-01-25,Good
CUST-01766,38,M,Bavaria,Mallersdorf,2019-06-30,Excellent
CUST-01767,62,F,Thuringia,Güstrow,2021-06-16,Excellent
CUST-01768,80,M,Rhineland-Palatinate,Ilmenau,2020-10-16,Fair
CUST-01769,57,M,Hamburg,Teterow,2023-11-21,Poor
CUST-01770,55,F,Saarland,Güstrow,2023-03-31,Excellent
CUST-01771,40,M,Thuringia,Hettstedt,2023-12-19,Good
CUST-01772,33,M,Hamburg,Meppen,2019-02-14,Excellent
CUST-01773,28,F,Rhineland-Palatinate,Freudenstadt,2015-03-26,Poor
CUST-01774,28,M,Baden-Wuerttemberg,Gifhorn,2020-03-09,Excellent
CUST-01775,64,M,North Rhine-Westphalia,Forst,2019-07-01,Good
CUST-01776,20,F,Hesse,Wertingen,2015-12-31,Poor
CUST-01777,48,M,Lower Saxony,Badalzungen,2015-02-27,Fair
CUST-01778,77,F,Bremen,Dieburg,2022-07-22,Good
CUST-01779,53,M,Berlin,Aschaffenburg,2017-02-19,Poor
CUST-01780,76,F,Brandenburg,Bützow,2023-05-16,Good
CUST-01781,43,M,Hamburg,Sternberg,2017-04-26,Good
CUST-01782,75,F,Berlin,Ravensburg,2019-09-10,Excellent
CUST-01783,60,M,Bavaria,Regensburg,2018-04-03,Poor
CUST-01784,38,M,Bremen,Fürstenfeldbruck,2017-10-14,Good
CUST-01785,30,F,Baden-Wuerttemberg,Uffenheim,2015-02-12,Good
CUST-01786,39,F,Mecklenburg-Vorpommern,Berchtesgaden,2022-09-14,Excellent
CUST-01787,24,F,Hamburg,Sulzbach-Rosenberg,2023-04-04,Good
CUST-01788,35,M,Lower Saxony,Main-Höchst,2021-03-31,Excellent
CUST-01789,24,F,Rhineland-Palatinate,Gräfenhainichen,2020-04-12,Poor
CUST-01790,33,M,Bavaria,Darmstadt,2017-11-04,Good
CUST-01791,57,F,Brandenburg,Mayen,2019-06-05,Fair
CUST-01792,72,M,North Rhine-Westphalia,Riesa,2021-07-05,Excellent
CUST-01793,29,M,Saarland,Biedenkopf,2018-10-21,Fair
CUST-01794,54,M,Baden-Wuerttemberg,Bergzabern,2018-07-23,Fair
CUST-01795,86,F,Hesse,Dieburg,2017-12-02,Excellent
CUST-01796,81,M,Hesse,Kemnath,2020-08-06,Fair
CUST-01797,76,F,Saxony-Anhalt,Rochlitz,2019-10-28,Good
CUST-01798,33,F,Schleswig-Holstein,Perleberg,2020-10-18,Good
CUST-01799,45,M,Thuringia,Neustadtner Waldnaab,2023-04-07,Poor
CUST-01800,43,M,Bremen,Anklam,2015-08-06,Excellent
CUST-01801,71,M,Rhineland-Palatinate,Vechta,2017-01-20,Excellent
CUST-01802,43,F,Saxony,Jüterbog,2022-12-01,Good
CUST-01803,40,M,Saarland,Cottbus,2015-06-17,Good
CUST-01804,59,F,Bremen,Mallersdorf,2020-07-12,Excellent
CUST-01805,33,M,Lower Saxony,Rudolstadt,2018-12-02,Excellent
CUST-01806,58,F,Saxony,Altentreptow,2016-11-20,Fair
CUST-01807,81,F,Berlin,Viersen,2021-07-18,Poor
CUST-01808,28,M,Saxony,Pirmasens,2019-09-02,Poor
CUST-01809,74,M,Saarland,Sulzbach-Rosenberg,2022-08-04,Excellent
CUST-01810,28,F,Bavaria,Wolfratshausen,2018-03-10,Fair
CUST-01811,56,M,Mecklenburg-Vorpommern,Malchin,2019-03-11,Good
CUST-01812,23,M,Thuringia,Gräfenhainichen,2016-09-21,Excellent
CUST-01813,53,F,Saarland,Vilsbiburg,2020-02-03,Good
CUST-01814,79,F,Bavaria,Merseburg,2018-09-11,Poor
CUST-01815,32,F,Thuringia,Sangerhausen,2023-03-16,Poor
CUST-01816,61,M,Berlin,Böblingen,2015-07-19,Fair
CUST-01817,67,F,Thuringia,Erbisdorf,2023-12-14,Excellent
CUST-01818,36,M,Mecklenburg-Vorpommern,Oschatz,2016-01-15,Good
CUST-01819,85,M,Rhineland-Palatinate,Niesky,2023-08-24,Fair
CUST-01820,60,M,Bavaria,Lüdenscheid,2017-05-02,Excellent
CUST-01821,76,F,Brandenburg,Hammelburg,2022-04-04,Fair
CUST-01822,77,M,Lower Saxony,Feuchtwangen,2018-05-07,Good
CUST-01823,25,F,Brandenburg,Siegen,2022-09-06,Good
CUST-01824,84,F,Lower Saxony,Döbeln,2019-02-14,Good
CUST-01825,56,F,Bremen,Hildesheim,2019-05-09,Good
CUST-01826,19,F,Baden-Wuerttemberg,Rehau,2023-06-26,Good
CUST-01827,35,F,Saxony,Warendorf,2019-11-14,Good
CUST-01828,40,M,North Rhine-Westphalia,Ansbach,2020-10-03,Good
CUST-01829,82,F,Rhineland-Palatinate,Bad Freienwalde,2022-04-06,Fair
CUST-01830,44,M,Saarland,Havelberg,2020-11-29,Good
CUST-01831,20,M,Brandenburg,Roding,2020-04-01,Good
CUST-01832,76,F,Brandenburg,Duderstadt,2016-08-31,Poor
CUST-01833,71,F,Rhineland-Palatinate,Konstanz,2020-11-12,Good
CUST-01834,62,M,Baden-Wuerttemberg,Sankt Goarshausen,2015-07-04,Good
CUST-01835,21,F,Hamburg,Zeulenroda,2016-01-23,Good
CUST-01836,38,F,Saxony-Anhalt,Bautzen,2017-11-09,Good
CUST-01837,60,M,Lower Saxony,Werdau,2023-04-22,Fair
CUST-01838,43,M,Saxony,Wesel,2019-05-29,Excellent
CUST-01839,80,F,Brandenburg,Nabburg,2018-07-09,Good
CUST-01840,53,F,Bremen,Pritzwalk,2021-12-30,Fair
CUST-01841,41,F,Saxony,Weißenfels,2017-05-14,Excellent
CUST-01842,68,F,Lower Saxony,Amberg,2019-11-12,Good
CUST-01843,24,M,Mecklenburg-Vorpommern,Göttingen,2016-04-22,Excellent
CUST-01844,41,F,Bremen,Jülich,2022-10-04,Good
CUST-01845,81,F,Brandenburg,Main-Höchst,2021-12-08,Fair
CUST-01846,30,F,Mecklenburg-Vorpommern,Finsterwalde,2018-05-24,Excellent
CUST-01847,23,M,Bavaria,Cloppenburg,2017-02-20,Excellent
CUST-01848,31,M,Berlin,Fulda,2015-04-20,Excellent
CUST-01849,20,M,Rhineland-Palatinate,Eggenfelden,2019-11-20,Fair
CUST-01850,86,M,Baden-Wuerttemberg,Eisenach,2018-05-17,Fair
CUST-01851,57,M,Saarland,Zeulenroda,2019-09-25,Excellent
CUST-01852,59,M,Hesse,Lübben,2023-04-15,Fair
CUST-01853,61,F,Saarland,Kleve,2015-03-22,Fair
CUST-01854,33,M,Berlin,Koblenz,2018-04-22,Good
CUST-01855,68,F,North Rhine-Westphalia,Northeim,2018-09-29,Excellent
CUST-01856,25,F,Hamburg,Bischofswerda,2020-07-23,Fair
CUST-01857,52,F,North Rhine-Westphalia,Groß-Gerau,2020-06-19,Good
CUST-01858,78,F,Rhineland-Palatinate,Chemnitz,2023-01-04,Excellent
CUST-01859,43,M,Hamburg,Apolda,2021-06-18,Good
CUST-01860,62,M,Schleswig-Holstein,Marktheidenfeld,2022-04-09,Good
CUST-01861,35,F,Lower Saxony,Grevenbroich,2020-07-19,Good
CUST-01862,71,F,Bremen,Deggendorf,2022-10-28,Good
CUST-01863,68,M,Brandenburg,Germersheim,2023-02-22,Excellent
CUST-01864,70,F,Bremen,Schweinfurt,2017-08-08,Good
CUST-01865,46,F,Bremen,Konstanz,2016-06-21,Fair
CUST-01866,45,F,Hamburg,Zerbst,2022-07-20,Fair
CUST-01867,82,F,Saarland,Zossen,2023-12-20,Poor
CUST-01868,33,M,Berlin,Bützow,2018-03-02,Fair
CUST-01869,29,M,Saarland,Stuttgart,2016-06-12,Excellent
CUST-01870,47,M,Saarland,Wernigerode,2016-02-18,Fair
CUST-01871,30,F,Brandenburg,Hohenstein-Ernstthal,2017-08-19,Excellent
CUST-01872,60,M,Bavaria,Grimmen,2019-01-09,Fair
CUST-01873,79,F,Saxony,Moers,2016-12-16,Fair
CUST-01874,47,M,Baden-Wuerttemberg,Anklam,2018-10-15,Good
CUST-01875,59,M,Lower Saxony,Siegen,2021-04-20,Excellent
CUST-01876,20,F,Thuringia,Coburg,2023-10-20,Good
CUST-01877,21,M,Schleswig-Holstein,Dessau,2016-09-11,Fair
CUST-01878,85,M,North Rhine-Westphalia,Bützow,2019-11-29,Fair
CUST-01879,35,M,Lower Saxony,Leipziger Land,2023-10-07,Good
CUST-01880,41,M,North Rhine-Westphalia,Rochlitz,2020-09-08,Excellent
CUST-01881,83,M,Berlin,Dessau,2019-01-21,Excellent
CUST-01882,27,F,Bremen,Mallersdorf,2023-07-19,Good
CUST-01883,62,M,Hesse,Wetzlar,2022-04-04,Good
CUST-01884,48,M,Lower Saxony,Norden,2017-04-06,Good
CUST-01885,49,F,Bavaria,Lörrach,2017-10-01,Fair
CUST-01886,47,F,Thuringia,Freising,2018-03-20,Good
CUST-01887,33,M,Schleswig-Holstein,Rottweil,2019-03-06,Fair
CUST-01888,71,F,Saxony-Anhalt,Peine,2022-01-22,Fair
CUST-01889,52,M,Hamburg,Grevenbroich,2023-10-30,Excellent
CUST-01890,49,F,Hamburg,Brand,2019-08-04,Fair
CUST-01891,57,F,Bavaria,Berlin,2019-12-18,Excellent
CUST-01892,51,M,Baden-Wuerttemberg,Pritzwalk,2015-12-14,Good
CUST-01893,75,F,Saxony,Wolfenbüttel,2019-11-13,Excellent
CUST-01894,76,M,Hesse,Recklinghausen,2021-06-11,Excellent
CUST-01895,55,F,Hamburg,Kehl,2019-07-05,Fair
CUST-01896,26,F,Thuringia,Forchheim,2018-11-10,Excellent
CUST-01897,52,F,Hesse,Gießen,2022-11-08,Good
CUST-01898,65,M,Bremen,Wetzlar,2022-10-27,Good
CUST-01899,60,F,Berlin,Melsungen,2018-05-20,Excellent
CUST-01900,69,F,Mecklenburg-Vorpommern,Königs Wusterhausen,2023-02-18,Fair
CUST-01901,52,M,Brandenburg,Ueckermünde,2017-05-25,Excellent
CUST-01902,19,F,Thuringia,Schweinfurt,2023-06-28,Good
CUST-01903,39,M,Bavaria,Schleiz,2023-12-07,Good
CUST-01904,73,F,Rhineland-Palatinate,Oberviechtach,2023-09-06,Good
CUST-01905,46,F,Lower Saxony,Backnang,2023-03-18,Excellent
CUST-01906,49,F,Schleswig-Holstein,Eberswalde,2022-01-12,Good
CUST-01907,73,M,North Rhine-Westphalia,Ebermannstadt,2023-06-26,Fair
CUST-01908,82,M,Bremen,Ingolstadt,2018-05-05,Good
CUST-01909,78,M,Bremen,Demmin,2018-10-20,Poor
CUST-01910,75,M,Saxony-Anhalt,Northeim,2018-05-10,Good
CUST-01911,68,M,Mecklenburg-Vorpommern,Erkelenz,2020-10-29,Fair
CUST-01912,64,M,Thuringia,Kyritz,2020-10-16,Good
CUST-01913,85,F,Bremen,Kronach,2016-02-06,Excellent
CUST-01914,71,F,Hamburg,Hersbruck,2015-12-02,Excellent
CUST-01915,75,F,Hesse,Niesky,2020-05-04,Excellent
CUST-01916,36,M,Saxony-Anhalt,Artern,2022-08-04,Good
CUST-01917,61,F,Schleswig-Holstein,Witzenhausen,2021-07-21,Good
CUST-01918,25,F,Bremen,Ahaus,2022-09-23,Poor
CUST-01919,21,F,Hamburg,Schleiz,2016-10-29,Excellent
CUST-01920,53,M,Saarland,Hamburg,2022-12-22,Good
CUST-01921,37,M,Berlin,Helmstedt,2020-02-09,Good
CUST-01922,27,M,Saxony-Anhalt,Gerolzhofen,2016-05-01,Good
CUST-01923,21,F,Lower Saxony,Rothenburg ob der Tauber,2016-05-10,Good
CUST-01924,45,F,North Rhine-Westphalia,Staffelstein,2020-11-11,Excellent
CUST-01925,34,F,Brandenburg,Uelzen,2019-03-14,Good
CUST-01926,57,F,Bavaria,Schwerin,2023-11-15,Excellent
CUST-01927,70,F,North Rhine-Westphalia,Freudenstadt,2018-06-03,Fair
CUST-01928,32,M,Saxony,Wolfenbüttel,2023-04-18,Good
CUST-01929,76,M,Saxony-Anhalt,Querfurt,2015-10-04,Fair
CUST-01930,47,F,Saarland,Sternberg,2021-06-05,Good
CUST-01931,27,F,Thuringia,Kassel,2023-10-06,Good
CUST-01932,82,M,Hesse,Wetzlar,2020-08-29,Good
CUST-01933,76,F,Bremen,Seelow,2016-09-02,Fair
CUST-01934,78,F,Baden-Wuerttemberg,Bützow,2023-12-21,Good
CUST-01935,44,F,Mecklenburg-Vorpommern,Aurich,2017-08-11,Poor
CUST-01936,77,F,North Rhine-Westphalia,Hohenmölsen,2022-07-09,Fair
CUST-01937,82,F,Baden-Wuerttemberg,Brilon,2016-11-09,Fair
CUST-01938,39,F,Lower Saxony,Wittenberg,2022-03-22,Good
CUST-01939,25,M,North Rhine-Westphalia,Pinneberg,2021-05-24,Good
CUST-01940,74,F,Bavaria,Görlitz,2016-05-07,Fair
CUST-01941,25,M,Bavaria,Freital,2018-01-31,Fair
CUST-01942,25,M,Bremen,Ingolstadt,2015-12-13,Fair
CUST-01943,47,F,Mecklenburg-Vorpommern,Bad Mergentheim,2021-08-09,Excellent
CUST-01944,28,M,Thuringia,Torgau,2019-11-26,Excellent
CUST-01945,64,M,Thuringia,Düren,2019-04-14,Good
CUST-01946,79,M,Lower Saxony,Jena,2021-01-28,Excellent
CUST-01947,60,M,Saxony,Halberstadt,2017-11-12,Fair
CUST-01948,36,M,Brandenburg,Eisenberg,2019-07-27,Fair
CUST-01949,52,M,Thuringia,Schmölln,2017-01-13,Excellent
CUST-01950,30,M,Brandenburg,Aue,2019-05-17,Excellent
CUST-01951,54,M,Hamburg,Soest,2018-08-20,Good
CUST-01952,68,M,North Rhine-Westphalia,Hohenstein-Ernstthal,2017-04-09,Excellent
CUST-01953,58,M,Saarland,Ludwigsburg,2020-09-14,Fair
CUST-01954,67,F,Lower Saxony,Höxter,2018-01-08,Excellent
CUST-01955,64,F,Hamburg,Bernburg,2015-09-26,Good
CUST-01956,33,F,Rhineland-Palatinate,Iserlohn,2015-03-18,Good
CUST-01957,55,M,Rhineland-Palatinate,Niesky,2023-07-23,Good
CUST-01958,74,M,Brandenburg,Bayreuth,2021-05-16,Good
CUST-01959,42,M,Berlin,Flöha,2023-10-12,Poor
CUST-01960,78,F,Saxony,Passau,2023-10-09,Excellent
CUST-01961,44,F,Bremen,Cuxhaven,2015-06-21,Excellent
CUST-01962,56,F,Brandenburg,Demmin,2022-04-28,Poor
CUST-01963,79,M,North Rhine-Westphalia,Weißenfels,2020-05-29,Good
CUST-01964,56,F,Mecklenburg-Vorpommern,Kelheim,2018-12-10,Fair
CUST-01965,79,M,Brandenburg,Tuttlingen,2015-07-06,Excellent
CUST-01966,24,M,Brandenburg,Heiligenstadt,2016-01-03,Good
CUST-01967,54,M,Hesse,Kyritz,2023-02-17,Good
CUST-01968,62,F,Hamburg,Schlüchtern,2017-05-13,Good
CUST-01969,69,F,Thuringia,Burgdorf,2022-02-14,Good
CUST-01970,48,F,Schleswig-Holstein,Eilenburg,2017-10-04,Fair
CUST-01971,66,F,Thuringia,Neuruppin,2017-05-12,Good
CUST-01972,19,F,Bavaria,Iserlohn,2022-10-04,Excellent
CUST-01973,63,M,Saarland,Mallersdorf,2015-01-18,Poor
CUST-01974,20,M,Hamburg,Steinfurt,2021-03-26,Fair
CUST-01975,51,F,Mecklenburg-Vorpommern,Bad Kissingen,2021-01-13,Excellent
CUST-01976,21,M,Bavaria,Schwerin,2022-07-13,Good
CUST-01977,82,M,Saxony-Anhalt,Grevesmühlen,2019-03-22,Fair
CUST-01978,67,F,Mecklenburg-Vorpommern,Ilmenau,2016-12-26,Fair
CUST-01979,47,M,Lower Saxony,Iserlohn,2020-03-10,Good
CUST-01980,81,M,Bremen,München,2015-02-08,Excellent
CUST-01981,26,M,Schleswig-Holstein,Wunsiedel,2022-08-19,Poor
CUST-01982,69,F,Berlin,Potsdam,2016-01-04,Fair
CUST-01983,56,F,Rhineland-Palatinate,Kaiserslautern,2017-08-17,Poor
CUST-01984,23,F,North Rhine-Westphalia,Sternberg,2018-02-23,Good
CUST-01985,74,M,Bavaria,Jena,2017-03-14,Poor
CUST-01986,54,F,Lower Saxony,Apolda,2018-02-10,Good
CUST-01987,45,F,Saxony,Rehau,2021-03-10,Excellent
CUST-01988,70,M,Baden-Wuerttemberg,Füssen,2021-08-06,Excellent
CUST-01989,20,M,Hesse,Zschopau,2017-11-29,Poor
CUST-01990,42,M,Schleswig-Holstein,Burglengenfeld,2017-02-24,Fair
CUST-01991,46,M,Schleswig-Holstein,Bischofswerda,2022-08-20,Good
CUST-01992,45,F,Bavaria,Eisenhüttenstadt,2019-10-16,Good
CUST-01993,22,M,Thuringia,Viechtach,2019-11-07,Fair
CUST-01994,82,F,Schleswig-Holstein,Mellrichstadt,2016-05-13,Fair
CUST-01995,62,F,Saarland,Pegnitz,2019-01-20,Good
CUST-01996,49,M,Rhineland-Palatinate,Mettmann,2015-07-12,Good
CUST-01997,31,F,Bremen,Illertissen,2018-07-19,Excellent
CUST-01998,20,M,Thuringia,Eilenburg,2015-12-02,Fair
CUST-01999,37,M,Rhineland-Palatinate,Gardelegen,2022-09-25,Good
CUST-02000,31,M,Rhineland-Palatinate,Schwabmünchen,2017-03-17,Excellent
CUST-02001,60,F,Baden-Wuerttemberg,Ansbach,2022-01-08,Good
CUST-02002,59,M,Saarland,Sebnitz,2019-11-05,Fair
CUST-02003,65,F,Schleswig-Holstein,Bad Kissingen,2017-10-09,Excellent
CUST-02004,70,M,Thuringia,Göttingen,2015-08-11,Fair
CUST-02005,21,M,Baden-Wuerttemberg,Germersheim,2023-09-13,Good
CUST-02006,78,F,Lower Saxony,Scheinfeld,2022-01-05,Good
CUST-02007,66,M,Baden-Wuerttemberg,Auerbach,2015-09-06,Poor
CUST-02008,28,F,Thuringia,Erfurt,2022-10-11,Excellent
CUST-02009,41,M,North Rhine-Westphalia,Döbeln,2023-12-31,Good
CUST-02010,48,F,Hamburg,Backnang,2015-09-27,Excellent
CUST-02011,35,M,North Rhine-Westphalia,Burg,2018-04-22,Fair
CUST-02012,26,F,Lower Saxony,Karlsruhe,2021-12-03,Fair
CUST-02013,29,M,Bavaria,Hannoversch Münden,2020-02-01,Good
CUST-02014,26,F,Lower Saxony,Wolgast,2018-10-23,Fair
CUST-02015,57,M,Bremen,Recklinghausen,2020-10-19,Good
CUST-02016,85,M,Lower Saxony,Kronach,2016-02-25,Excellent
CUST-02017,21,M,Berlin,Olpe,2021-06-05,Excellent
CUST-02018,50,F,Saxony-Anhalt,Lörrach,2019-09-21,Good
CUST-02019,43,F,Saxony,Potsdam,2017-09-22,Excellent
CUST-02020,84,M,North Rhine-Westphalia,Königs Wusterhausen,2016-06-06,Good
CUST-02021,58,F,Saxony-Anhalt,Worbis,2018-06-28,Good
CUST-02022,65,M,Hesse,Nabburg,2020-04-07,Good
CUST-02023,21,F,Brandenburg,Groß-Gerau,2019-02-19,Poor
CUST-02024,33,M,North Rhine-Westphalia,Kronach,2017-08-30,Good
CUST-02025,45,M,Hamburg,Sulzbach-Rosenberg,2018-11-09,Excellent
CUST-02026,45,M,Berlin,Leipziger Land,2023-10-22,Excellent
CUST-02027,53,M,Saarland,Gunzenhausen,2022-10-16,Fair
CUST-02028,71,F,Thuringia,Iserlohn,2021-06-27,Good
CUST-02029,23,F,Brandenburg,Wittstock,2019-09-11,Good
CUST-02030,46,M,Bremen,Iserlohn,2023-11-07,Poor
CUST-02031,26,F,Rhineland-Palatinate,Finsterwalde,2015-01-16,Good
CUST-02032,36,M,Bremen,Rosenheim,2021-12-30,Excellent
CUST-02033,43,F,Thuringia,Stade,2023-04-20,Good
CUST-02034,18,F,Saxony,Bad Brückenau,2015-01-28,Good
CUST-02035,70,M,Saxony-Anhalt,Rehau,2015-05-03,Good
CUST-02036,22,M,Brandenburg,Belzig,2019-12-09,Excellent
CUST-02037,63,F,North Rhine-Westphalia,Lippstadt,2015-05-02,Excellent
CUST-02038,84,F,Saxony,Wesel,2017-06-15,Fair
CUST-02039,39,M,Thuringia,Genthin,2021-03-21,Excellent
CUST-02040,74,M,Bavaria,Bützow,2016-12-22,Fair
CUST-02041,80,M,Bavaria,Erkelenz,2022-08-06,Excellent
CUST-02042,43,M,Thuringia,Schwabmünchen,2017-05-11,Good
CUST-02043,66,M,Saxony-Anhalt,Belzig,2019-03-06,Fair
CUST-02044,19,F,Baden-Wuerttemberg,Recklinghausen,2016-04-30,Excellent
CUST-02045,19,M,Berlin,Wertingen,2017-02-24,Good
CUST-02046,80,F,Thuringia,Soest,2021-09-21,Good
CUST-02047,29,M,North Rhine-Westphalia,Vechta,2023-07-23,Good
CUST-02048,38,M,Brandenburg,Kelheim,2023-11-09,Excellent
CUST-02049,63,M,North Rhine-Westphalia,Bayreuth,2022-01-22,Fair
CUST-02050,34,M,Saarland,Main-Höchst,2017-05-07,Fair
CUST-02051,48,F,Baden-Wuerttemberg,Rothenburg ob der Tauber,2016-11-16,Good
CUST-02052,66,F,Saarland,Grimmen,2020-10-26,Good
CUST-02053,39,F,Saxony-Anhalt,Ribnitz-Damgarten,2020-11-22,Fair
CUST-02054,60,F,Saarland,Pritzwalk,2018-01-04,Good
CUST-02055,84,M,Berlin,Kemnath,2017-06-18,Fair
CUST-02056,39,F,Rhineland-Palatinate,Forchheim,2019-06-10,Excellent
CUST-02057,37,F,Mecklenburg-Vorpommern,Schwerin,2021-05-29,Excellent
CUST-02058,82,F,Schleswig-Holstein,Kronach,2021-03-05,Excellent
CUST-02059,21,M,Brandenburg,Tübingen,2019-12-26,Good
CUST-02060,46,M,North Rhine-Westphalia,Dieburg,2020-03-20,Good
CUST-02061,32,F,Hamburg,Bersenbrück,2020-01-22,Good
CUST-02062,71,F,Saxony-Anhalt,Heinsberg,2020-07-30,Good
CUST-02063,45,F,Bavaria,Worbis,2017-01-05,Good
CUST-02064,78,F,Baden-Wuerttemberg,Kleve,2019-01-10,Poor
CUST-02065,60,F,Baden-Wuerttemberg,Lippstadt,2023-10-24,Good
CUST-02066,30,M,Lower Saxony,Grevenbroich,2016-04-30,Excellent
CUST-02067,54,M,Berlin,Naila,2018-09-29,Excellent
CUST-02068,22,F,Schleswig-Holstein,Greiz,2018-05-24,Fair
CUST-02069,77,F,Berlin,Helmstedt,2022-11-30,Good
CUST-02070,55,M,Schleswig-Holstein,Ravensburg,2015-02-04,Fair
CUST-02071,59,F,Saxony-Anhalt,Sigmaringen,2023-10-13,Poor
CUST-02072,84,F,Bavaria,Prenzlau,2020-04-17,Fair
CUST-02073,76,M,Mecklenburg-Vorpommern,Wolgast,2017-07-21,Excellent
CUST-02074,49,M,Saarland,Osterburg,2017-08-15,Good
CUST-02075,67,F,Bremen,Steinfurt,2018-10-27,Fair
CUST-02076,64,F,Berlin,Brandenburg,2019-10-23,Fair
CUST-02077,25,F,Berlin,Bayreuth,2019-12-02,Good
CUST-02078,32,M,Saxony-Anhalt,Aachen,2016-07-23,Good
CUST-02079,85,M,Brandenburg,Mühlhausen,2023-04-11,Excellent
CUST-02080,85,F,Thuringia,Erkelenz,2017-07-12,Good
CUST-02081,47,F,Brandenburg,Burg,2018-08-28,Good
CUST-02082,80,M,Hesse,Bad Liebenwerda,2016-09-21,Poor
CUST-02083,23,F,Mecklenburg-Vorpommern,Altentreptow,2019-04-11,Excellent
CUST-02084,23,F,Baden-Wuerttemberg,Fallingbostel,2020-12-29,Good
CUST-02085,85,F,Lower Saxony,Wesel,2018-09-08,Good
CUST-02086,68,F,Brandenburg,Bamberg,2016-01-17,Excellent
CUST-02087,30,M,North Rhine-Westphalia,Starnberg,2022-09-23,Good
CUST-02088,65,M,Saxony,Geldern,2017-03-26,Excellent
CUST-02089,22,F,Brandenburg,Germersheim,2017-04-23,Excellent
CUST-02090,83,M,Bremen,Hamburg,2015-08-24,Good
CUST-02091,54,M,Saxony,Artern,2018-08-31,Fair
CUST-02092,59,F,Mecklenburg-Vorpommern,Anklam,2016-10-05,Poor
CUST-02093,61,M,Hamburg,Diepholz,2020-05-12,Fair
CUST-02094,60,F,Berlin,Zschopau,2016-06-16,Fair
CUST-02095,21,F,Hamburg,Ebern,2022-12-16,Fair
CUST-02096,82,M,Brandenburg,Waren,2021-08-03,Excellent
CUST-02097,27,F,Schleswig-Holstein,Querfurt,2017-04-06,Excellent
CUST-02098,69,M,Bremen,Sulzbach-Rosenberg,2015-09-20,Fair
CUST-02099,42,M,Thuringia,Kamenz,2021-05-20,Fair
CUST-02100,36,F,Bremen,Grimmen,2021-06-17,Excellent
CUST-02101,39,M,Brandenburg,Tuttlingen,2022-04-01,Fair
CUST-02102,71,F,Saxony-Anhalt,Zschopau,2022-11-08,Fair
CUST-02103,33,F,Mecklenburg-Vorpommern,Nabburg,2021-11-15,Fair
CUST-02104,77,M,Hamburg,Riesa,2017-10-17,Excellent
CUST-02105,54,F,Bremen,Luckenwalde,2019-04-25,Poor
CUST-02106,36,M,Lower Saxony,Schwerin,2019-05-31,Fair
CUST-02107,33,M,Rhineland-Palatinate,Wesel,2016-10-08,Good
CUST-02108,33,F,Baden-Wuerttemberg,Nordhausen,2022-10-30,Fair
CUST-02109,71,M,Saarland,Husum,2019-08-12,Poor
CUST-02110,29,M,Saxony-Anhalt,Gadebusch,2015-11-10,Fair
CUST-02111,34,F,Hamburg,Hagenow,2020-01-22,Excellent
CUST-02112,64,M,North Rhine-Westphalia,Grevesmühlen,2020-03-08,Excellent
CUST-02113,61,F,Mecklenburg-Vorpommern,Tirschenreuth,2018-11-08,Fair
CUST-02114,47,M,Mecklenburg-Vorpommern,Soltau,2015-06-04,Excellent
CUST-02115,18,M,Hesse,Jessen,2018-09-01,Fair
CUST-02116,20,F,Saarland,Neunburg vorm Wald,2020-03-04,Excellent
CUST-02117,38,M,Bremen,Kemnath,2016-07-28,Good
CUST-02118,23,F,Saxony,Stendal,2016-11-29,Fair
CUST-02119,41,M,Saxony,Zerbst,2018-04-19,Excellent
CUST-02120,45,F,Saxony,Göttingen,2015-11-14,Fair
CUST-02121,50,M,Schleswig-Holstein,Crailsheim,2016-09-20,Good
CUST-02122,59,M,Berlin,Kitzingen,2023-01-05,Excellent
CUST-02123,22,M,Bremen,Kusel,2022-10-24,Excellent
CUST-02124,29,M,Mecklenburg-Vorpommern,Wolgast,2022-09-28,Good
CUST-02125,41,M,Bavaria,Calau,2015-07-19,Fair
CUST-02126,68,M,Rhineland-Palatinate,Saarbrücken,2019-03-15,Poor
CUST-02127,78,M,Baden-Wuerttemberg,Grevesmühlen,2015-03-07,Good
CUST-02128,49,M,Thuringia,Passau,2017-02-26,Fair
CUST-02129,45,M,Rhineland-Palatinate,Göppingen,2016-01-31,Fair
CUST-02130,24,M,Saxony,Ueckermünde,2015-06-30,Good
CUST-02131,57,M,Thuringia,Günzburg,2018-08-14,Good
CUST-02132,79,M,Berlin,Grevesmühlen,2021-01-27,Good
CUST-02133,43,F,Lower Saxony,Vechta,2017-08-09,Excellent
CUST-02134,29,F,Thuringia,Wolfratshausen,2016-12-12,Excellent
CUST-02135,61,F,Bavaria,Grevenbroich,2019-05-14,Excellent
CUST-02136,24,M,Baden-Wuerttemberg,Hansestadttralsund,2022-05-19,Fair
CUST-02137,20,F,North Rhine-Westphalia,Bad Kissingen,2015-10-03,Fair
CUST-02138,84,F,Brandenburg,Jena,2023-08-10,Good
CUST-02139,37,M,Saxony,Ansbach,2017-10-28,Poor
CUST-02140,50,F,Mecklenburg-Vorpommern,Gießen,2022-08-08,Poor
CUST-02141,58,M,Thuringia,Erding,2016-12-19,Good
CUST-02142,54,F,Saarland,Mellrichstadt,2015-10-04,Good
CUST-02143,21,F,Mecklenburg-Vorpommern,Osterburg,2020-09-24,Good
CUST-02144,67,M,Bavaria,Bremen,2017-08-10,Excellent
CUST-02145,38,M,Brandenburg,Chemnitz,2017-08-26,Fair
CUST-02146,68,M,Baden-Wuerttemberg,Kassel,2015-09-03,Excellent
CUST-02147,73,F,Brandenburg,Halberstadt,2017-04-07,Excellent
CUST-02148,47,M,North Rhine-Westphalia,Altötting,2017-09-02,Poor
CUST-02149,31,F,Thuringia,Zeulenroda,2016-07-03,Good
CUST-02150,48,M,Hamburg,Dinkelsbühl,2022-04-08,Fair
CUST-02151,59,M,Rhineland-Palatinate,Osterode am Harz,2023-03-21,Good
CUST-02152,57,M,Berlin,Lippstadt,2021-01-18,Excellent
CUST-02153,56,M,Rhineland-Palatinate,Neustadtner Waldnaab,2021-10-26,Fair
CUST-02154,41,F,Saxony,Fürstenwalde,2019-12-17,Good
CUST-02155,70,M,Saarland,Holzminden,2015-10-14,Poor
CUST-02156,65,M,Hesse,Oschatz,2017-04-16,Excellent
CUST-02157,31,M,Berlin,Kyritz,2017-08-25,Good
CUST-02158,86,F,Bremen,Celle,2018-06-29,Excellent
CUST-02159,78,M,Rhineland-Palatinate,Bamberg,2019-10-03,Excellent
CUST-02160,36,M,Brandenburg,Mainburg,2018-03-14,Good
CUST-02161,57,M,Schleswig-Holstein,Dinslaken,2023-10-06,Good
CUST-02162,74,F,Mecklenburg-Vorpommern,Werdau,2019-03-28,Excellent
CUST-02163,77,F,Hamburg,Badalzungen,2020-08-31,Good
CUST-02164,44,F,Hesse,Ravensburg,2023-11-25,Good
CUST-02165,20,F,Hamburg,Hünfeld,2015-12-07,Fair
CUST-02166,74,F,Hesse,Naila,2021-03-14,Fair
CUST-02167,39,F,Mecklenburg-Vorpommern,Brilon,2020-03-14,Good
CUST-02168,52,F,Mecklenburg-Vorpommern,Magdeburg,2021-04-21,Good
CUST-02169,63,M,Thuringia,Hechingen,2016-07-13,Fair
CUST-02170,43,M,Hesse,Stendal,2017-02-15,Excellent
CUST-02171,70,F,Saarland,Bruchsal,2019-07-16,Poor
CUST-02172,39,F,Saxony-Anhalt,Pegnitz,2019-04-23,Good
CUST-02173,83,M,Hamburg,Rathenow,2015-06-09,Poor
CUST-02174,44,M,Mecklenburg-Vorpommern,Fürstenwalde,2021-05-05,Excellent
CUST-02175,68,F,Schleswig-Holstein,Schongau,2023-08-26,Poor
CUST-02176,43,F,Saarland,Moers,2022-02-13,Fair
CUST-02177,72,M,Mecklenburg-Vorpommern,Zschopau,2019-10-03,Fair
CUST-02178,30,M,Saarland,Grevenbroich,2015-05-22,Poor
CUST-02179,25,F,Bavaria,Burglengenfeld,2022-10-27,Fair
CUST-02180,75,M,Schleswig-Holstein,Forst,2021-10-15,Good
CUST-02181,64,M,Schleswig-Holstein,Weißwasser,2017-10-10,Good
CUST-02182,72,M,Bavaria,Wolmirstedt,2016-04-23,Fair
CUST-02183,25,F,Mecklenburg-Vorpommern,Fürstenfeldbruck,2022-12-02,Good
CUST-02184,26,M,Berlin,Zeulenroda,2019-09-29,Excellent
CUST-02185,35,F,Schleswig-Holstein,Grevesmühlen,2022-10-04,Good
CUST-02186,45,F,Brandenburg,Göttingen,2023-03-26,Good
CUST-02187,72,M,Lower Saxony,Miltenberg,2022-02-18,Good
CUST-02188,53,F,Hesse,Neu-Ulm,2018-01-06,Fair
CUST-02189,50,F,Brandenburg,Badalzungen,2015-01-27,Poor
CUST-02190,81,F,Bavaria,Parchim,2016-02-01,Excellent
CUST-02191,81,F,Hamburg,Querfurt,2022-05-04,Good
CUST-02192,24,F,Saxony,Büsingen am Hochrhein,2016-12-23,Good
CUST-02193,66,M,Berlin,Kemnath,2020-06-15,Excellent
CUST-02194,29,M,Bremen,Rudolstadt,2021-05-11,Fair
CUST-02195,36,M,Berlin,Naila,2015-08-30,Fair
CUST-02196,40,M,Schleswig-Holstein,Cuxhaven,2019-08-02,Good
CUST-02197,28,M,Saxony,Helmstedt,2015-11-23,Good
CUST-02198,54,F,Lower Saxony,Strausberg,2018-02-07,Excellent
CUST-02199,28,M,Rhineland-Palatinate,Rothenburg ob der Tauber,2020-05-11,Good
CUST-02200,45,M,Bavaria,Flöha,2015-09-08,Good
CUST-02201,30,M,North Rhine-Westphalia,Bremervörde,2016-02-01,Excellent
CUST-02202,81,M,Mecklenburg-Vorpommern,Soest,2021-10-05,Good
CUST-02203,83,F,Saarland,Borken,2020-04-22,Fair
CUST-02204,20,F,Thuringia,Bruchsal,2019-02-27,Fair
CUST-02205,68,F,Thuringia,Sulzbach-Rosenberg,2017-09-08,Poor
CUST-02206,43,F,Mecklenburg-Vorpommern,Cloppenburg,2021-11-06,Excellent
CUST-02207,46,F,Thuringia,Neubrandenburg,2016-02-15,Excellent
CUST-02208,56,F,Hesse,Lüneburg,2015-04-16,Good
CUST-02209,56,F,Rhineland-Palatinate,Wittmund,2019-02-18,Good
CUST-02210,73,F,Hamburg,Bamberg,2022-05-28,Excellent
CUST-02211,83,F,Bavaria,Rottweil,2022-02-08,Good
CUST-02212,48,M,Thuringia,Bützow,2022-08-08,Good
CUST-02213,78,F,Mecklenburg-Vorpommern,Ingolstadt,2023-04-16,Good
CUST-02214,24,M,Saxony-Anhalt,Düren,2019-10-19,Poor
CUST-02215,22,F,Lower Saxony,Rockenhausen,2023-03-27,Good
CUST-02216,77,M,Hesse,Lübeck,2020-10-31,Fair
CUST-02217,29,M,Hesse,Borken,2020-08-01,Fair
CUST-02218,23,F,Bremen,Eutin,2016-11-19,Fair
CUST-02219,46,M,Saarland,Kamenz,2022-06-07,Good
CUST-02220,29,M,Berlin,Hildesheim,2016-11-29,Fair
CUST-02221,71,M,Lower Saxony,Dachau,2019-11-17,Poor
CUST-02222,59,M,Saxony,Holzminden,2018-08-30,Poor
CUST-02223,33,F,Rhineland-Palatinate,Ludwigsburg,2023-01-24,Good
CUST-02224,77,F,Lower Saxony,Hagenow,2022-06-18,Excellent
CUST-02225,78,F,Baden-Wuerttemberg,Eisenach,2023-12-03,Fair
CUST-02226,26,M,Baden-Wuerttemberg,Weißwasser,2022-03-22,Good
CUST-02227,83,F,Hamburg,Cottbus,2017-08-13,Excellent
CUST-02228,67,M,Brandenburg,Neu-Ulm,2015-12-26,Excellent
CUST-02229,79,F,Berlin,Regensburg,2023-05-08,Poor
CUST-02230,80,F,Hesse,Dinslaken,2018-07-07,Poor
CUST-02231,78,M,Brandenburg,Coburg,2015-09-11,Good
CUST-02232,66,M,Mecklenburg-Vorpommern,Sigmaringen,2019-10-02,Good
CUST-02233,84,F,Hesse,Jüterbog,2020-10-29,Fair
CUST-02234,83,M,Lower Saxony,Main-Höchst,2019-06-08,Excellent
CUST-02235,18,F,Thuringia,Fürstenfeldbruck,2016-08-15,Fair
CUST-02236,65,F,Rhineland-Palatinate,Eberswalde,2020-08-09,Fair
CUST-02237,34,M,Brandenburg,Staffelstein,2016-08-20,Fair
CUST-02238,24,M,Thuringia,Wernigerode,2018-06-19,Good
CUST-02239,33,M,Schleswig-Holstein,Hohenmölsen,2022-12-03,Good
CUST-02240,62,M,Saarland,Neu-Ulm,2018-04-08,Fair
CUST-02241,63,F,North Rhine-Westphalia,Jülich,2018-09-26,Excellent
CUST-02242,33,M,Rhineland-Palatinate,Gardelegen,2022-11-08,Fair
CUST-02243,39,M,Saarland,Eisenhüttenstadt,2023-02-27,Good
CUST-02244,51,M,Bavaria,Roth,2021-02-22,Good
CUST-02245,68,F,Saarland,Eisenberg,2018-11-27,Fair
CUST-02246,52,F,Baden-Wuerttemberg,Wunsiedel,2020-12-02,Fair
CUST-02247,67,F,Berlin,Miesbach,2022-11-11,Fair
CUST-02248,60,F,Lower Saxony,Osterode am Harz,2016-06-20,Good
CUST-02249,33,M,Brandenburg,Bergzabern,2020-02-18,Fair
CUST-02250,42,M,Bremen,Ahaus,2022-10-21,Good
CUST-02251,43,M,Berlin,Viechtach,2017-06-12,Fair
CUST-02252,41,M,Bavaria,Beeskow,2019-01-23,Fair
CUST-02253,32,M,Hesse,Eggenfelden,2019-03-23,Poor
CUST-02254,34,F,Saxony,Rottweil,2015-08-19,Excellent
CUST-02255,28,F,Saxony,Hansestadttralsund,2015-08-03,Excellent
CUST-02256,85,F,Hamburg,Dresden,2016-08-31,Good
CUST-02257,19,F,Rhineland-Palatinate,Sternberg,2015-05-20,Excellent
CUST-02258,53,F,Saarland,Görlitz,2018-05-24,Fair
CUST-02259,79,M,Mecklenburg-Vorpommern,Nordhausen,2023-09-13,Fair
CUST-02260,31,M,Bremen,Hersbruck,2022-04-17,Good
CUST-02261,53,F,Saxony-Anhalt,Bad Kreuznach,2015-02-17,Excellent
CUST-02262,44,M,Lower Saxony,Erding,2020-06-26,Good
CUST-02263,34,M,Bavaria,Berchtesgaden,2021-07-31,Good
CUST-02264,46,F,Schleswig-Holstein,Hohenstein-Ernstthal,2022-10-12,Fair
CUST-02265,39,M,Mecklenburg-Vorpommern,Saulgau,2020-06-06,Poor
CUST-02266,22,F,Brandenburg,Northeim,2021-05-29,Excellent
CUST-02267,82,F,Baden-Wuerttemberg,Dresden,2023-01-02,Poor
CUST-02268,84,M,Mecklenburg-Vorpommern,Crailsheim,2022-11-10,Excellent
CUST-02269,30,F,Baden-Wuerttemberg,Kamenz,2020-10-26,Fair
CUST-02270,46,M,Berlin,Lübben,2022-05-21,Fair
CUST-02271,37,M,Saxony,Eilenburg,2015-01-22,Good
CUST-02272,37,F,Lower Saxony,Dinkelsbühl,2015-06-10,Excellent
CUST-02273,40,M,Saxony,Wetzlar,2015-12-26,Good
CUST-02274,21,M,Baden-Wuerttemberg,Iserlohn,2016-05-25,Good
CUST-02275,57,F,Saxony,Wurzen,2019-09-29,Poor
CUST-02276,24,M,Rhineland-Palatinate,Fallingbostel,2018-05-16,Excellent
CUST-02277,84,F,Bremen,Steinfurt,2016-07-26,Good
CUST-02278,69,F,Saxony-Anhalt,Guben,2021-10-18,Good
CUST-02279,72,M,Lower Saxony,Anklam,2022-06-07,Fair
CUST-02280,85,M,North Rhine-Westphalia,Auerbach,2017-02-09,Excellent
CUST-02281,66,M,Hesse,Eisenberg,2021-10-02,Good
CUST-02282,44,F,Schleswig-Holstein,Vilsbiburg,2016-06-10,Fair
CUST-02283,32,F,Baden-Wuerttemberg,Malchin,2021-03-02,Good
CUST-02284,64,F,Saxony,Pegnitz,2019-06-27,Good
CUST-02285,73,F,Hamburg,Viersen,2022-10-15,Excellent
CUST-02286,23,M,Baden-Wuerttemberg,Senftenberg,2022-01-22,Fair
CUST-02287,82,M,Saxony-Anhalt,Leipziger Land,2021-04-27,Fair
CUST-02288,65,M,Hamburg,Pegnitz,2016-09-20,Good
CUST-02289,59,F,Mecklenburg-Vorpommern,Uelzen,2015-04-17,Poor
CUST-02290,46,M,Baden-Wuerttemberg,Senftenberg,2018-01-11,Excellent
CUST-02291,60,M,Hamburg,Bad Mergentheim,2015-09-28,Good
CUST-02292,25,M,Saxony-Anhalt,Wolgast,2018-09-28,Fair
CUST-02293,38,M,Rhineland-Palatinate,Uffenheim,2018-01-25,Excellent
CUST-02294,83,F,Rhineland-Palatinate,Peine,2019-03-31,Poor
CUST-02295,45,M,Saxony,Teterow,2020-11-26,Fair
CUST-02296,60,F,Saarland,Belzig,2016-01-27,Good
CUST-02297,24,F,Schleswig-Holstein,Büsingen am Hochrhein,2021-10-24,Excellent
CUST-02298,85,M,Saxony,Staffelstein,2018-07-26,Poor
CUST-02299,37,F,Saxony,Fallingbostel,2018-11-14,Fair
CUST-02300,63,F,Saarland,Neunburg vorm Wald,2021-08-23,Excellent
CUST-02301,81,M,Hesse,Saarlouis,2022-05-17,Excellent
CUST-02302,25,F,Schleswig-Holstein,Weimar,2015-08-05,Poor
CUST-02303,56,F,Rhineland-Palatinate,Burgdorf,2022-08-09,Good
CUST-02304,66,F,Saxony,Miltenberg,2019-12-03,Poor
CUST-02305,46,F,Brandenburg,Ebermannstadt,2018-02-03,Poor
CUST-02306,42,M,Brandenburg,Auerbach,2022-02-16,Fair
CUST-02307,43,F,Hamburg,Freudenstadt,2023-08-23,Good
CUST-02308,71,M,Baden-Wuerttemberg,Helmstedt,2015-11-11,Fair
CUST-02309,25,M,Saxony,Melle,2021-06-14,Excellent
CUST-02310,27,F,Saarland,Neustrelitz,2015-02-13,Poor
CUST-02311,31,F,Hesse,Wesel,2020-05-18,Good
CUST-02312,33,M,Mecklenburg-Vorpommern,Spremberg,2015-02-26,Good
CUST-02313,30,M,Hamburg,Wurzen,2022-11-17,Good
CUST-02314,22,F,Rhineland-Palatinate,Schrobenhausen,2023-04-15,Fair
CUST-02315,61,M,Bremen,München,2016-11-21,Fair
CUST-02316,81,M,Saxony,Goslar,2015-11-04,Good
CUST-02317,73,M,Saxony-Anhalt,Schmölln,2015-07-28,Good
CUST-02318,21,F,Saxony,Wolfenbüttel,2019-03-09,Poor
CUST-02319,37,F,Rhineland-Palatinate,Meiningen,2021-01-17,Fair
CUST-02320,45,M,Brandenburg,Sankt Goar,2018-05-10,Good
CUST-02321,46,F,Berlin,Stendal,2015-01-10,Fair
CUST-02322,69,F,Berlin,Illertissen,2018-06-02,Poor
CUST-02323,35,M,Bremen,Rosenheim,2021-12-05,Fair
CUST-02324,84,M,Saxony-Anhalt,Kassel,2015-01-25,Good
CUST-02325,78,F,Brandenburg,Hechingen,2018-12-20,Excellent
CUST-02326,84,F,Saxony,Meppen,2019-07-05,Good
CUST-02327,39,M,Hamburg,Gießen,2020-07-08,Excellent
CUST-02328,31,M,Hamburg,Brand,2016-05-22,Poor
CUST-02329,77,M,Hesse,Schwäbisch Hall,2023-08-18,Fair
CUST-02330,56,M,Saarland,Heinsberg,2019-06-08,Good
CUST-02331,69,F,Hamburg,Coburg,2017-01-16,Good
CUST-02332,38,F,Lower Saxony,Hildburghausen,2019-12-02,Fair
CUST-02333,66,F,Saxony,Altötting,2016-07-26,Good
CUST-02334,53,F,Bavaria,Soltau,2019-01-11,Fair
CUST-02335,45,M,Lower Saxony,Ebern,2017-02-15,Good
CUST-02336,23,M,Mecklenburg-Vorpommern,Uffenheim,2019-09-21,Fair
CUST-02337,83,M,Saxony,Bad Kissingen,2022-06-21,Excellent
CUST-02338,26,F,Schleswig-Holstein,Groß-Gerau,2016-05-01,Good
CUST-02339,78,F,Hesse,Viersen,2018-08-23,Fair
CUST-02340,27,F,Mecklenburg-Vorpommern,Pirmasens,2016-06-22,Excellent
CUST-02341,24,M,Bavaria,Ribnitz-Damgarten,2016-05-31,Excellent
CUST-02342,61,M,Rhineland-Palatinate,Osterburg,2015-08-02,Fair
CUST-02343,19,F,Hamburg,Gunzenhausen,2021-09-11,Fair
CUST-02344,35,F,Saarland,Tecklenburg,2018-03-31,Good
CUST-02345,71,M,Hamburg,Sebnitz,2017-10-11,Good
CUST-02346,59,M,Rhineland-Palatinate,Crailsheim,2018-02-25,Fair
CUST-02347,71,F,Rhineland-Palatinate,Schrobenhausen,2022-06-22,Fair
CUST-02348,44,M,Saarland,Burgdorf,2022-12-03,Fair
CUST-02349,19,M,Saxony,Donaueschingen,2017-02-11,Poor
CUST-02350,39,M,Rhineland-Palatinate,Altötting,2016-05-08,Excellent
CUST-02351,34,M,Schleswig-Holstein,Wiedenbrück,2017-02-26,Poor
CUST-02352,83,F,Bavaria,Bruchsal,2021-11-30,Excellent
CUST-02353,69,M,Mecklenburg-Vorpommern,Bogen,2019-07-27,Good
CUST-02354,73,M,Rhineland-Palatinate,Potsdam,2018-10-08,Good
CUST-02355,26,M,Hamburg,Konstanz,2022-03-22,Excellent
CUST-02356,85,M,Schleswig-Holstein,Quedlinburg,2019-01-29,Good
CUST-02357,83,F,Hamburg,Uffenheim,2017-10-08,Good
CUST-02358,48,M,Saxony,Zerbst,2015-06-17,Excellent
CUST-02359,28,F,Berlin,Northeim,2018-03-14,Good
CUST-02360,60,M,Hamburg,Gunzenhausen,2017-01-27,Good
CUST-02361,34,F,Saxony-Anhalt,Greiz,2018-10-01,Good
CUST-02362,35,M,Bavaria,Riesa,2022-08-29,Good
CUST-02363,48,M,Thuringia,Moers,2019-01-16,Fair
CUST-02364,59,F,Saxony-Anhalt,Höxter,2017-09-02,Fair
CUST-02365,34,M,Mecklenburg-Vorpommern,Schongau,2015-12-24,Fair
CUST-02366,27,M,Lower Saxony,Weimar,2015-06-18,Good
CUST-02367,20,M,Berlin,Roth,2022-11-26,Good
CUST-02368,55,M,Baden-Wuerttemberg,Düren,2021-02-16,Good
CUST-02369,30,F,Saarland,Magdeburg,2023-07-15,Excellent
CUST-02370,19,M,North Rhine-Westphalia,Bad Kissingen,2016-06-07,Excellent
CUST-02371,80,F,Saxony-Anhalt,Freising,2019-02-08,Good
CUST-02372,37,M,Hamburg,Hammelburg,2015-10-05,Good
CUST-02373,61,M,Saxony,Passau,2021-09-20,Good
CUST-02374,27,M,Brandenburg,Rastatt,2015-07-06,Poor
CUST-02375,37,M,Berlin,Dinkelsbühl,2023-04-22,Fair
CUST-02376,56,F,Baden-Wuerttemberg,Viechtach,2016-11-08,Good
CUST-02377,37,F,Mecklenburg-Vorpommern,Gelnhausen,2019-06-30,Good
CUST-02378,19,M,Saxony,Wunsiedel,2015-01-15,Excellent
CUST-02379,47,M,Bavaria,Wiedenbrück,2023-11-13,Good
CUST-02380,47,F,Brandenburg,Herzberg,2017-06-21,Good
CUST-02381,82,F,Lower Saxony,Paderborn,2016-12-01,Excellent
CUST-02382,27,M,Brandenburg,Germersheim,2015-06-10,Good
CUST-02383,21,F,Hesse,Hannover,2018-01-12,Fair
CUST-02384,21,M,Rhineland-Palatinate,Teterow,2017-05-10,Good
CUST-02385,31,M,Saxony-Anhalt,Tirschenreuth,2022-02-04,Good
CUST-02386,75,F,Thuringia,Lübeck,2015-12-07,Poor
CUST-02387,21,F,Hesse,Potsdam,2019-07-31,Fair
CUST-02388,30,F,Thuringia,Berchtesgaden,2015-08-23,Good
CUST-02389,44,M,Saxony-Anhalt,Hohenstein-Ernstthal,2017-06-17,Fair
CUST-02390,26,F,Saxony,Düren,2017-11-14,Poor
CUST-02391,52,M,Mecklenburg-Vorpommern,Beilngries,2022-05-02,Good
CUST-02392,75,M,Bremen,Schleiz,2017-06-22,Good
CUST-02393,74,M,Mecklenburg-Vorpommern,Schwandorf,2016-09-29,Good
CUST-02394,80,F,Saxony-Anhalt,Saarlouis,2016-08-30,Poor
CUST-02395,28,M,Saarland,Donaueschingen,2017-01-13,Good
CUST-02396,40,M,Berlin,Erfurt,2021-05-22,Good
CUST-02397,37,M,Brandenburg,Strasburg,2015-03-28,Good
CUST-02398,46,M,Mecklenburg-Vorpommern,Rochlitz,2022-09-16,Good
CUST-02399,80,M,Hesse,Schwäbisch Gmünd,2015-10-23,Good
CUST-02400,81,F,Mecklenburg-Vorpommern,Wolfratshausen,2016-02-15,Fair
CUST-02401,55,M,Bavaria,Bad Freienwalde,2021-10-07,Excellent
CUST-02402,38,F,Bavaria,Uelzen,2016-03-26,Fair
CUST-02403,36,M,Hesse,Koblenz,2017-10-14,Fair
CUST-02404,18,F,Hesse,Siegen,2022-01-13,Good
CUST-02405,71,M,Lower Saxony,Schwarzenberg,2021-01-30,Fair
CUST-02406,69,F,Baden-Wuerttemberg,Rostock,2017-04-08,Excellent
CUST-02407,34,F,Saxony,Hünfeld,2018-06-13,Good
CUST-02408,20,M,Rhineland-Palatinate,Eilenburg,2015-08-17,Good
CUST-02409,24,F,Lower Saxony,Scheinfeld,2015-03-28,Fair
CUST-02410,54,M,Brandenburg,Goslar,2016-02-25,Good
CUST-02411,19,F,Hesse,Quedlinburg,2015-01-05,Poor
CUST-02412,70,M,Rhineland-Palatinate,Pritzwalk,2019-10-16,Good
CUST-02413,27,F,Brandenburg,Säckingen,2017-07-14,Poor
CUST-02414,51,F,Lower Saxony,Donaueschingen,2020-07-07,Excellent
CUST-02415,30,M,Rhineland-Palatinate,Roth,2016-02-21,Poor
CUST-02416,55,F,Saxony-Anhalt,Waren,2015-11-09,Good
CUST-02417,69,M,Saxony-Anhalt,Rochlitz,2015-12-14,Fair
CUST-02418,63,M,Saxony,Kelheim,2019-10-22,Good
CUST-02419,25,M,Hamburg,Bersenbrück,2016-09-07,Fair
CUST-02420,85,F,Brandenburg,Lüneburg,2018-11-27,Fair
CUST-02421,31,F,Saarland,Steinfurt,2022-06-03,Good
CUST-02422,43,F,Baden-Wuerttemberg,Neunburg vorm Wald,2023-11-06,Excellent
CUST-02423,36,M,Hesse,Bautzen,2018-08-04,Excellent
CUST-02424,29,F,Saarland,Wolfratshausen,2015-10-03,Excellent
CUST-02425,61,F,Schleswig-Holstein,Gerolzhofen,2016-08-15,Excellent
CUST-02426,55,M,Saxony,Passau,2023-08-10,Good
CUST-02427,25,F,Saarland,Kelheim,2019-10-03,Good
CUST-02428,43,F,Thuringia,Kelheim,2016-07-20,Fair
CUST-02429,33,M,Mecklenburg-Vorpommern,Ueckermünde,2019-09-11,Good
CUST-02430,61,F,Rhineland-Palatinate,Plauen,2019-04-25,Excellent
CUST-02431,79,F,Rhineland-Palatinate,Schwerin,2022-11-19,Excellent
CUST-02432,27,F,Bavaria,Berlin,2017-04-12,Poor
CUST-02433,49,M,Saxony-Anhalt,Schrobenhausen,2021-04-06,Good
CUST-02434,40,M,Lower Saxony,Kronach,2015-09-02,Poor
CUST-02435,26,F,Hesse,Bayreuth,2018-04-22,Good
CUST-02436,76,F,Rhineland-Palatinate,Demmin,2017-05-13,Fair
CUST-02437,63,M,Hesse,Potsdam,2016-04-25,Poor
CUST-02438,59,M,Mecklenburg-Vorpommern,Bautzen,2023-03-22,Excellent
CUST-02439,45,F,Saxony-Anhalt,Wismar,2015-08-10,Fair
CUST-02440,55,M,Saarland,Mallersdorf,2021-08-29,Fair
CUST-02441,25,M,Hesse,Jessen,2019-02-05,Excellent
CUST-02442,39,M,Baden-Wuerttemberg,Berlin,2015-02-21,Good
CUST-02443,76,F,Hesse,Kassel,2023-08-02,Excellent
CUST-02444,51,M,Brandenburg,Paderborn,2020-04-09,Good
CUST-02445,32,F,Bremen,Eilenburg,2023-10-06,Good
CUST-02446,70,M,Brandenburg,Sankt Goar,2016-03-31,Excellent
CUST-02447,43,M,Saxony,Güstrow,2020-08-23,Excellent
CUST-02448,33,F,Hamburg,Lübben,2022-08-16,Poor
CUST-02449,62,F,Schleswig-Holstein,Sondershausen,2021-06-01,Good
CUST-02450,37,M,Hamburg,Gera,2016-10-04,Good
CUST-02451,75,M,Mecklenburg-Vorpommern,Worbis,2016-05-27,Fair
CUST-02452,61,F,North Rhine-Westphalia,Hansestadttralsund,2017-06-15,Good
CUST-02453,29,M,Bremen,Hagenow,2020-05-09,Good
CUST-02454,55,F,Mecklenburg-Vorpommern,Schwerin,2016-11-06,Excellent
CUST-02455,40,F,Hamburg,Auerbach,2017-03-08,Good
CUST-02456,53,M,Baden-Wuerttemberg,Görlitz,2019-01-25,Good
CUST-02457,44,F,Bavaria,Fallingbostel,2017-09-08,Good
CUST-02458,73,M,Baden-Wuerttemberg,Marienberg,2017-05-17,Good
CUST-02459,49,F,Berlin,Germersheim,2021-03-09,Excellent
CUST-02460,76,M,Rhineland-Palatinate,Wesel,2018-01-07,Excellent
CUST-02461,73,M,Saarland,Darmstadt,2015-07-07,Excellent
CUST-02462,42,M,Brandenburg,Lüdenscheid,2015-02-04,Poor
CUST-02463,56,F,Mecklenburg-Vorpommern,Fulda,2020-08-10,Excellent
CUST-02464,69,F,Saxony-Anhalt,Griesbach Rottal,2016-06-14,Fair
CUST-02465,61,M,Thuringia,Wurzen,2019-07-27,Fair
CUST-02466,72,M,Hesse,Görlitz,2015-04-08,Good
CUST-02467,63,F,Saarland,Herzberg,2021-07-29,Fair
CUST-02468,67,M,Brandenburg,Berlin,2016-10-22,Excellent
CUST-02469,64,F,Baden-Wuerttemberg,Weißenfels,2022-01-07,Excellent
CUST-02470,46,M,Berlin,Sebnitz,2022-08-23,Fair
CUST-02471,47,M,Thuringia,Büsingen am Hochrhein,2020-01-07,Fair
CUST-02472,29,F,Brandenburg,Kulmbach,2019-01-15,Good
CUST-02473,65,F,North Rhine-Westphalia,Klötze,2022-12-29,Fair
CUST-02474,81,F,Rhineland-Palatinate,Regensburg,2017-05-05,Poor
CUST-02475,51,M,Hesse,Weißenfels,2021-05-11,Good
CUST-02476,62,F,Lower Saxony,Uelzen,2015-03-03,Excellent
CUST-02477,46,F,Baden-Wuerttemberg,Helmstedt,2020-08-05,Excellent
CUST-02478,40,F,Saxony,Badoberan,2018-04-25,Excellent
CUST-02479,54,F,Saxony-Anhalt,Nauen,2018-12-18,Excellent
CUST-02480,33,M,Bremen,Göppingen,2017-11-22,Poor
CUST-02481,27,F,Bremen,Hohenmölsen,2022-04-17,Poor
CUST-02482,82,M,Saarland,Burglengenfeld,2015-06-12,Good
CUST-02483,43,F,Mecklenburg-Vorpommern,Bad Langensalza,2019-08-03,Fair
CUST-02484,54,M,Bremen,Finsterwalde,2019-02-11,Good
CUST-02485,68,F,Saxony-Anhalt,Celle,2015-12-08,Fair
CUST-02486,24,F,Schleswig-Holstein,Rottweil,2022-08-27,Excellent
CUST-02487,56,M,Rhineland-Palatinate,Geithain,2022-11-06,Fair
CUST-02488,19,M,Hesse,Wittenberg,2016-03-07,Good
CUST-02489,76,M,Mecklenburg-Vorpommern,Auerbach,2015-10-26,Excellent
CUST-02490,81,F,Baden-Wuerttemberg,Vechta,2018-11-30,Good
CUST-02491,73,F,Lower Saxony,Senftenberg,2015-12-18,Excellent
CUST-02492,47,M,Mecklenburg-Vorpommern,Schwäbisch Hall,2023-08-13,Good
CUST-02493,32,F,Thuringia,Querfurt,2015-09-22,Good
CUST-02494,61,F,Berlin,Fallingbostel,2022-11-16,Fair
CUST-02495,59,M,Schleswig-Holstein,Fürstenwalde,2020-02-05,Excellent
CUST-02496,45,M,Saarland,Lobenstein,2016-08-19,Good
CUST-02497,55,F,North Rhine-Westphalia,Eutin,2021-09-28,Fair
CUST-02498,81,M,Saxony-Anhalt,Sonneberg,2023-11-09,Good
CUST-02499,82,F,Berlin,Vohenstrauß,2015-08-10,Excellent
CUST-02500,66,M,Hamburg,Burglengenfeld,2018-01-10,Good
CUST-02501,75,M,Baden-Wuerttemberg,Schrobenhausen,2016-08-03,Excellent
CUST-02502,34,F,Baden-Wuerttemberg,Cloppenburg,2018-05-06,Fair
CUST-02503,41,F,Hamburg,Kyritz,2020-11-19,Excellent
CUST-02504,65,F,Saxony,Melle,2015-08-09,Excellent
CUST-02505,29,F,Thuringia,Erfurt,2023-06-13,Good
CUST-02506,23,M,Saxony-Anhalt,Kötzting,2019-09-13,Good
CUST-02507,41,M,Hamburg,Demmin,2018-12-23,Poor
CUST-02508,62,F,Bavaria,Lübz,2021-04-16,Fair
CUST-02509,37,M,Baden-Wuerttemberg,Rottweil,2023-02-08,Fair
CUST-02510,22,M,Thuringia,Zossen,2022-06-13,Poor
CUST-02511,77,F,Bavaria,Bad Kreuznach,2016-09-08,Fair
CUST-02512,22,M,Saarland,Dieburg,2018-07-20,Excellent
CUST-02513,85,F,Schleswig-Holstein,Genthin,2020-11-02,Fair
CUST-02514,70,F,Hesse,Bernburg,2022-02-11,Good
CUST-02515,75,M,North Rhine-Westphalia,Kronach,2017-06-14,Fair
CUST-02516,49,M,Hamburg,Füssen,2022-10-23,Good
CUST-02517,56,M,Mecklenburg-Vorpommern,Nordhausen,2017-06-04,Good
CUST-02518,35,M,Bavaria,Bad Kissingen,2019-02-25,Fair
CUST-02519,67,M,Brandenburg,Gransee,2018-06-11,Good
CUST-02520,81,M,Saarland,Neuruppin,2022-04-11,Poor
CUST-02521,63,F,Hamburg,Kehl,2018-12-11,Good
CUST-02522,81,F,Thuringia,Pfaffenhofen an der Ilm,2016-04-09,Poor
CUST-02523,58,F,Hamburg,Gerolzhofen,2019-03-09,Excellent
CUST-02524,56,M,Hamburg,Seelow,2019-04-12,Good
CUST-02525,43,F,Brandenburg,Bremervörde,2022-11-15,Good
CUST-02526,24,M,Baden-Wuerttemberg,Sangerhausen,2016-03-01,Excellent
CUST-02527,32,M,Hamburg,Kemnath,2016-02-29,Good
CUST-02528,72,M,Bremen,Greifswald,2020-08-23,Good
CUST-02529,52,M,Brandenburg,Mallersdorf,2019-09-19,Excellent
CUST-02530,60,F,Mecklenburg-Vorpommern,Hildburghausen,2016-04-13,Excellent
CUST-02531,41,F,Lower Saxony,Konstanz,2018-12-07,Poor
CUST-02532,40,F,Hamburg,Marienberg,2022-03-26,Fair
CUST-02533,54,F,Bavaria,Burgdorf,2019-03-15,Fair
CUST-02534,82,F,Schleswig-Holstein,Finsterwalde,2022-05-21,Good
CUST-02535,57,F,Rhineland-Palatinate,Hammelburg,2015-01-18,Poor
CUST-02536,42,F,North Rhine-Westphalia,Mayen,2015-03-05,Excellent
CUST-02537,56,F,Thuringia,Ueckermünde,2018-10-04,Excellent
CUST-02538,42,F,Rhineland-Palatinate,Ribnitz-Damgarten,2021-03-26,Poor
CUST-02539,63,M,Mecklenburg-Vorpommern,Wolmirstedt,2015-07-31,Fair
CUST-02540,75,F,Hesse,Sternberg,2022-02-19,Good
CUST-02541,36,M,Mecklenburg-Vorpommern,Berchtesgaden,2018-07-27,Good
CUST-02542,42,F,Rhineland-Palatinate,Karlsruhe,2016-02-12,Fair
CUST-02543,61,M,Lower Saxony,Forchheim,2022-01-30,Good
CUST-02544,45,F,Schleswig-Holstein,Oranienburg,2021-03-14,Excellent
CUST-02545,70,F,Berlin,Pfaffenhofen an der Ilm,2016-01-17,Excellent
CUST-02546,78,F,Bavaria,Finsterwalde,2022-01-19,Fair
CUST-02547,33,M,Bavaria,Burglengenfeld,2021-12-06,Fair
CUST-02548,48,M,Mecklenburg-Vorpommern,Eilenburg,2015-04-14,Fair
CUST-02549,74,M,Bremen,Wolfenbüttel,2022-02-11,Good
CUST-02550,45,F,Saxony,Neu-Ulm,2017-09-08,Fair
CUST-02551,44,M,Brandenburg,Mittweida,2017-03-04,Good
CUST-02552,58,M,Mecklenburg-Vorpommern,Halberstadt,2023-08-22,Good
CUST-02553,36,M,Schleswig-Holstein,Ebermannstadt,2015-12-06,Poor
CUST-02554,37,M,Lower Saxony,Melle,2016-03-30,Good
CUST-02555,28,M,Lower Saxony,Soltau,2016-08-03,Good
CUST-02556,23,M,Baden-Wuerttemberg,Kamenz,2015-11-13,Good
CUST-02557,19,F,Berlin,Ravensburg,2019-05-20,Excellent
CUST-02558,85,M,Hamburg,Bad Kreuznach,2015-10-29,Good
CUST-02559,43,M,Berlin,Senftenberg,2022-09-16,Good
CUST-02560,26,F,Bremen,Gardelegen,2016-10-21,Excellent
CUST-02561,59,M,Saxony,Schlüchtern,2022-05-25,Good
CUST-02562,53,M,Lower Saxony,Marktheidenfeld,2018-11-05,Poor
CUST-02563,63,F,Bavaria,Northeim,2016-10-10,Good
CUST-02564,44,F,Lower Saxony,Groß-Gerau,2017-02-28,Good
CUST-02565,73,M,Hesse,Kyritz,2017-06-04,Fair
CUST-02566,51,M,Berlin,Rothenburg ob der Tauber,2015-05-01,Good
CUST-02567,49,M,Baden-Wuerttemberg,Wolmirstedt,2023-02-28,Fair
CUST-02568,32,M,Schleswig-Holstein,Gera,2018-01-25,Good
CUST-02569,39,M,Saxony-Anhalt,Kusel,2022-12-10,Good
CUST-02570,79,F,Bremen,Deggendorf,2023-05-11,Fair
CUST-02571,36,F,Mecklenburg-Vorpommern,Holzminden,2017-03-01,Good
CUST-02572,57,M,Schleswig-Holstein,Mühlhausen,2019-05-29,Excellent
CUST-02573,36,F,Saxony,Fürstenfeldbruck,2023-11-27,Excellent
CUST-02574,44,F,Hamburg,Sankt Goar,2020-01-02,Good
CUST-02575,22,F,Thuringia,Illertissen,2021-12-26,Excellent
CUST-02576,63,F,Hamburg,Freudenstadt,2017-03-29,Good
CUST-02577,29,F,Baden-Wuerttemberg,Wertingen,2020-01-15,Excellent
CUST-02578,77,M,Schleswig-Holstein,Pinneberg,2021-07-31,Good
CUST-02579,27,F,Mecklenburg-Vorpommern,Schwarzenberg,2015-05-03,Excellent
CUST-02580,18,F,Hamburg,Neu-Ulm,2023-11-14,Excellent
CUST-02581,52,M,Baden-Wuerttemberg,Duderstadt,2017-05-31,Fair
CUST-02582,35,F,Hesse,Wolfenbüttel,2023-09-28,Good
CUST-02583,26,M,Thuringia,Osterburg,2022-09-20,Excellent
CUST-02584,70,F,Berlin,Calw,2020-03-21,Good
CUST-02585,47,F,Rhineland-Palatinate,Aurich,2021-04-19,Excellent
CUST-02586,21,F,Berlin,Mettmann,2020-11-29,Excellent
CUST-02587,39,F,Baden-Wuerttemberg,Gräfenhainichen,2021-06-08,Fair
CUST-02588,73,F,Hamburg,Fürstenfeldbruck,2018-07-25,Fair
CUST-02589,49,M,Berlin,Großenhain,2015-07-23,Fair
CUST-02590,75,F,North Rhine-Westphalia,Strasburg,2018-01-29,Good
CUST-02591,34,M,Bremen,Gera,2016-12-01,Good
CUST-02592,59,F,Rhineland-Palatinate,Magdeburg,2021-06-18,Excellent
CUST-02593,22,M,Bavaria,Rochlitz,2020-03-06,Good
CUST-02594,32,F,North Rhine-Westphalia,Gräfenhainichen,2020-12-25,Poor
CUST-02595,78,M,Thuringia,Neubrandenburg,2022-03-26,Excellent
CUST-02596,67,F,Lower Saxony,Ahaus,2024-01-01,Good
CUST-02597,56,F,Schleswig-Holstein,Iserlohn,2018-07-23,Fair
CUST-02598,32,F,Baden-Wuerttemberg,Uffenheim,2021-03-29,Fair
CUST-02599,47,F,North Rhine-Westphalia,Merseburg,2019-05-31,Good
CUST-02600,31,F,Saarland,Backnang,2022-03-10,Poor
CUST-02601,67,M,Saxony-Anhalt,Olpe,2021-12-06,Excellent
CUST-02602,18,M,North Rhine-Westphalia,Vechta,2015-02-12,Excellent
CUST-02603,30,F,Hamburg,Bad Langensalza,2017-07-16,Excellent
CUST-02604,60,M,Saxony-Anhalt,Schwandorf,2021-01-10,Poor
CUST-02605,68,M,Schleswig-Holstein,Forst,2023-10-21,Excellent
CUST-02606,43,M,Brandenburg,Eckernförde,2015-11-04,Good
CUST-02607,54,F,Schleswig-Holstein,Stadtsteinach,2022-11-01,Excellent
CUST-02608,21,M,Bremen,Miesbach,2016-05-06,Excellent
CUST-02609,40,M,Hamburg,Königs Wusterhausen,2022-02-21,Good
CUST-02610,73,M,Rhineland-Palatinate,Weimar,2021-06-25,Good
CUST-02611,71,F,Schleswig-Holstein,Iserlohn,2018-08-11,Fair
CUST-02612,64,F,Rhineland-Palatinate,Biedenkopf,2016-01-12,Good
CUST-02613,50,F,Baden-Wuerttemberg,Crailsheim,2018-12-16,Good
CUST-02614,74,M,Berlin,Büsingen am Hochrhein,2022-10-17,Excellent
CUST-02615,84,F,North Rhine-Westphalia,Tübingen,2017-05-20,Excellent
CUST-02616,82,M,Bremen,Uffenheim,2019-04-27,Excellent
CUST-02617,44,M,Thuringia,Parchim,2017-05-04,Fair
CUST-02618,47,F,Brandenburg,Schwäbisch Gmünd,2022-12-12,Good
CUST-02619,43,M,Lower Saxony,Lörrach,2016-06-16,Excellent
CUST-02620,28,F,Mecklenburg-Vorpommern,Oschatz,2020-01-28,Fair
CUST-02621,53,M,Mecklenburg-Vorpommern,Diepholz,2017-02-08,Excellent
CUST-02622,75,F,Saxony,Demmin,2022-09-11,Good
CUST-02623,67,M,Hesse,Bergzabern,2020-03-03,Fair
CUST-02624,23,M,Rhineland-Palatinate,Beeskow,2015-03-09,Fair
CUST-02625,31,M,Schleswig-Holstein,Bad Kreuznach,2015-04-28,Good
CUST-02626,65,F,Saxony-Anhalt,Neustrelitz,2017-12-23,Excellent
CUST-02627,72,M,Saxony-Anhalt,Geldern,2019-11-03,Excellent
CUST-02628,65,F,Hamburg,Rosenheim,2020-09-11,Good
CUST-02629,81,F,Schleswig-Holstein,Soltau,2019-02-23,Excellent
CUST-02630,32,F,Hamburg,Erfurt,2017-03-05,Good
CUST-02631,86,F,Saxony,Torgau,2021-08-30,Good
CUST-02632,85,F,Hamburg,Niesky,2016-03-23,Fair
CUST-02633,39,M,Lower Saxony,Feuchtwangen,2017-06-18,Excellent
CUST-02634,27,M,Schleswig-Holstein,Eichstätt,2017-09-04,Excellent
CUST-02635,62,M,Schleswig-Holstein,Schwäbisch Hall,2017-07-16,Fair
CUST-02636,47,F,Mecklenburg-Vorpommern,Böblingen,2019-05-29,Excellent
CUST-02637,50,F,Saarland,Pfaffenhofen an der Ilm,2017-04-22,Excellent
CUST-02638,25,M,Saxony-Anhalt,Lobenstein,2022-02-21,Good
CUST-02639,68,F,Bavaria,Viechtach,2016-01-22,Excellent
CUST-02640,36,F,Brandenburg,Scheinfeld,2022-09-18,Excellent
CUST-02641,26,F,Baden-Wuerttemberg,Lemgo,2016-11-13,Excellent
CUST-02642,25,F,Hesse,Tirschenreuth,2015-02-22,Fair
CUST-02643,34,F,Thuringia,Erkelenz,2015-03-27,Excellent
CUST-02644,33,F,Baden-Wuerttemberg,Kötzting,2016-11-30,Fair
CUST-02645,72,M,Saxony-Anhalt,Bad Langensalza,2020-04-24,Good
CUST-02646,57,F,Rhineland-Palatinate,Hildesheim,2020-04-19,Excellent
CUST-02647,49,M,Brandenburg,Plauen,2017-07-24,Good
CUST-02648,57,M,Hesse,Herzberg,2023-09-11,Excellent
CUST-02649,41,F,Thuringia,Groß-Gerau,2020-01-28,Good
CUST-02650,26,F,Schleswig-Holstein,Bad Brückenau,2022-06-10,Good
CUST-02651,71,F,Bremen,Fulda,2015-02-25,Fair
CUST-02652,53,F,Thuringia,Biedenkopf,2020-10-22,Fair
CUST-02653,55,F,Lower Saxony,Gräfenhainichen,2018-01-10,Fair
CUST-02654,70,M,Hesse,Peine,2019-08-08,Fair
CUST-02655,79,M,Saxony-Anhalt,Dieburg,2020-08-01,Excellent
CUST-02656,85,F,Saxony-Anhalt,Greiz,2017-04-25,Fair
CUST-02657,22,M,Mecklenburg-Vorpommern,Lippstadt,2022-03-01,Excellent
CUST-02658,74,F,Bremen,Aschaffenburg,2020-11-28,Excellent
CUST-02659,69,F,Thuringia,Mellrichstadt,2019-05-21,Good
CUST-02660,27,F,Brandenburg,Säckingen,2017-02-19,Excellent
CUST-02661,25,F,Lower Saxony,Wittmund,2019-11-11,Fair
CUST-02662,46,F,Brandenburg,Magdeburg,2016-03-27,Poor
CUST-02663,75,F,Hesse,Gütersloh,2020-03-25,Fair
CUST-02664,52,F,Saxony,Parchim,2018-05-28,Good
CUST-02665,28,M,Brandenburg,Erfurt,2015-03-05,Good
CUST-02666,58,M,Brandenburg,Kronach,2021-08-26,Excellent
CUST-02667,67,F,Brandenburg,Mellrichstadt,2015-01-21,Good
CUST-02668,60,M,North Rhine-Westphalia,Klötze,2017-10-26,Excellent
CUST-02669,83,F,Hesse,Wesel,2015-12-19,Fair
CUST-02670,42,M,Berlin,Anklam,2019-11-05,Good
CUST-02671,48,M,Brandenburg,Hohenstein-Ernstthal,2017-06-15,Excellent
CUST-02672,42,F,Rhineland-Palatinate,Pegnitz,2022-08-11,Good
CUST-02673,58,F,Mecklenburg-Vorpommern,Passau,2016-02-06,Fair
CUST-02674,20,F,Brandenburg,Forst,2016-12-10,Good
CUST-02675,81,F,Hesse,Groß-Gerau,2022-08-30,Fair
CUST-02676,24,F,Hesse,Gunzenhausen,2019-09-02,Good
CUST-02677,22,F,Brandenburg,Goslar,2015-12-17,Good
CUST-02678,84,F,Saxony,Herzberg,2019-03-20,Fair
CUST-02679,19,F,Lower Saxony,Werdau,2016-07-21,Good
CUST-02680,27,F,Saxony-Anhalt,Seelow,2020-04-02,Good
CUST-02681,63,F,Hamburg,Hünfeld,2019-08-08,Good
CUST-02682,65,M,Hamburg,Kitzingen,2015-12-29,Fair
CUST-02683,41,F,Rhineland-Palatinate,München,2021-07-05,Good
CUST-02684,80,M,Brandenburg,Zossen,2015-08-08,Fair
CUST-02685,24,F,Hesse,Osterode am Harz,2019-07-09,Fair
CUST-02686,54,F,Bremen,Lichtenfels,2015-08-11,Excellent
CUST-02687,30,F,Lower Saxony,Viechtach,2018-09-27,Good
CUST-02688,19,F,Saarland,Lübeck,2022-09-29,Good
CUST-02689,68,M,Lower Saxony,Sömmerda,2023-04-21,Good
CUST-02690,36,M,Berlin,Viersen,2020-10-15,Excellent
CUST-02691,42,F,Hesse,Fulda,2017-07-04,Fair
CUST-02692,34,M,Brandenburg,Artern,2022-01-17,Good
CUST-02693,37,M,Saarland,Schwabmünchen,2021-12-29,Fair
CUST-02694,26,M,Baden-Wuerttemberg,Viersen,2015-01-01,Excellent
CUST-02695,64,M,Lower Saxony,Grimmen,2017-10-09,Excellent
CUST-02696,78,F,Bavaria,Siegen,2020-09-02,Good
CUST-02697,24,M,Lower Saxony,Teterow,2018-05-13,Good
CUST-02698,68,M,Rhineland-Palatinate,Schwäbisch Hall,2021-02-17,Good
CUST-02699,19,F,Lower Saxony,Genthin,2019-11-06,Excellent
CUST-02700,37,M,Saxony,Sömmerda,2016-08-03,Fair
CUST-02701,40,M,Saxony,Calau,2020-09-26,Fair
CUST-02702,20,M,Saarland,Jüterbog,2020-05-21,Good
CUST-02703,53,M,Saarland,Mittweida,2019-02-13,Fair
CUST-02704,65,F,Mecklenburg-Vorpommern,Malchin,2022-10-28,Fair
CUST-02705,22,F,Hamburg,Schlüchtern,2019-10-07,Excellent
CUST-02706,85,F,Bremen,Kamenz,2016-05-07,Good
CUST-02707,80,M,Brandenburg,Rostock,2015-05-20,Good
CUST-02708,59,F,North Rhine-Westphalia,Burgdorf,2018-12-23,Poor
CUST-02709,68,F,Bremen,Altentreptow,2018-02-08,Excellent
CUST-02710,64,M,Saxony-Anhalt,Holzminden,2020-08-12,Fair
CUST-02711,39,M,Saxony-Anhalt,Bad Mergentheim,2022-12-02,Good
CUST-02712,40,M,Saxony,Gerolzhofen,2022-05-10,Excellent
CUST-02713,29,F,Bremen,Pfaffenhofen an der Ilm,2023-01-08,Fair
CUST-02714,81,M,Schleswig-Holstein,Rehau,2023-10-21,Fair
CUST-02715,47,F,Mecklenburg-Vorpommern,Finsterwalde,2015-10-07,Poor
CUST-02716,40,F,Mecklenburg-Vorpommern,Heiligenstadt,2020-04-16,Good
CUST-02717,49,M,Schleswig-Holstein,Dinslaken,2016-06-14,Fair
CUST-02718,74,F,Mecklenburg-Vorpommern,Sangerhausen,2015-10-04,Excellent
CUST-02719,41,M,Rhineland-Palatinate,Staffelstein,2016-01-31,Fair
CUST-02720,28,F,Saarland,Halberstadt,2018-08-18,Fair
CUST-02721,80,M,Lower Saxony,Spremberg,2016-12-13,Fair
CUST-02722,59,F,Hamburg,Weißwasser,2015-09-21,Excellent
CUST-02723,53,F,Lower Saxony,Oschatz,2015-06-03,Fair
CUST-02724,21,M,Bremen,Groß-Gerau,2023-07-24,Good
CUST-02725,80,M,Saxony,Fürstenfeldbruck,2018-08-08,Excellent
CUST-02726,41,F,Mecklenburg-Vorpommern,Brandenburg,2016-06-29,Poor
CUST-02727,65,M,Berlin,Zossen,2017-10-31,Good
CUST-02728,84,F,Rhineland-Palatinate,Lüdenscheid,2017-04-04,Fair
CUST-02729,54,F,Berlin,Sömmerda,2015-12-19,Good
CUST-02730,74,M,Berlin,Nauen,2015-05-17,Fair
CUST-02731,71,M,Saxony-Anhalt,Bremen,2023-09-07,Good
CUST-02732,59,M,Thuringia,Beeskow,2017-01-29,Fair
CUST-02733,25,F,Berlin,Hannoversch Münden,2017-04-29,Good
CUST-02734,63,F,Saxony-Anhalt,Soltau,2018-12-31,Good
CUST-02735,73,M,Baden-Wuerttemberg,Bayreuth,2019-12-03,Good
CUST-02736,80,F,Baden-Wuerttemberg,Burg,2021-05-20,Excellent
CUST-02737,68,F,Lower Saxony,Lüneburg,2016-04-28,Good
CUST-02738,39,M,Thuringia,Erding,2015-04-03,Excellent
CUST-02739,26,F,Schleswig-Holstein,Bad Liebenwerda,2019-05-19,Fair
CUST-02740,46,M,Saxony,Burglengenfeld,2018-03-25,Excellent
CUST-02741,82,M,Brandenburg,Nabburg,2019-06-24,Good
CUST-02742,58,M,Saarland,Dieburg,2017-12-13,Fair
CUST-02743,52,M,Thuringia,Rothenburg ob der Tauber,2019-09-23,Good
CUST-02744,32,F,North Rhine-Westphalia,Wolfenbüttel,2016-07-24,Excellent
CUST-02745,64,F,North Rhine-Westphalia,Brilon,2017-08-23,Good
CUST-02746,54,M,Saxony-Anhalt,Leipziger Land,2015-10-17,Poor
CUST-02747,50,M,Saarland,Siegen,2016-06-14,Good
CUST-02748,49,M,Lower Saxony,Forchheim,2015-05-26,Good
CUST-02749,54,M,Saxony-Anhalt,Darmstadt,2019-11-03,Good
CUST-02750,66,M,Bavaria,Rothenburg ob der Tauber,2015-08-15,Excellent
CUST-02751,60,M,Mecklenburg-Vorpommern,Vechta,2022-08-25,Fair
CUST-02752,53,M,Saarland,Rudolstadt,2015-08-02,Good
CUST-02753,60,F,Hesse,Bischofswerda,2019-10-27,Fair
CUST-02754,64,M,Lower Saxony,Heinsberg,2019-11-29,Excellent
CUST-02755,40,F,Saxony-Anhalt,Mühlhausen,2017-03-04,Good
CUST-02756,26,M,Rhineland-Palatinate,Cottbus,2017-08-08,Excellent
CUST-02757,71,M,Rhineland-Palatinate,Rudolstadt,2019-08-19,Fair
CUST-02758,32,M,Bavaria,Weimar,2023-01-27,Excellent
CUST-02759,23,M,Baden-Wuerttemberg,Göppingen,2015-08-21,Excellent
CUST-02760,45,M,Brandenburg,Recklinghausen,2015-06-29,Good
CUST-02761,39,M,Brandenburg,Günzburg,2016-06-15,Good
CUST-02762,31,F,Lower Saxony,Gardelegen,2022-05-13,Excellent
CUST-02763,35,F,Berlin,Cloppenburg,2020-07-20,Fair
CUST-02764,80,F,Rhineland-Palatinate,Ravensburg,2019-12-22,Fair
CUST-02765,78,F,Brandenburg,Grevesmühlen,2022-05-01,Excellent
CUST-02766,34,F,Thuringia,Plauen,2022-10-29,Good
CUST-02767,21,M,North Rhine-Westphalia,Sebnitz,2018-11-20,Poor
CUST-02768,44,F,Schleswig-Holstein,Rathenow,2015-11-18,Excellent
CUST-02769,46,M,Rhineland-Palatinate,Halberstadt,2018-06-03,Fair
CUST-02770,41,M,Lower Saxony,Tuttlingen,2019-03-06,Fair
CUST-02771,71,M,North Rhine-Westphalia,Kehl,2017-08-20,Fair
CUST-02772,54,F,Lower Saxony,Weimar,2015-03-29,Good
CUST-02773,33,M,Schleswig-Holstein,Weimar,2018-02-12,Good
CUST-02774,62,F,Baden-Wuerttemberg,Eisleben,2015-09-02,Good
CUST-02775,22,F,Saarland,Uelzen,2015-03-19,Fair
CUST-02776,32,F,Bremen,Neu-Ulm,2015-07-01,Excellent
CUST-02777,80,F,Saxony,Göppingen,2022-05-27,Good
CUST-02778,53,M,Brandenburg,Brand,2015-05-09,Good
CUST-02779,70,F,Bavaria,Genthin,2021-10-29,Fair
CUST-02780,30,F,Schleswig-Holstein,Mallersdorf,2023-06-13,Good
CUST-02781,23,M,Thuringia,Beeskow,2023-02-20,Fair
CUST-02782,49,F,Hamburg,Burglengenfeld,2023-10-11,Fair
CUST-02783,49,M,Lower Saxony,Bremen,2021-03-16,Good
CUST-02784,75,F,Bremen,Greiz,2019-10-03,Good
CUST-02785,20,F,Saxony,Schleiz,2019-04-11,Good
CUST-02786,74,M,Hesse,Grimma,2015-03-04,Good
CUST-02787,28,F,Baden-Wuerttemberg,Höxter,2017-10-20,Fair
CUST-02788,80,F,Thuringia,Roding,2021-05-28,Good
CUST-02789,52,F,Saxony-Anhalt,Delitzsch,2018-01-05,Fair
CUST-02790,19,M,Lower Saxony,Paderborn,2018-06-11,Good
CUST-02791,65,F,Schleswig-Holstein,Bergzabern,2017-01-02,Good
CUST-02792,43,M,Bremen,Kusel,2015-02-06,Good
CUST-02793,74,F,Saarland,Bützow,2022-02-25,Fair
CUST-02794,52,M,Hamburg,Hildburghausen,2015-08-28,Good
CUST-02795,30,M,Schleswig-Holstein,Lippstadt,2021-11-04,Good
CUST-02796,30,M,Bremen,Wesel,2017-01-06,Good
CUST-02797,33,F,Schleswig-Holstein,Kassel,2020-07-20,Excellent
CUST-02798,34,M,Hesse,Helmstedt,2021-12-06,Fair
CUST-02799,84,M,Lower Saxony,Nördlingen,2022-05-05,Excellent
CUST-02800,72,F,Thuringia,Nordhausen,2015-06-21,Good
CUST-02801,34,M,North Rhine-Westphalia,Burgdorf,2023-01-05,Poor
CUST-02802,32,F,Bavaria,Sternberg,2022-08-10,Fair
CUST-02803,84,F,North Rhine-Westphalia,Darmstadt,2021-09-25,Excellent
CUST-02804,58,M,Baden-Wuerttemberg,Rosenheim,2020-09-07,Good
CUST-02805,31,M,Rhineland-Palatinate,Querfurt,2017-04-15,Good
CUST-02806,31,F,Hamburg,Ueckermünde,2015-10-20,Good
CUST-02807,83,F,Hesse,Schweinfurt,2015-04-12,Good
CUST-02808,69,F,Thuringia,Lippstadt,2019-07-30,Fair
CUST-02809,60,F,Saarland,Schwäbisch Gmünd,2018-04-19,Good
CUST-02810,85,M,Saxony-Anhalt,Duderstadt,2015-07-02,Good
CUST-02811,42,M,Bavaria,Neuss,2016-03-11,Good
CUST-02812,65,F,Saxony-Anhalt,Hersbruck,2017-05-30,Good
CUST-02813,65,M,Hesse,Sulzbach-Rosenberg,2019-04-10,Fair
CUST-02814,48,M,Baden-Wuerttemberg,Meißen,2017-07-08,Good
CUST-02815,61,F,Lower Saxony,Chemnitz,2020-12-01,Fair
CUST-02816,77,F,Bremen,Recklinghausen,2018-07-22,Good
CUST-02817,44,F,Rhineland-Palatinate,Erbisdorf,2018-09-08,Excellent
CUST-02818,64,F,Rhineland-Palatinate,Peine,2020-02-11,Good
CUST-02819,37,M,Rhineland-Palatinate,Wolfratshausen,2019-12-28,Fair
CUST-02820,50,F,Saxony-Anhalt,Erkelenz,2015-11-23,Good
CUST-02821,53,M,Saxony-Anhalt,Kemnath,2022-04-30,Good
CUST-02822,77,M,Bremen,Oberviechtach,2023-10-26,Good
CUST-02823,51,M,Rhineland-Palatinate,Demmin,2023-09-16,Poor
CUST-02824,39,M,Schleswig-Holstein,Jena,2023-12-04,Good
CUST-02825,73,F,Lower Saxony,Meiningen,2015-11-30,Good
CUST-02826,64,M,Saarland,Belzig,2022-02-04,Fair
CUST-02827,19,M,Saxony,Goslar,2020-02-03,Excellent
CUST-02828,43,M,Hamburg,Zeulenroda,2017-12-14,Fair
CUST-02829,52,F,Lower Saxony,Coburg,2016-06-01,Fair
CUST-02830,66,F,Bavaria,Konstanz,2022-09-27,Excellent
CUST-02831,30,M,Hesse,Staffelstein,2020-10-10,Fair
CUST-02832,38,F,Hamburg,Sankt Goarshausen,2018-12-22,Excellent
CUST-02833,85,M,Brandenburg,Eckernförde,2016-05-02,Good
CUST-02834,60,F,Lower Saxony,Berlin,2023-02-06,Excellent
CUST-02835,50,F,Bremen,Fulda,2019-08-02,Good
CUST-02836,45,F,Brandenburg,Staffelstein,2023-07-01,Good
CUST-02837,72,M,Saxony,Heiligenstadt,2023-02-12,Fair
CUST-02838,37,M,Hesse,Rothenburg ob der Tauber,2015-02-01,Good
CUST-02839,68,F,Bremen,Göttingen,2019-04-03,Good
CUST-02840,36,M,Schleswig-Holstein,Altötting,2023-09-02,Excellent
CUST-02841,48,F,Saarland,Vohenstrauß,2018-10-29,Excellent
CUST-02842,81,F,Brandenburg,Moers,2018-08-15,Good
CUST-02843,71,M,Hesse,Ludwigsburg,2015-06-21,Fair
CUST-02844,35,M,Hamburg,Füssen,2020-10-27,Good
CUST-02845,68,F,Lower Saxony,Göttingen,2018-11-23,Good
CUST-02846,72,M,Brandenburg,Kemnath,2018-01-26,Good
CUST-02847,57,M,Saxony,Aachen,2018-03-27,Poor
CUST-02848,66,F,Lower Saxony,Döbeln,2017-08-06,Fair
CUST-02849,70,M,Lower Saxony,Neustrelitz,2017-04-27,Good
CUST-02850,40,M,Bavaria,Wertingen,2021-09-17,Poor
CUST-02851,80,M,Bavaria,Belzig,2020-06-23,Fair
CUST-02852,80,M,Saxony-Anhalt,Wolgast,2017-04-12,Good
CUST-02853,82,F,Bremen,Jessen,2020-11-03,Excellent
CUST-02854,57,F,Brandenburg,Eggenfelden,2016-03-24,Fair
CUST-02855,68,M,Bremen,Worbis,2019-11-06,Good
CUST-02856,18,M,Hesse,Beeskow,2018-02-14,Fair
CUST-02857,47,M,Saxony-Anhalt,Viersen,2015-11-20,Fair
CUST-02858,29,M,Baden-Wuerttemberg,Guben,2018-09-01,Excellent
CUST-02859,49,F,Schleswig-Holstein,Schwandorf,2020-02-01,Good
CUST-02860,55,M,Thuringia,Hainichen,2015-06-07,Good
CUST-02861,82,F,Berlin,Hohenstein-Ernstthal,2021-04-05,Fair
CUST-02862,46,M,Bavaria,Soest,2017-10-04,Excellent
CUST-02863,82,F,Rhineland-Palatinate,Berlin,2022-07-21,Excellent
CUST-02864,42,F,Hesse,Wanzleben,2020-06-07,Fair
CUST-02865,36,F,Brandenburg,Starnberg,2016-06-23,Excellent
CUST-02866,61,M,Berlin,Ilmenau,2015-01-14,Good
CUST-02867,45,F,Berlin,Eisenach,2022-12-18,Excellent
CUST-02868,61,F,Schleswig-Holstein,Göttingen,2021-11-17,Good
CUST-02869,38,M,Saxony-Anhalt,Eckernförde,2020-06-06,Good
CUST-02870,38,M,Brandenburg,Kehl,2017-08-07,Fair
CUST-02871,63,F,Saarland,Grimmen,2023-12-08,Good
CUST-02872,36,F,Saarland,Lobenstein,2018-04-25,Excellent
CUST-02873,58,M,Brandenburg,Schwandorf,2019-09-15,Poor
CUST-02874,77,F,Rhineland-Palatinate,Lichtenfels,2022-06-06,Good
CUST-02875,68,M,Bremen,Ravensburg,2018-07-30,Fair
CUST-02876,77,F,Mecklenburg-Vorpommern,Hünfeld,2022-11-26,Excellent
CUST-02877,21,F,Saarland,Schwäbisch Gmünd,2021-09-27,Good
CUST-02878,27,M,Bavaria,Hettstedt,2018-04-06,Good
CUST-02879,85,M,Hamburg,Genthin,2015-09-07,Good
CUST-02880,74,F,Schleswig-Holstein,Ingolstadt,2022-07-27,Good
CUST-02881,52,F,Bremen,Borna,2019-10-08,Good
CUST-02882,60,M,Schleswig-Holstein,Schleiz,2020-06-11,Fair
CUST-02883,80,F,North Rhine-Westphalia,Zeulenroda,2018-06-17,Good
CUST-02884,80,M,Saxony,Fürstenwalde,2021-01-04,Excellent
CUST-02885,68,M,Thuringia,Mayen,2016-06-13,Good
CUST-02886,33,M,Bavaria,Sternberg,2023-12-31,Good
CUST-02887,58,F,Saxony-Anhalt,Parsberg,2023-08-07,Fair
CUST-02888,43,M,North Rhine-Westphalia,Gardelegen,2020-10-25,Excellent
CUST-02889,67,M,Saxony,Augsburg,2021-01-03,Good
CUST-02890,57,M,Brandenburg,Marienberg,2023-12-27,Excellent
CUST-02891,40,F,Thuringia,Klötze,2019-08-21,Excellent
CUST-02892,59,M,Bavaria,Wolgast,2015-05-28,Fair
CUST-02893,48,M,Mecklenburg-Vorpommern,Dresden,2023-11-16,Good
CUST-02894,76,M,Brandenburg,Viechtach,2018-05-19,Excellent
CUST-02895,80,M,North Rhine-Westphalia,Nürtingen,2018-01-20,Fair
CUST-02896,45,F,Mecklenburg-Vorpommern,Sankt Goar,2016-06-21,Fair
CUST-02897,20,F,Baden-Wuerttemberg,Neustadtner Waldnaab,2015-11-10,Excellent
CUST-02898,73,F,Bavaria,Gransee,2015-03-02,Fair
CUST-02899,72,M,Lower Saxony,Rockenhausen,2023-04-03,Good
CUST-02900,22,F,Berlin,Wiedenbrück,2021-10-16,Fair
CUST-02901,78,F,Hamburg,Nördlingen,2020-09-29,Fair
CUST-02902,66,F,Schleswig-Holstein,Bernburg,2020-02-23,Excellent
CUST-02903,61,F,Saarland,Pfaffenhofen an der Ilm,2019-03-23,Good
CUST-02904,24,M,Rhineland-Palatinate,Recklinghausen,2019-07-23,Good
CUST-02905,39,F,Brandenburg,Schwerin,2022-11-18,Good
CUST-02906,65,M,Mecklenburg-Vorpommern,München,2015-03-12,Poor
CUST-02907,83,F,Saxony-Anhalt,Apolda,2023-07-22,Good
CUST-02908,77,M,Bremen,Bergzabern,2017-07-06,Good
CUST-02909,33,M,Mecklenburg-Vorpommern,Vechta,2023-08-25,Excellent
CUST-02910,79,F,Saarland,Freudenstadt,2021-04-25,Excellent
CUST-02911,66,F,Thuringia,Witzenhausen,2016-08-11,Fair
CUST-02912,71,M,Lower Saxony,Dachau,2021-04-16,Excellent
CUST-02913,68,F,Rhineland-Palatinate,Altötting,2015-12-10,Excellent
CUST-02914,45,F,Rhineland-Palatinate,Ueckermünde,2015-08-30,Fair
CUST-02915,27,F,Hamburg,Sigmaringen,2018-06-29,Fair
CUST-02916,34,M,North Rhine-Westphalia,Gerolzhofen,2018-08-09,Fair
CUST-02917,72,F,Bavaria,Bad Kissingen,2018-01-03,Fair
CUST-02918,56,F,Saarland,Schlüchtern,2018-07-06,Poor
CUST-02919,72,M,Thuringia,Monschau,2020-03-04,Fair
CUST-02920,26,M,Lower Saxony,Luckenwalde,2019-10-10,Fair
CUST-02921,77,F,Hesse,Stendal,2023-06-28,Excellent
CUST-02922,58,M,Saxony,Göppingen,2017-03-19,Good
CUST-02923,73,M,North Rhine-Westphalia,Kelheim,2019-10-04,Good
CUST-02924,23,F,Hesse,Lübben,2023-05-26,Fair
CUST-02925,74,F,Mecklenburg-Vorpommern,Bamberg,2015-02-07,Good
CUST-02926,37,F,Brandenburg,Kötzting,2023-01-27,Poor
CUST-02927,80,F,Thuringia,Schrobenhausen,2021-11-24,Fair
CUST-02928,19,M,Hesse,Wernigerode,2018-04-03,Good
CUST-02929,60,M,Saxony-Anhalt,Artern,2020-10-28,Good
CUST-02930,76,F,Bremen,Wolfenbüttel,2017-05-12,Poor
CUST-02931,21,M,Saxony,Strasburg,2020-11-17,Fair
CUST-02932,63,F,Bavaria,Gießen,2018-07-25,Good
CUST-02933,73,M,Saarland,Rudolstadt,2015-10-02,Poor
CUST-02934,84,M,Brandenburg,Neunburg vorm Wald,2022-11-13,Excellent
CUST-02935,19,M,Bremen,Kronach,2018-09-17,Excellent
CUST-02936,52,F,Saxony,Vohenstrauß,2015-10-01,Good
CUST-02937,71,M,Saxony-Anhalt,Büsingen am Hochrhein,2022-01-19,Excellent
CUST-02938,57,M,Schleswig-Holstein,Wittstock,2018-03-10,Fair
CUST-02939,62,F,Brandenburg,Regen,2019-02-13,Good
CUST-02940,53,F,Schleswig-Holstein,Erkelenz,2021-04-17,Good
CUST-02941,71,M,Baden-Wuerttemberg,Hoyerswerda,2021-08-24,Excellent
CUST-02942,82,M,Schleswig-Holstein,Ravensburg,2016-12-31,Good
CUST-02943,64,M,Hesse,Eutin,2023-12-09,Good
CUST-02944,48,F,Thuringia,Neustadtner Waldnaab,2021-06-15,Fair
CUST-02945,46,F,Saarland,Gießen,2017-05-07,Excellent
CUST-02946,19,M,Berlin,Schwäbisch Hall,2016-01-10,Poor
CUST-02947,62,M,Hesse,Bruchsal,2016-11-06,Good
CUST-02948,57,M,Thuringia,Dieburg,2015-11-15,Fair
CUST-02949,20,M,Hesse,Norden,2020-09-26,Fair
CUST-02950,66,F,Saarland,Darmstadt,2018-09-01,Good
CUST-02951,71,M,Rhineland-Palatinate,Cuxhaven,2021-04-13,Good
CUST-02952,67,F,Saarland,Berlin,2018-12-25,Good
CUST-02953,83,F,Baden-Wuerttemberg,Plauen,2021-10-15,Fair
CUST-02954,23,M,Schleswig-Holstein,Augsburg,2022-12-23,Excellent
CUST-02955,28,F,Bremen,Schwabmünchen,2020-06-30,Fair
CUST-02956,58,F,Lower Saxony,Gotha,2021-04-04,Fair
CUST-02957,60,F,Saxony,Ingolstadt,2015-04-14,Fair
CUST-02958,34,F,Saxony-Anhalt,Backnang,2023-03-03,Good
CUST-02959,54,M,Mecklenburg-Vorpommern,Rehau,2019-03-13,Excellent
CUST-02960,44,M,Berlin,Zeulenroda,2019-12-16,Good
CUST-02961,74,M,Bavaria,Sondershausen,2021-07-29,Good
CUST-02962,26,M,Saxony-Anhalt,Eutin,2017-11-05,Good
CUST-02963,21,M,Schleswig-Holstein,Beeskow,2015-05-18,Good
CUST-02964,24,F,Mecklenburg-Vorpommern,Ansbach,2015-06-29,Poor
CUST-02965,50,F,Schleswig-Holstein,Wittenberg,2022-01-05,Excellent
CUST-02966,45,M,Saarland,Sebnitz,2021-10-24,Good
CUST-02967,44,F,Saxony,Altötting,2020-04-23,Fair
CUST-02968,51,M,North Rhine-Westphalia,Hamburg,2019-02-22,Excellent
CUST-02969,34,M,Saxony,Schrobenhausen,2016-06-23,Excellent
CUST-02970,30,M,North Rhine-Westphalia,Bad Freienwalde,2019-12-22,Good
CUST-02971,66,M,Thuringia,Schwerin,2016-02-04,Fair
CUST-02972,35,F,Berlin,Bischofswerda,2022-05-07,Good
CUST-02973,85,M,Thuringia,Bad Mergentheim,2022-07-15,Fair
CUST-02974,63,F,Saxony,Eisenberg,2021-07-31,Fair
CUST-02975,40,F,Bavaria,Gransee,2022-06-14,Good
CUST-02976,40,M,Baden-Wuerttemberg,Ludwigslust,2017-03-01,Fair
CUST-02977,24,M,Schleswig-Holstein,Rosenheim,2015-12-10,Excellent
CUST-02978,79,M,Schleswig-Holstein,Miltenberg,2021-10-28,Excellent
CUST-02979,47,F,Saxony,Weimar,2022-02-15,Fair
CUST-02980,65,M,Brandenburg,Greiz,2018-01-26,Good
CUST-02981,25,M,Thuringia,Olpe,2020-03-24,Good
CUST-02982,23,M,Bremen,Staßfurt,2015-12-28,Excellent
CUST-02983,44,M,Saxony,Böblingen,2023-03-08,Excellent
CUST-02984,77,F,Bavaria,Beeskow,2023-08-07,Excellent
CUST-02985,40,M,Berlin,Sondershausen,2022-02-26,Good
CUST-02986,30,M,Rhineland-Palatinate,Goslar,2018-06-14,Fair
CUST-02987,37,M,Hesse,Böblingen,2018-06-25,Excellent
CUST-02988,22,F,Saxony,Ludwigsburg,2018-02-16,Excellent
CUST-02989,73,F,Hamburg,Feuchtwangen,2017-07-14,Fair
CUST-02990,43,F,Berlin,Heinsberg,2016-12-26,Poor
CUST-02991,32,F,Bremen,Olpe,2017-12-19,Excellent
CUST-02992,59,F,Saxony-Anhalt,Rostock,2018-11-29,Fair
CUST-02993,44,F,Saxony,Wolfach,2015-05-31,Poor
CUST-02994,36,F,Hesse,Rottweil,2021-01-12,Good
CUST-02995,22,F,Saxony-Anhalt,Freudenstadt,2022-03-31,Fair
CUST-02996,71,F,Berlin,Potsdam,2018-11-02,Fair
CUST-02997,73,F,Baden-Wuerttemberg,Grevesmühlen,2020-10-03,Fair
CUST-02998,67,F,Berlin,Neunburg vorm Wald,2020-03-30,Good
CUST-02999,57,M,Saxony,Riesa,2020-04-30,Excellent
CUST-03000,30,F,Saxony-Anhalt,Pritzwalk,2021-04-28,Good
CUST-03001,48,M,Thuringia,Zossen,2022-11-12,Excellent
CUST-03002,80,F,Bavaria,Hechingen,2016-10-12,Good
CUST-03003,78,F,Thuringia,Gütersloh,2022-04-07,Poor
CUST-03004,47,M,Saxony-Anhalt,Gunzenhausen,2018-06-08,Excellent
CUST-03005,38,M,Bavaria,Sigmaringen,2019-12-04,Fair
CUST-03006,49,F,Hamburg,Hettstedt,2023-03-13,Good
CUST-03007,71,M,Schleswig-Holstein,Arnstadt,2023-02-10,Good
CUST-03008,30,F,Saarland,Schweinfurt,2022-08-11,Good
CUST-03009,30,M,Rhineland-Palatinate,Ebersberg,2023-07-23,Poor
CUST-03010,57,M,Hamburg,Günzburg,2019-10-11,Fair
CUST-03011,43,F,Bavaria,Nauen,2016-11-02,Good
CUST-03012,48,F,Berlin,Soltau,2021-05-15,Fair
CUST-03013,72,M,Thuringia,Göttingen,2023-11-04,Poor
CUST-03014,61,M,Brandenburg,Saarlouis,2023-11-22,Fair
CUST-03015,32,F,Bremen,Greifswald,2019-06-10,Excellent
CUST-03016,83,M,Hesse,Regensburg,2017-03-31,Fair
CUST-03017,21,F,Brandenburg,Flöha,2015-11-26,Excellent
CUST-03018,46,M,Hamburg,Duderstadt,2016-01-05,Fair
CUST-03019,48,M,Saxony-Anhalt,Deggendorf,2015-01-21,Good
CUST-03020,36,F,Lower Saxony,Kassel,2020-04-12,Good
CUST-03021,40,F,Berlin,Holzminden,2020-04-18,Fair
CUST-03022,66,F,Rhineland-Palatinate,Paderborn,2023-07-23,Poor
CUST-03023,45,F,Hesse,Meiningen,2018-07-27,Fair
CUST-03024,68,M,Mecklenburg-Vorpommern,Göppingen,2023-09-03,Good
CUST-03025,33,F,Hamburg,Bad Kissingen,2021-09-11,Good
CUST-03026,47,M,Saxony-Anhalt,Forst,2020-06-23,Fair
CUST-03027,42,M,Rhineland-Palatinate,Rothenburg ob der Tauber,2021-10-28,Excellent
CUST-03028,26,M,Saxony-Anhalt,Tecklenburg,2019-01-23,Good
CUST-03029,69,M,Mecklenburg-Vorpommern,Kronach,2015-11-13,Good
CUST-03030,54,M,Saarland,Freising,2017-02-08,Excellent
CUST-03031,37,F,Hamburg,Hannoversch Münden,2016-01-16,Good
CUST-03032,76,M,Hamburg,Ingolstadt,2016-09-09,Good
CUST-03033,66,F,Saarland,Jülich,2015-05-23,Good
CUST-03034,83,F,Saxony,Göppingen,2016-10-31,Good
CUST-03035,69,M,Bremen,Gießen,2015-12-05,Good
CUST-03036,19,M,Mecklenburg-Vorpommern,Ilmenau,2015-02-20,Excellent
CUST-03037,48,M,Mecklenburg-Vorpommern,Suhl,2022-09-12,Good
CUST-03038,74,F,Mecklenburg-Vorpommern,Hettstedt,2019-09-27,Fair
CUST-03039,29,F,Hamburg,Sangerhausen,2017-11-25,Fair
CUST-03040,65,M,Bremen,Cloppenburg,2020-08-18,Good
CUST-03041,32,F,Thuringia,Griesbach Rottal,2020-12-31,Poor
CUST-03042,60,M,Saxony,Fürstenwalde,2019-10-03,Good
CUST-03043,78,F,Baden-Wuerttemberg,Großenhain,2016-09-07,Excellent
CUST-03044,25,F,Berlin,Wolfenbüttel,2020-10-10,Fair
CUST-03045,77,F,Hamburg,Mittweida,2015-07-18,Good
CUST-03046,29,M,Lower Saxony,Backnang,2020-06-28,Good
CUST-03047,31,M,Saxony-Anhalt,Bernburg,2017-10-30,Good
CUST-03048,22,F,Bavaria,Hofgeismar,2021-02-01,Good
CUST-03049,54,F,Saxony-Anhalt,Delitzsch,2019-09-05,Excellent
CUST-03050,46,F,Brandenburg,Perleberg,2022-02-17,Excellent
CUST-03051,85,M,Saxony-Anhalt,Gadebusch,2023-03-17,Excellent
CUST-03052,64,F,Rhineland-Palatinate,Haldensleben,2016-12-18,Excellent
CUST-03053,35,M,Hesse,Sömmerda,2023-02-24,Excellent
CUST-03054,43,F,Hamburg,Nabburg,2018-01-30,Good
CUST-03055,32,F,Rhineland-Palatinate,Pößneck,2023-03-21,Fair
CUST-03056,65,F,North Rhine-Westphalia,Siegen,2015-11-10,Good
CUST-03057,51,M,Hesse,Böblingen,2021-10-31,Poor
CUST-03058,74,M,Mecklenburg-Vorpommern,Weißwasser,2020-09-30,Poor
CUST-03059,30,M,Thuringia,Nordhausen,2022-02-21,Fair
CUST-03060,44,F,Mecklenburg-Vorpommern,Staffelstein,2015-04-02,Excellent
CUST-03061,71,F,Baden-Wuerttemberg,Wiedenbrück,2019-11-11,Poor
CUST-03062,76,M,Schleswig-Holstein,Wernigerode,2018-05-26,Good
CUST-03063,37,M,North Rhine-Westphalia,Zeulenroda,2019-03-13,Good
CUST-03064,68,M,Hamburg,Hettstedt,2018-01-30,Fair
CUST-03065,81,M,Schleswig-Holstein,Stollberg,2020-08-16,Fair
CUST-03066,23,F,Saxony,Freital,2022-08-09,Good
CUST-03067,49,M,Hamburg,Lobenstein,2017-04-28,Excellent
CUST-03068,72,F,Hesse,Erkelenz,2018-01-30,Good
CUST-03069,72,F,Lower Saxony,Fürstenwalde,2017-06-25,Excellent
CUST-03070,48,F,Rhineland-Palatinate,Beeskow,2015-09-19,Good
CUST-03071,79,F,Hamburg,Badibling,2022-02-13,Good
CUST-03072,75,F,Saarland,Starnberg,2021-04-03,Excellent
CUST-03073,37,F,Thuringia,Bad Kissingen,2018-11-19,Fair
CUST-03074,19,M,Bremen,Mayen,2023-04-30,Good
CUST-03075,66,M,Mecklenburg-Vorpommern,Schongau,2017-11-13,Good
CUST-03076,57,M,Saarland,Oschatz,2021-04-18,Poor
CUST-03077,86,M,Berlin,Vilsbiburg,2023-05-22,Poor
CUST-03078,20,F,Brandenburg,Ebersberg,2018-04-10,Fair
CUST-03079,32,F,Bremen,Bad Liebenwerda,2015-05-02,Excellent
CUST-03080,56,M,Saxony-Anhalt,Eisenach,2021-05-02,Good
CUST-03081,58,M,Brandenburg,Jülich,2021-03-29,Fair
CUST-03082,84,M,Mecklenburg-Vorpommern,Nabburg,2021-01-10,Excellent
CUST-03083,60,M,Lower Saxony,Ludwigsburg,2019-06-09,Excellent
CUST-03084,62,M,Brandenburg,Zschopau,2017-01-01,Fair
CUST-03085,38,F,Hamburg,Genthin,2018-12-12,Fair
CUST-03086,34,F,Schleswig-Holstein,Ribnitz-Damgarten,2018-08-01,Fair
CUST-03087,52,M,Thuringia,Celle,2020-08-19,Good
CUST-03088,75,F,Rhineland-Palatinate,Rehau,2019-07-13,Good
CUST-03089,50,F,Brandenburg,Schwäbisch Hall,2020-01-15,Excellent
CUST-03090,62,M,Mecklenburg-Vorpommern,Auerbach,2018-03-27,Excellent
CUST-03091,37,F,Bremen,Lübeck,2022-05-11,Excellent
CUST-03092,73,M,Mecklenburg-Vorpommern,Holzminden,2021-07-04,Fair
CUST-03093,42,F,Hamburg,Lörrach,2017-02-12,Good
CUST-03094,25,M,Hesse,Warendorf,2021-11-02,Good
CUST-03095,70,M,Hamburg,Melle,2015-04-04,Good
CUST-03096,84,M,Saxony,Roding,2021-05-20,Good
CUST-03097,43,M,Saxony-Anhalt,Rastatt,2015-04-04,Fair
CUST-03098,34,F,Berlin,Deggendorf,2016-10-23,Good
CUST-03099,49,M,Saxony,Wolgast,2020-04-18,Poor
CUST-03100,84,M,Thuringia,Heiligenstadt,2016-06-27,Good
CUST-03101,60,M,Berlin,Feuchtwangen,2021-06-23,Good
CUST-03102,80,M,Bremen,Nauen,2017-09-17,Fair
CUST-03103,85,F,Lower Saxony,Badalzungen,2021-10-10,Fair
CUST-03104,74,M,Rhineland-Palatinate,Melle,2020-03-08,Fair
CUST-03105,43,M,Bavaria,Eckernförde,2023-05-25,Excellent
CUST-03106,43,F,Saarland,Hettstedt,2019-04-28,Excellent
CUST-03107,83,F,Schleswig-Holstein,Coburg,2023-01-11,Good
CUST-03108,26,M,Bremen,Euskirchen,2020-05-23,Fair
CUST-03109,76,M,Brandenburg,Osterburg,2019-06-20,Fair
CUST-03110,39,M,Saxony-Anhalt,Ludwigslust,2019-06-25,Fair
CUST-03111,84,F,Hamburg,Mettmann,2023-10-31,Excellent
CUST-03112,55,M,Schleswig-Holstein,Güstrow,2023-07-02,Fair
CUST-03113,64,M,Saxony,Apolda,2019-02-10,Good
CUST-03114,49,F,Hesse,Meiningen,2017-09-22,Fair
CUST-03115,25,M,Schleswig-Holstein,Auerbach,2016-02-02,Good
CUST-03116,78,M,Bremen,Sebnitz,2022-12-14,Good
CUST-03117,40,M,Schleswig-Holstein,Greifswald,2018-11-03,Good
CUST-03118,52,F,Thuringia,Badibling,2023-10-31,Good
CUST-03119,71,F,Schleswig-Holstein,Göppingen,2021-08-31,Excellent
CUST-03120,70,M,Hesse,Bergzabern,2020-11-07,Good
CUST-03121,31,M,Saxony-Anhalt,Stadtroda,2021-04-27,Good
CUST-03122,36,F,Brandenburg,Schlüchtern,2023-01-11,Excellent
CUST-03123,47,F,Saarland,Sulzbach-Rosenberg,2022-12-30,Good
CUST-03124,26,F,Hesse,Werdau,2023-05-05,Fair
CUST-03125,86,M,Hesse,Fürstenfeldbruck,2021-10-24,Good
CUST-03126,23,F,Schleswig-Holstein,Berchtesgaden,2022-02-21,Excellent
CUST-03127,23,M,Brandenburg,Paderborn,2016-08-30,Good
CUST-03128,71,F,Saxony-Anhalt,Freising,2023-02-01,Good
CUST-03129,50,F,Saarland,Mühldorf am Inn,2021-12-08,Poor
CUST-03130,75,F,Hesse,Regen,2021-08-01,Fair
CUST-03131,22,F,Saxony-Anhalt,Beilngries,2019-03-29,Fair
CUST-03132,18,F,Saxony,Erding,2020-11-21,Good
CUST-03133,30,F,Mecklenburg-Vorpommern,Wanzleben,2015-02-28,Fair
CUST-03134,47,M,Thuringia,Regen,2017-07-09,Good
CUST-03135,69,M,Hesse,Ahaus,2018-02-13,Good
CUST-03136,40,M,Berlin,Gerolzhofen,2018-12-31,Good
CUST-03137,71,M,Rhineland-Palatinate,Calw,2023-04-25,Excellent
CUST-03138,83,M,Mecklenburg-Vorpommern,Mainburg,2022-01-09,Excellent
CUST-03139,59,F,Baden-Wuerttemberg,Lüdenscheid,2018-01-16,Good
CUST-03140,63,M,North Rhine-Westphalia,Fürstenfeldbruck,2020-01-04,Good
CUST-03141,41,M,Rhineland-Palatinate,Iserlohn,2017-11-14,Fair
CUST-03142,18,M,Rhineland-Palatinate,Iserlohn,2017-07-24,Fair
CUST-03143,68,F,Saxony,Badibling,2015-06-14,Poor
CUST-03144,49,F,Schleswig-Holstein,Seelow,2016-01-10,Fair
CUST-03145,44,M,Hesse,Badalzungen,2020-11-10,Good
CUST-03146,31,M,Rhineland-Palatinate,Niesky,2017-09-26,Good
CUST-03147,83,F,Bremen,Norden,2016-02-07,Good
CUST-03148,68,M,Thuringia,Jena,2023-11-10,Good
CUST-03149,77,M,Saarland,Uffenheim,2016-04-21,Good
CUST-03150,22,F,Berlin,Guben,2016-02-14,Good
CUST-03151,70,M,Saarland,Belzig,2018-05-13,Good
CUST-03152,83,F,Lower Saxony,Anklam,2023-01-28,Fair
CUST-03153,59,M,Bremen,Kemnath,2015-01-03,Good
CUST-03154,21,F,Schleswig-Holstein,Rothenburg ob der Tauber,2020-07-10,Good
CUST-03155,84,F,Saarland,Sondershausen,2020-10-07,Good
CUST-03156,60,F,Schleswig-Holstein,Viechtach,2020-12-19,Excellent
CUST-03157,72,F,Brandenburg,Osterode am Harz,2022-01-07,Good
CUST-03158,82,M,Saarland,Riesa,2015-01-27,Good
CUST-03159,18,F,Saarland,Klötze,2016-10-30,Excellent
CUST-03160,68,F,Brandenburg,Wittmund,2016-01-23,Poor
CUST-03161,63,F,Thuringia,Passau,2022-02-25,Fair
CUST-03162,43,M,Berlin,Ludwigslust,2023-09-25,Excellent
CUST-03163,41,M,Berlin,Stendal,2018-06-12,Good
CUST-03164,43,F,Saarland,Greifswald,2016-02-26,Fair
CUST-03165,27,M,Hesse,Bamberg,2018-08-19,Excellent
CUST-03166,55,F,Saxony,Main-Höchst,2016-10-08,Good
CUST-03167,67,M,Thuringia,München,2020-10-16,Poor
CUST-03168,68,F,Schleswig-Holstein,Tübingen,2017-07-25,Poor
CUST-03169,67,F,Brandenburg,Wittenberg,2019-02-27,Excellent
CUST-03170,85,F,Saxony-Anhalt,Bad Mergentheim,2023-05-11,Good
CUST-03171,69,F,Hamburg,Bremen,2021-04-26,Good
CUST-03172,51,F,Bavaria,Gräfenhainichen,2023-07-20,Poor
CUST-03173,82,M,Hamburg,Borna,2018-12-19,Good
CUST-03174,18,M,Bremen,Luckenwalde,2023-08-08,Good
CUST-03175,44,M,Berlin,Wolgast,2022-06-04,Fair
CUST-03176,39,F,Saxony-Anhalt,Dresden,2015-04-07,Good
CUST-03177,54,F,Thuringia,Badibling,2021-04-04,Good
CUST-03178,73,M,Berlin,Neunburg vorm Wald,2021-12-04,Good
CUST-03179,55,F,Lower Saxony,Cottbus,2015-11-01,Excellent
CUST-03180,52,F,Saarland,Tirschenreuth,2023-02-02,Good
CUST-03181,68,M,Mecklenburg-Vorpommern,Ilmenau,2022-09-18,Poor
CUST-03182,58,F,Rhineland-Palatinate,Diepholz,2018-02-21,Poor
CUST-03183,25,F,North Rhine-Westphalia,Kronach,2016-02-20,Excellent
CUST-03184,54,F,Schleswig-Holstein,Gardelegen,2021-01-12,Good
CUST-03185,27,F,Lower Saxony,Rathenow,2020-04-16,Excellent
CUST-03186,54,M,Thuringia,Stadtroda,2023-09-11,Fair
CUST-03187,32,M,Hesse,Hannoversch Münden,2021-08-12,Good
CUST-03188,35,M,Baden-Wuerttemberg,Osterburg,2019-12-01,Excellent
CUST-03189,44,F,Brandenburg,Oberviechtach,2022-09-25,Excellent
CUST-03190,33,M,Thuringia,Lübeck,2019-01-19,Poor
CUST-03191,18,F,Berlin,Neustrelitz,2017-01-24,Good
CUST-03192,76,M,Bremen,Böblingen,2019-01-23,Good
CUST-03193,66,F,Schleswig-Holstein,Grevesmühlen,2021-10-08,Fair
CUST-03194,28,M,Hesse,Starnberg,2016-05-03,Good
CUST-03195,81,F,Mecklenburg-Vorpommern,Rostock,2020-06-15,Fair
CUST-03196,54,M,Saxony-Anhalt,Erfurt,2015-03-08,Good
CUST-03197,49,M,Thuringia,Hildburghausen,2023-11-11,Good
CUST-03198,34,F,Thuringia,Backnang,2022-02-11,Excellent
CUST-03199,46,M,Baden-Wuerttemberg,Delitzsch,2021-04-05,Fair
CUST-03200,79,M,Baden-Wuerttemberg,Eisleben,2021-06-08,Poor
CUST-03201,46,M,Baden-Wuerttemberg,Bersenbrück,2023-08-09,Fair
CUST-03202,55,F,Bremen,Geithain,2020-01-23,Fair
CUST-03203,40,M,Thuringia,Brand,2015-10-27,Excellent
CUST-03204,31,F,Bremen,Lübz,2020-12-01,Fair
CUST-03205,85,F,Bavaria,Badoberan,2019-07-03,Good
CUST-03206,32,M,Mecklenburg-Vorpommern,Ravensburg,2015-03-19,Excellent
CUST-03207,64,F,Hamburg,Ebermannstadt,2016-09-08,Good
CUST-03208,37,M,Thuringia,Ochsenfurt,2020-12-20,Good
CUST-03209,46,M,Saxony-Anhalt,Calw,2023-01-07,Fair
CUST-03210,18,M,Berlin,Sömmerda,2023-09-02,Excellent
CUST-03211,48,F,Saxony,Osterburg,2016-02-18,Excellent
CUST-03212,31,M,Hesse,Passau,2021-01-21,Good
CUST-03213,36,M,Thuringia,Hagenow,2018-07-15,Poor
CUST-03214,27,M,Berlin,Beeskow,2018-05-25,Excellent
CUST-03215,77,F,Rhineland-Palatinate,Roth,2017-06-08,Fair
CUST-03216,39,M,Hesse,Kitzingen,2019-12-06,Excellent
CUST-03217,55,F,Bavaria,Meppen,2019-12-24,Fair
CUST-03218,32,M,Mecklenburg-Vorpommern,Kleve,2015-07-21,Good
CUST-03219,35,F,Berlin,Waren,2017-04-22,Fair
CUST-03220,18,M,Baden-Wuerttemberg,Zschopau,2016-12-18,Good
CUST-03221,52,M,Saxony,Schweinfurt,2023-06-27,Excellent
CUST-03222,70,F,Saxony-Anhalt,Lübz,2023-05-29,Poor
CUST-03223,29,F,Berlin,Osterode am Harz,2017-05-11,Poor
CUST-03224,20,F,Saarland,Borken,2017-11-11,Good
CUST-03225,69,F,Bavaria,Heiligenstadt,2015-01-30,Good
CUST-03226,75,F,Mecklenburg-Vorpommern,Lemgo,2016-02-14,Good
CUST-03227,50,F,Baden-Wuerttemberg,Meppen,2019-11-14,Poor
CUST-03228,30,F,Rhineland-Palatinate,Siegen,2022-11-12,Excellent
CUST-03229,78,F,Saarland,Bautzen,2015-03-06,Poor
CUST-03230,52,F,Thuringia,Grimmen,2015-07-05,Excellent
CUST-03231,42,M,Saxony,Ueckermünde,2021-05-01,Excellent
CUST-03232,20,M,Hesse,Soltau,2022-10-18,Good
CUST-03233,82,M,North Rhine-Westphalia,Duderstadt,2021-09-08,Fair
CUST-03234,56,F,Saxony-Anhalt,Backnang,2021-12-04,Good
CUST-03235,43,M,Hamburg,Pasewalk,2016-12-07,Excellent
CUST-03236,32,M,Saxony,Wolmirstedt,2019-02-04,Fair
CUST-03237,76,M,Saxony,Mainburg,2015-05-03,Good
CUST-03238,22,F,Mecklenburg-Vorpommern,Hannoversch Münden,2022-01-05,Good
CUST-03239,84,F,Thuringia,Gießen,2015-04-27,Fair
CUST-03240,47,F,Bavaria,Peine,2020-04-11,Excellent
CUST-03241,48,M,Hamburg,Wolfenbüttel,2015-07-10,Good
CUST-03242,31,M,Saxony,Cloppenburg,2016-02-15,Excellent
CUST-03243,48,M,Baden-Wuerttemberg,Neustrelitz,2019-09-16,Poor
CUST-03244,28,M,Saarland,Sömmerda,2020-03-17,Poor
CUST-03245,26,F,Hesse,Gotha,2021-10-06,Fair
CUST-03246,57,M,Brandenburg,Lemgo,2020-05-04,Good
CUST-03247,32,F,Hesse,Oranienburg,2018-08-15,Fair
CUST-03248,40,F,Lower Saxony,Pirmasens,2020-05-11,Good
CUST-03249,38,M,Hesse,Schongau,2017-06-17,Good
CUST-03250,40,M,Rhineland-Palatinate,Stollberg,2022-05-24,Excellent
CUST-03251,29,M,Mecklenburg-Vorpommern,Schweinfurt,2018-03-02,Fair
CUST-03252,27,M,Rhineland-Palatinate,Burg,2017-07-15,Good
CUST-03253,51,F,Thuringia,Bischofswerda,2022-12-20,Poor
CUST-03254,31,F,Hesse,Kelheim,2018-09-05,Good
CUST-03255,84,M,North Rhine-Westphalia,Gräfenhainichen,2023-05-22,Poor
CUST-03256,61,F,North Rhine-Westphalia,Geithain,2023-11-28,Excellent
CUST-03257,54,M,Bavaria,Mühlhausen,2016-08-08,Good
CUST-03258,79,M,Saxony,Bad Brückenau,2019-06-14,Good
CUST-03259,51,F,Saarland,Helmstedt,2018-11-09,Excellent
CUST-03260,18,F,Bremen,Stadtsteinach,2017-05-29,Good
CUST-03261,18,F,Bremen,Wolfach,2016-04-27,Fair
CUST-03262,38,F,Thuringia,Potsdam,2017-02-02,Good
CUST-03263,43,F,Bremen,Hannoversch Münden,2022-06-09,Excellent
CUST-03264,31,F,Schleswig-Holstein,Altötting,2015-09-16,Fair
CUST-03265,83,F,Bavaria,Wittmund,2021-02-03,Excellent
CUST-03266,67,M,Bremen,Bernburg,2016-03-31,Excellent
CUST-03267,34,F,Hesse,Dresden,2018-11-24,Good
CUST-03268,27,F,Baden-Wuerttemberg,Zerbst,2020-08-29,Excellent
CUST-03269,78,M,Hesse,Aue,2022-08-19,Excellent
CUST-03270,37,M,Berlin,Uffenheim,2023-03-24,Fair
CUST-03271,20,M,North Rhine-Westphalia,Ravensburg,2023-12-22,Good
CUST-03272,36,M,Saxony,Hammelburg,2019-03-14,Excellent
CUST-03273,61,M,Rhineland-Palatinate,Ahaus,2023-06-04,Fair
CUST-03274,47,F,Berlin,Schongau,2018-02-14,Excellent
CUST-03275,27,F,Brandenburg,Saulgau,2019-05-16,Poor
CUST-03276,71,F,Saarland,Tecklenburg,2020-03-31,Good
CUST-03277,31,F,Bavaria,Weißwasser,2015-11-03,Good
CUST-03278,55,F,Berlin,Melle,2023-03-24,Good
CUST-03279,75,M,North Rhine-Westphalia,Konstanz,2023-06-21,Good
CUST-03280,25,M,Saarland,Burglengenfeld,2016-10-18,Fair
CUST-03281,73,M,Mecklenburg-Vorpommern,Mallersdorf,2023-10-26,Excellent
CUST-03282,59,F,Mecklenburg-Vorpommern,Bernburg,2021-08-19,Excellent
CUST-03283,19,F,Baden-Wuerttemberg,Fulda,2017-07-15,Poor
CUST-03284,61,F,Hesse,Stendal,2019-07-03,Excellent
CUST-03285,54,M,Berlin,Ravensburg,2019-12-22,Excellent
CUST-03286,82,F,Thuringia,Hannover,2015-02-14,Good
CUST-03287,77,F,Lower Saxony,Goslar,2023-08-27,Good
CUST-03288,28,F,Rhineland-Palatinate,Anklam,2022-05-29,Good
CUST-03289,21,M,Bremen,Eisleben,2016-09-21,Excellent
CUST-03290,85,F,Schleswig-Holstein,Viechtach,2015-06-17,Good
CUST-03291,66,F,Lower Saxony,Herzberg,2022-01-11,Good
CUST-03292,83,M,Saarland,Dessau,2023-07-04,Good
CUST-03293,32,M,Baden-Wuerttemberg,Jülich,2023-03-17,Good
CUST-03294,27,F,Rhineland-Palatinate,Melsungen,2022-06-16,Good
CUST-03295,64,F,Hamburg,Tecklenburg,2015-08-21,Good
CUST-03296,61,F,Schleswig-Holstein,Diepholz,2017-10-27,Good
CUST-03297,29,F,Hamburg,Lüdinghausen,2022-06-24,Fair
CUST-03298,43,F,Baden-Wuerttemberg,Vohenstrauß,2015-02-22,Excellent
CUST-03299,84,F,Rhineland-Palatinate,Marienberg,2021-07-27,Good
CUST-03300,49,F,Schleswig-Holstein,Burgdorf,2016-03-01,Poor
CUST-03301,46,F,Mecklenburg-Vorpommern,Schlüchtern,2021-10-20,Good
CUST-03302,79,F,North Rhine-Westphalia,Holzminden,2021-09-30,Excellent
CUST-03303,35,M,Lower Saxony,Weißwasser,2016-04-26,Poor
CUST-03304,76,M,Saxony-Anhalt,Waldmünchen,2021-07-04,Fair
CUST-03305,37,F,Mecklenburg-Vorpommern,Suhl,2023-01-21,Fair
CUST-03306,68,F,Bremen,Steinfurt,2020-03-02,Good
CUST-03307,40,M,Mecklenburg-Vorpommern,Hamburg,2022-01-16,Fair
CUST-03308,29,F,Bavaria,Saulgau,2017-06-03,Good
CUST-03309,86,M,Thuringia,Coburg,2016-02-09,Good
CUST-03310,70,F,Bavaria,Hofgeismar,2023-03-06,Good
CUST-03311,83,F,Saxony-Anhalt,Delitzsch,2022-08-29,Good
CUST-03312,28,M,Schleswig-Holstein,Neustadt am Rübenberge,2020-01-01,Fair
CUST-03313,62,F,Bremen,Sternberg,2022-11-03,Poor
CUST-03314,81,F,Saxony,Hofgeismar,2017-05-07,Good
CUST-03315,42,F,Mecklenburg-Vorpommern,Siegen,2023-06-13,Good
CUST-03316,22,M,Saarland,Senftenberg,2015-12-31,Good
CUST-03317,44,M,Thuringia,Norden,2018-06-06,Excellent
CUST-03318,40,M,Mecklenburg-Vorpommern,Stadtsteinach,2018-07-05,Good
CUST-03319,34,M,Mecklenburg-Vorpommern,Badalzungen,2017-04-08,Good
CUST-03320,50,F,Saxony-Anhalt,Sömmerda,2018-10-12,Fair
CUST-03321,70,F,Saxony,Lichtenfels,2016-11-21,Good
CUST-03322,66,M,Berlin,Hannoversch Münden,2021-07-11,Good
CUST-03323,84,F,Saxony,Perleberg,2019-06-19,Good
CUST-03324,59,M,Berlin,Artern,2016-01-18,Excellent
CUST-03325,28,F,Schleswig-Holstein,Lobenstein,2016-08-20,Fair
CUST-03326,30,F,Mecklenburg-Vorpommern,Parsberg,2016-06-28,Poor
CUST-03327,30,M,Brandenburg,Husum,2021-11-17,Good
CUST-03328,18,M,Thuringia,Bad Mergentheim,2017-07-09,Good
CUST-03329,57,M,Rhineland-Palatinate,Angermünde,2021-02-22,Excellent
CUST-03330,85,F,Bavaria,Mellrichstadt,2020-07-18,Excellent
CUST-03331,23,M,Rhineland-Palatinate,Schmölln,2017-07-14,Good
CUST-03332,35,M,Hesse,Eckernförde,2015-02-20,Good
CUST-03333,84,M,Saarland,Eisenhüttenstadt,2019-12-03,Good
CUST-03334,42,M,Hamburg,Aachen,2017-02-01,Fair
CUST-03335,20,F,Mecklenburg-Vorpommern,Viersen,2023-05-17,Good
CUST-03336,40,F,Schleswig-Holstein,Goslar,2019-11-02,Good
CUST-03337,78,M,Thuringia,Lemgo,2021-01-22,Good
CUST-03338,81,M,Thuringia,München,2022-11-17,Excellent
CUST-03339,34,M,Lower Saxony,Görlitz,2023-10-18,Poor
CUST-03340,50,F,Thuringia,Magdeburg,2016-03-05,Fair
CUST-03341,37,M,Saxony-Anhalt,Wolfach,2023-01-18,Fair
CUST-03342,32,M,Bremen,Garmisch-Partenkirchen,2018-01-07,Good
CUST-03343,71,M,Bremen,Dinslaken,2021-12-09,Good
CUST-03344,56,F,Baden-Wuerttemberg,Eisenberg,2016-12-02,Excellent
CUST-03345,48,F,North Rhine-Westphalia,Marktheidenfeld,2018-11-24,Good
CUST-03346,44,M,Baden-Wuerttemberg,Schwabmünchen,2022-08-25,Good
CUST-03347,28,F,Schleswig-Holstein,Bruchsal,2023-02-28,Excellent
CUST-03348,27,F,Hamburg,Kehl,2022-11-24,Fair
CUST-03349,25,M,Mecklenburg-Vorpommern,Feuchtwangen,2017-05-31,Fair
CUST-03350,27,F,Brandenburg,Schlüchtern,2018-09-15,Excellent
CUST-03351,51,F,Hesse,Wiedenbrück,2023-08-05,Good
CUST-03352,41,F,Bavaria,Gifhorn,2021-11-01,Excellent
CUST-03353,22,F,Lower Saxony,Bautzen,2023-09-08,Poor
CUST-03354,62,M,Hamburg,Melsungen,2023-03-11,Excellent
CUST-03355,39,M,Rhineland-Palatinate,Saarbrücken,2021-09-29,Fair
CUST-03356,24,M,Saxony,Günzburg,2015-05-01,Good
CUST-03357,43,F,Lower Saxony,Regensburg,2018-09-21,Excellent
CUST-03358,43,F,Mecklenburg-Vorpommern,Weißwasser,2019-07-28,Good
CUST-03359,42,F,Hesse,Oschatz,2018-11-07,Excellent
CUST-03360,26,F,Saxony-Anhalt,Berlin,2016-12-27,Fair
CUST-03361,30,F,Saarland,Altentreptow,2016-01-07,Excellent
CUST-03362,70,F,Berlin,Vohenstrauß,2017-07-17,Good
CUST-03363,56,M,Thuringia,Recklinghausen,2020-01-25,Fair
CUST-03364,70,F,Bavaria,Großenhain,2021-10-18,Excellent
CUST-03365,48,M,Saxony-Anhalt,Lörrach,2016-01-27,Excellent
CUST-03366,61,M,Bavaria,Hagenow,2018-08-31,Good
CUST-03367,45,M,Saxony-Anhalt,Illertissen,2015-10-12,Poor
CUST-03368,80,M,Saarland,Peine,2017-01-14,Good
CUST-03369,82,F,Lower Saxony,Mühldorf am Inn,2022-08-30,Poor
CUST-03370,83,F,Saxony,Flöha,2019-12-11,Fair
CUST-03371,38,M,Hesse,Leipziger Land,2019-12-29,Excellent
CUST-03372,71,M,Lower Saxony,Olpe,2018-06-30,Poor
CUST-03373,70,M,Saxony-Anhalt,Cuxhaven,2022-08-29,Excellent
CUST-03374,30,M,Lower Saxony,Oschatz,2020-07-31,Excellent
CUST-03375,57,M,Thuringia,Warendorf,2020-02-06,Poor
CUST-03376,20,F,Bremen,Luckau,2016-04-21,Fair
CUST-03377,68,M,Thuringia,Ravensburg,2017-10-05,Good
CUST-03378,36,M,Saarland,Neustrelitz,2017-02-10,Fair
CUST-03379,59,M,Saxony-Anhalt,Pfaffenhofen an der Ilm,2015-08-29,Poor
CUST-03380,44,F,Lower Saxony,Brand,2020-10-30,Excellent
CUST-03381,37,F,Mecklenburg-Vorpommern,Dachau,2023-06-28,Good
CUST-03382,66,M,Brandenburg,Jessen,2018-08-05,Excellent
CUST-03383,72,M,Brandenburg,Viersen,2022-01-09,Good
CUST-03384,70,F,Mecklenburg-Vorpommern,Leipziger Land,2015-12-04,Good
CUST-03385,46,F,Lower Saxony,Lippstadt,2018-08-09,Good
CUST-03386,36,F,Brandenburg,Günzburg,2020-07-31,Poor
CUST-03387,48,F,North Rhine-Westphalia,Ahaus,2020-11-30,Fair
CUST-03388,47,M,Baden-Wuerttemberg,Paderborn,2018-06-11,Fair
CUST-03389,25,M,Thuringia,Burglengenfeld,2023-04-16,Excellent
CUST-03390,62,M,North Rhine-Westphalia,Kelheim,2018-05-25,Good
CUST-03391,85,F,North Rhine-Westphalia,Norden,2022-09-03,Fair
CUST-03392,62,M,Saxony-Anhalt,Bergzabern,2022-08-21,Fair
CUST-03393,39,M,Lower Saxony,Strausberg,2020-02-16,Poor
CUST-03394,24,M,Thuringia,Günzburg,2015-10-26,Fair
CUST-03395,48,F,Berlin,Zeulenroda,2021-05-28,Good
CUST-03396,45,M,North Rhine-Westphalia,Peine,2019-04-12,Excellent
CUST-03397,76,M,Brandenburg,Wanzleben,2015-01-20,Poor
CUST-03398,54,F,Saxony,Warendorf,2019-05-17,Fair
CUST-03399,84,F,Mecklenburg-Vorpommern,Bergzabern,2015-07-03,Excellent
CUST-03400,38,M,Schleswig-Holstein,Döbeln,2019-09-28,Fair
CUST-03401,74,F,Berlin,Erding,2022-04-30,Fair
CUST-03402,25,F,Hamburg,Kaiserslautern,2022-09-28,Excellent
CUST-03403,61,F,Mecklenburg-Vorpommern,Celle,2018-02-13,Fair
CUST-03404,49,M,Saarland,Lemgo,2017-11-04,Good
CUST-03405,21,F,North Rhine-Westphalia,Havelberg,2022-10-21,Fair
CUST-03406,56,M,Rhineland-Palatinate,Weißwasser,2015-10-16,Good
CUST-03407,45,M,Saxony,Marienberg,2023-11-15,Good
CUST-03408,39,M,Thuringia,Seelow,2016-11-16,Poor
CUST-03409,41,F,Mecklenburg-Vorpommern,Jüterbog,2018-03-12,Good
CUST-03410,21,F,Schleswig-Holstein,Pirmasens,2016-03-20,Fair
CUST-03411,36,F,Berlin,Neustadt am Rübenberge,2015-12-21,Good
CUST-03412,84,F,Berlin,Paderborn,2016-06-04,Good
CUST-03413,32,M,Saarland,Viersen,2020-05-15,Excellent
CUST-03414,32,M,North Rhine-Westphalia,Bruchsal,2019-05-09,Excellent
CUST-03415,60,M,Rhineland-Palatinate,Augsburg,2019-11-21,Good
CUST-03416,76,F,Hesse,Wittmund,2019-12-16,Good
CUST-03417,78,M,Berlin,Lüdinghausen,2023-08-14,Excellent
CUST-03418,50,F,North Rhine-Westphalia,Altötting,2021-05-18,Excellent
CUST-03419,81,M,Thuringia,Aschaffenburg,2017-10-24,Poor
CUST-03420,56,F,Bremen,Celle,2017-04-01,Poor
CUST-03421,25,M,Mecklenburg-Vorpommern,Koblenz,2019-04-06,Excellent
CUST-03422,69,F,Baden-Wuerttemberg,Rockenhausen,2017-07-11,Excellent
CUST-03423,57,M,Thuringia,Vilsbiburg,2022-05-19,Fair
CUST-03424,27,M,Bremen,Bernburg,2015-10-12,Fair
CUST-03425,20,F,Saxony,Grevesmühlen,2016-08-10,Good
CUST-03426,19,F,North Rhine-Westphalia,Fürstenfeldbruck,2016-04-01,Fair
CUST-03427,53,F,Bavaria,Dresden,2021-12-08,Fair
CUST-03428,61,F,Saxony-Anhalt,Nabburg,2015-06-07,Excellent
CUST-03429,23,M,Rhineland-Palatinate,Bad Mergentheim,2015-01-25,Good
CUST-03430,21,M,Mecklenburg-Vorpommern,Witzenhausen,2023-08-15,Good
CUST-03431,32,M,North Rhine-Westphalia,Schwandorf,2021-04-27,Good
CUST-03432,59,M,Saarland,Plauen,2021-05-29,Good
CUST-03433,48,F,Mecklenburg-Vorpommern,Aschaffenburg,2020-01-16,Poor
CUST-03434,77,M,Saarland,Delitzsch,2021-11-14,Good
CUST-03435,38,F,Saarland,Eisenberg,2016-09-19,Good
CUST-03436,47,F,Rhineland-Palatinate,Berlin,2016-08-14,Good
CUST-03437,65,M,Mecklenburg-Vorpommern,Bamberg,2017-11-19,Fair
CUST-03438,44,F,Bavaria,Neu-Ulm,2019-11-04,Fair
CUST-03439,23,M,North Rhine-Westphalia,Hohenmölsen,2020-02-27,Good
CUST-03440,49,M,Mecklenburg-Vorpommern,Sondershausen,2016-05-27,Fair
CUST-03441,75,F,Berlin,Dachau,2019-07-21,Good
CUST-03442,32,F,Bremen,Bamberg,2023-03-24,Good
CUST-03443,74,F,Bremen,Helmstedt,2019-01-29,Good
CUST-03444,27,F,Hesse,Säckingen,2023-02-10,Good
CUST-03445,21,M,Berlin,Guben,2022-12-28,Excellent
CUST-03446,69,M,Saxony-Anhalt,Lübben,2020-03-12,Good
CUST-03447,76,F,Saxony-Anhalt,Groß-Gerau,2022-03-22,Good
CUST-03448,70,F,Hesse,Malchin,2020-04-10,Excellent
CUST-03449,66,F,Brandenburg,Garmisch-Partenkirchen,2023-09-08,Fair
CUST-03450,57,F,North Rhine-Westphalia,Bad Langensalza,2017-03-27,Excellent
CUST-03451,36,M,Mecklenburg-Vorpommern,Halberstadt,2020-10-20,Good
CUST-03452,67,F,Bavaria,Pößneck,2022-10-13,Excellent
CUST-03453,38,M,Schleswig-Holstein,Osterburg,2023-05-14,Fair
CUST-03454,29,M,Mecklenburg-Vorpommern,Heinsberg,2021-06-13,Fair
CUST-03455,37,M,Hesse,Wolfenbüttel,2019-08-12,Good
CUST-03456,47,M,Hesse,Erkelenz,2023-07-21,Poor
CUST-03457,67,F,North Rhine-Westphalia,Göppingen,2022-08-01,Excellent
CUST-03458,44,M,Baden-Wuerttemberg,Wanzleben,2015-03-29,Excellent
CUST-03459,62,M,Thuringia,Eckernförde,2016-01-04,Good
CUST-03460,57,F,Berlin,Neustrelitz,2023-05-04,Excellent
CUST-03461,64,M,Brandenburg,Sebnitz,2015-09-28,Good
CUST-03462,43,F,Bremen,Füssen,2020-04-29,Good
CUST-03463,75,M,Brandenburg,Sankt Goar,2018-05-27,Excellent
CUST-03464,65,M,Hesse,Cuxhaven,2016-10-30,Good
CUST-03465,37,F,Saxony,Deggendorf,2021-04-19,Good
CUST-03466,51,F,Schleswig-Holstein,Northeim,2022-09-27,Fair
CUST-03467,21,M,Lower Saxony,Jüterbog,2022-06-12,Poor
CUST-03468,40,F,Lower Saxony,Badalzungen,2023-06-23,Excellent
CUST-03469,59,F,Saarland,Neustadtner Waldnaab,2019-04-03,Good
CUST-03470,78,M,Saxony-Anhalt,Hainichen,2019-12-12,Good
CUST-03471,58,M,Bremen,Osterode am Harz,2015-03-23,Poor
CUST-03472,45,F,Thuringia,Wismar,2015-12-15,Fair
CUST-03473,52,M,Saxony,Kitzingen,2016-07-06,Good
CUST-03474,79,F,Hesse,Weimar,2016-03-30,Poor
CUST-03475,48,M,Thuringia,Staßfurt,2018-04-12,Fair
CUST-03476,27,M,Saxony-Anhalt,Mayen,2021-10-05,Poor
CUST-03477,79,F,Bavaria,Gera,2021-12-22,Fair
CUST-03478,24,F,Saxony,Wittmund,2019-02-04,Fair
CUST-03479,52,M,Schleswig-Holstein,Aachen,2020-11-01,Poor
CUST-03480,41,M,Saarland,Sondershausen,2018-07-28,Poor
CUST-03481,29,M,Rhineland-Palatinate,Neustadt am Rübenberge,2022-11-09,Good
CUST-03482,39,F,Hamburg,Burg,2018-10-14,Excellent
CUST-03483,43,F,Baden-Wuerttemberg,Donaueschingen,2018-09-25,Good
CUST-03484,51,M,Bavaria,Rochlitz,2023-03-29,Good
CUST-03485,55,F,Mecklenburg-Vorpommern,Uelzen,2017-03-28,Poor
CUST-03486,24,F,Mecklenburg-Vorpommern,Germersheim,2015-05-28,Fair
CUST-03487,69,F,Mecklenburg-Vorpommern,Göttingen,2018-10-06,Good
CUST-03488,24,F,Hamburg,Pinneberg,2022-12-07,Good
CUST-03489,84,F,Schleswig-Holstein,Strasburg,2021-03-12,Excellent
CUST-03490,62,F,Schleswig-Holstein,Stollberg,2015-12-08,Poor
CUST-03491,64,M,Thuringia,Höxter,2020-09-15,Fair
CUST-03492,38,M,Hesse,Ebersberg,2023-07-19,Excellent
CUST-03493,42,M,Saxony,Vilsbiburg,2019-03-10,Excellent
CUST-03494,47,M,Baden-Wuerttemberg,Delitzsch,2015-11-05,Excellent
CUST-03495,29,M,Thuringia,Meppen,2021-12-04,Excellent
CUST-03496,51,F,Thuringia,Hohenstein-Ernstthal,2023-10-25,Fair
CUST-03497,63,M,North Rhine-Westphalia,Northeim,2022-11-24,Excellent
CUST-03498,23,M,Saxony,Göppingen,2016-01-11,Fair
CUST-03499,56,M,Bavaria,Angermünde,2019-11-09,Fair
CUST-03500,64,M,Berlin,Jülich,2015-07-24,Fair
CUST-03501,53,F,Thuringia,Soltau,2022-01-05,Good
CUST-03502,52,F,Berlin,Soltau,2022-12-10,Poor
CUST-03503,53,M,Saarland,Bitterfeld,2018-03-25,Fair
CUST-03504,28,M,Bremen,Helmstedt,2017-01-27,Good
CUST-03505,33,M,Saxony,Hofgeismar,2017-03-20,Good
CUST-03506,80,M,Lower Saxony,Gütersloh,2022-11-18,Fair
CUST-03507,48,M,Saxony,Oschatz,2018-08-09,Fair
CUST-03508,39,M,Saxony,Freising,2019-06-05,Good
CUST-03509,62,F,Hamburg,Jessen,2020-09-06,Good
CUST-03510,27,M,Hamburg,Füssen,2017-10-24,Fair
CUST-03511,60,M,Bavaria,Brand,2022-05-06,Fair
CUST-03512,33,F,Brandenburg,Göppingen,2023-06-17,Excellent
CUST-03513,83,M,Baden-Wuerttemberg,Tübingen,2020-07-16,Good
CUST-03514,52,M,Hamburg,Jüterbog,2015-11-24,Fair
CUST-03515,78,F,Bavaria,Lüdinghausen,2023-05-07,Fair
CUST-03516,52,F,Saxony-Anhalt,Chemnitz,2022-10-30,Fair
CUST-03517,31,M,Schleswig-Holstein,Kassel,2023-02-26,Fair
CUST-03518,66,F,Saxony-Anhalt,Lemgo,2023-04-29,Fair
CUST-03519,50,F,Saarland,Calw,2018-05-14,Fair
CUST-03520,47,F,Berlin,Wismar,2017-07-23,Good
CUST-03521,51,M,Saxony-Anhalt,Düren,2019-08-06,Good
CUST-03522,63,F,Thuringia,Backnang,2023-12-06,Fair
CUST-03523,30,F,Bremen,Wiedenbrück,2020-03-17,Good
CUST-03524,55,M,Mecklenburg-Vorpommern,Ebersberg,2019-09-15,Poor
CUST-03525,85,M,Thuringia,Halberstadt,2019-04-12,Poor
CUST-03526,71,M,Mecklenburg-Vorpommern,Mallersdorf,2019-02-06,Excellent
CUST-03527,31,M,Hesse,Ebermannstadt,2021-08-25,Poor
CUST-03528,48,M,Lower Saxony,Zerbst,2015-03-09,Good
CUST-03529,23,M,Schleswig-Holstein,Calw,2018-10-13,Excellent
CUST-03530,59,F,Mecklenburg-Vorpommern,Schwäbisch Gmünd,2016-10-10,Good
CUST-03531,27,F,Rhineland-Palatinate,Rudolstadt,2017-02-17,Good
CUST-03532,47,F,Hamburg,Mayen,2019-11-18,Poor
CUST-03533,18,M,Saarland,Sulzbach-Rosenberg,2022-06-20,Excellent
CUST-03534,81,M,Baden-Wuerttemberg,Meiningen,2018-08-17,Fair
CUST-03535,26,F,Hesse,Füssen,2017-08-21,Good
CUST-03536,27,F,Berlin,Aschaffenburg,2019-09-02,Good
CUST-03537,42,F,Saxony,Ochsenfurt,2018-10-18,Good
CUST-03538,24,F,Lower Saxony,Schwäbisch Hall,2021-09-19,Excellent
CUST-03539,58,F,Thuringia,Lippstadt,2023-02-16,Good
CUST-03540,45,M,Saxony-Anhalt,Finsterwalde,2021-05-04,Poor
CUST-03541,49,M,Bavaria,Schmölln,2020-01-06,Good
CUST-03542,32,M,Berlin,Pegnitz,2018-08-29,Fair
CUST-03543,33,F,Saarland,Mainburg,2023-10-28,Good
CUST-03544,79,F,Thuringia,Hamburg,2022-10-31,Excellent
CUST-03545,56,M,Thuringia,Gütersloh,2023-10-07,Good
CUST-03546,32,M,Rhineland-Palatinate,Senftenberg,2017-10-17,Good
CUST-03547,76,F,Bavaria,Altentreptow,2018-07-07,Good
CUST-03548,24,M,Mecklenburg-Vorpommern,Düren,2023-05-31,Excellent
CUST-03549,35,F,Baden-Wuerttemberg,Hünfeld,2020-12-07,Good
CUST-03550,58,F,Baden-Wuerttemberg,Pirmasens,2020-01-16,Good
CUST-03551,68,M,Schleswig-Holstein,Bad Liebenwerda,2022-12-25,Excellent
CUST-03552,72,M,Saarland,Hersbruck,2017-10-07,Excellent
CUST-03553,29,M,Thuringia,Stuttgart,2018-12-29,Fair
CUST-03554,71,F,Hesse,Rostock,2023-10-15,Good
CUST-03555,61,F,Saarland,Weißwasser,2018-07-10,Good
CUST-03556,72,M,Berlin,Plauen,2021-09-13,Good
CUST-03557,72,F,North Rhine-Westphalia,Warendorf,2023-04-01,Fair
CUST-03558,51,F,Rhineland-Palatinate,Wolfenbüttel,2023-11-13,Good
CUST-03559,58,M,Brandenburg,Gräfenhainichen,2017-12-05,Excellent
CUST-03560,71,F,Bavaria,Schwerin,2015-04-29,Fair
CUST-03561,51,F,Baden-Wuerttemberg,Lüdinghausen,2019-02-18,Good
CUST-03562,78,M,Bremen,Strausberg,2022-01-07,Good
CUST-03563,22,M,Bremen,Meppen,2023-07-04,Good
CUST-03564,33,F,Bremen,Deggendorf,2018-02-04,Excellent
CUST-03565,34,F,Brandenburg,Stendal,2016-10-29,Good
CUST-03566,65,F,Bavaria,Perleberg,2016-05-22,Excellent
CUST-03567,49,F,Saarland,Vilsbiburg,2019-02-19,Excellent
CUST-03568,20,F,Bavaria,Ochsenfurt,2022-01-19,Good
CUST-03569,32,F,Mecklenburg-Vorpommern,Altentreptow,2016-12-30,Good
CUST-03570,50,M,Brandenburg,Sankt Goarshausen,2018-08-20,Good
CUST-03571,48,M,North Rhine-Westphalia,Gransee,2023-02-08,Fair
CUST-03572,34,M,Saarland,Mühldorf am Inn,2015-09-19,Poor
CUST-03573,62,M,Hesse,Bad Brückenau,2016-02-23,Good
CUST-03574,22,M,Baden-Wuerttemberg,Gera,2023-06-19,Good
CUST-03575,19,F,Thuringia,Cloppenburg,2015-11-29,Good
CUST-03576,66,M,Saarland,Mühlhausen,2019-06-29,Good
CUST-03577,35,F,Mecklenburg-Vorpommern,Augsburg,2022-10-16,Excellent
CUST-03578,19,M,Berlin,Neuss,2020-01-12,Excellent
CUST-03579,84,F,Rhineland-Palatinate,Freital,2017-09-07,Excellent
CUST-03580,28,M,North Rhine-Westphalia,Bremervörde,2022-03-18,Fair
CUST-03581,21,M,Saarland,Wernigerode,2015-06-23,Excellent
CUST-03582,45,M,Hesse,Emmendingen,2016-07-17,Good
CUST-03583,28,F,Mecklenburg-Vorpommern,Cottbus,2023-06-24,Good
CUST-03584,28,F,Bavaria,Sebnitz,2020-09-20,Fair
CUST-03585,78,F,Bavaria,Eckernförde,2022-07-05,Fair
CUST-03586,20,F,Baden-Wuerttemberg,Ahaus,2015-06-14,Excellent
CUST-03587,67,M,Berlin,Luckau,2017-07-29,Good
CUST-03588,59,M,Saxony-Anhalt,Haldensleben,2022-11-14,Excellent
CUST-03589,73,F,Saxony,Naila,2019-06-15,Excellent
CUST-03590,29,M,Brandenburg,Wittstock,2017-12-24,Good
CUST-03591,39,F,Saxony,Ebern,2017-04-05,Fair
CUST-03592,70,F,Thuringia,Bersenbrück,2017-03-12,Good
CUST-03593,61,F,Mecklenburg-Vorpommern,Quedlinburg,2016-05-03,Fair
CUST-03594,82,F,Bavaria,Gießen,2019-12-30,Good
CUST-03595,58,F,Berlin,Klötze,2017-01-27,Excellent
CUST-03596,27,F,Lower Saxony,Kötzting,2023-05-01,Poor
CUST-03597,81,M,Berlin,Grevesmühlen,2023-07-09,Good
CUST-03598,43,F,Berlin,Erfurt,2021-08-26,Fair
CUST-03599,77,F,Bremen,Guben,2015-08-11,Good
CUST-03600,49,M,Schleswig-Holstein,Herford,2017-06-07,Good
CUST-03601,73,F,Bavaria,Nabburg,2017-06-05,Fair
CUST-03602,49,F,Berlin,Bad Brückenau,2020-08-08,Poor
CUST-03603,36,F,Thuringia,Rastatt,2020-02-19,Poor
CUST-03604,57,M,Saarland,Duderstadt,2020-05-20,Good
CUST-03605,84,F,Rhineland-Palatinate,Warendorf,2015-11-15,Good
CUST-03606,54,M,Bavaria,Altentreptow,2021-12-11,Excellent
CUST-03607,69,M,Schleswig-Holstein,Zeulenroda,2015-01-01,Good
CUST-03608,51,F,Saxony,Duderstadt,2016-02-03,Excellent
CUST-03609,20,M,Berlin,Kronach,2019-09-30,Fair
CUST-03610,27,F,Baden-Wuerttemberg,Wolgast,2018-02-20,Good
CUST-03611,71,M,Brandenburg,Aschaffenburg,2023-08-22,Excellent
CUST-03612,56,M,Brandenburg,Deggendorf,2016-08-03,Good
CUST-03613,45,M,Lower Saxony,Rathenow,2022-02-20,Fair
CUST-03614,22,M,Saarland,Riesa,2016-12-16,Excellent
CUST-03615,79,M,Rhineland-Palatinate,Iserlohn,2020-02-08,Fair
CUST-03616,40,F,Schleswig-Holstein,Sömmerda,2015-04-03,Fair
CUST-03617,62,F,Baden-Wuerttemberg,Wolfenbüttel,2023-03-15,Fair
CUST-03618,69,M,Baden-Wuerttemberg,Saarlouis,2019-06-17,Fair
CUST-03619,29,M,North Rhine-Westphalia,Wesel,2020-07-30,Good
CUST-03620,54,F,Hamburg,Kleve,2016-12-17,Poor
CUST-03621,60,M,Baden-Wuerttemberg,Bitterfeld,2023-08-19,Fair
CUST-03622,30,F,Saarland,Pfaffenhofen an der Ilm,2017-04-10,Fair
CUST-03623,47,M,Schleswig-Holstein,Erfurt,2017-02-09,Excellent
CUST-03624,58,F,Bavaria,Büsingen am Hochrhein,2022-04-17,Excellent
CUST-03625,23,F,Saarland,Kusel,2023-11-18,Excellent
CUST-03626,39,M,Brandenburg,Grimma,2019-01-31,Excellent
CUST-03627,39,F,Bremen,Weißwasser,2020-04-19,Good
CUST-03628,21,F,Saxony-Anhalt,Jüterbog,2023-02-22,Good
CUST-03629,20,M,Thuringia,Nördlingen,2023-03-31,Good
CUST-03630,66,F,Saxony,Döbeln,2021-07-04,Good
CUST-03631,44,F,Saxony-Anhalt,Wolgast,2023-08-09,Good
CUST-03632,59,F,Hamburg,Wiedenbrück,2019-01-15,Poor
CUST-03633,65,M,Schleswig-Holstein,Freising,2016-07-17,Good
CUST-03634,61,F,Bremen,Recklinghausen,2020-01-21,Fair
CUST-03635,78,M,North Rhine-Westphalia,Göppingen,2018-11-07,Good
CUST-03636,67,M,Thuringia,Kötzting,2021-01-21,Good
CUST-03637,33,M,Hesse,Herford,2023-11-20,Excellent
CUST-03638,52,F,Baden-Wuerttemberg,Forst,2019-09-13,Fair
CUST-03639,19,M,Lower Saxony,Sondershausen,2021-06-15,Excellent
CUST-03640,64,M,Rhineland-Palatinate,Eisenach,2022-09-02,Fair
CUST-03641,49,F,Saarland,Neuruppin,2016-04-23,Good
CUST-03642,29,F,Mecklenburg-Vorpommern,Coburg,2020-11-12,Fair
CUST-03643,64,F,Rhineland-Palatinate,Günzburg,2021-06-21,Good
CUST-03644,71,F,Lower Saxony,Bautzen,2017-07-13,Good
CUST-03645,68,F,Hesse,Schwäbisch Hall,2022-10-13,Fair
CUST-03646,21,M,Bavaria,Forchheim,2023-11-25,Poor
CUST-03647,22,M,Saarland,Holzminden,2016-08-14,Poor
CUST-03648,85,F,Rhineland-Palatinate,Erding,2023-06-23,Good
CUST-03649,79,M,Lower Saxony,Roding,2017-02-21,Excellent
CUST-03650,61,M,Brandenburg,Hansestadttralsund,2016-05-10,Excellent
CUST-03651,74,M,Baden-Wuerttemberg,Gardelegen,2017-11-04,Good
CUST-03652,23,M,Hamburg,Plauen,2019-01-04,Fair
CUST-03653,58,M,Brandenburg,Rehau,2018-11-06,Good
CUST-03654,45,M,Brandenburg,Karlsruhe,2019-10-22,Good
CUST-03655,35,F,North Rhine-Westphalia,Schmölln,2022-08-13,Good
CUST-03656,29,M,Saarland,Hamburg,2018-08-02,Good
CUST-03657,70,F,Saarland,Siegen,2023-12-12,Good
CUST-03658,42,M,Hamburg,Wittstock,2022-09-21,Good
CUST-03659,63,F,Saarland,Hohenstein-Ernstthal,2015-04-22,Good
CUST-03660,19,F,Baden-Wuerttemberg,Amberg,2020-04-29,Good
CUST-03661,43,M,Baden-Wuerttemberg,Düren,2017-10-02,Fair
CUST-03662,37,M,Bremen,Kötzting,2019-04-05,Fair
CUST-03663,65,M,Saarland,Wolfach,2015-05-21,Good
CUST-03664,85,F,Berlin,Mettmann,2021-11-18,Good
CUST-03665,35,M,Hesse,Aachen,2021-08-27,Fair
CUST-03666,60,M,Bremen,Konstanz,2015-10-11,Good
CUST-03667,77,F,Schleswig-Holstein,Arnstadt,2022-10-26,Good
CUST-03668,81,M,Schleswig-Holstein,Darmstadt,2021-07-26,Excellent
CUST-03669,26,F,Saxony,Aue,2020-01-25,Good
CUST-03670,74,M,North Rhine-Westphalia,Cuxhaven,2018-04-04,Good
CUST-03671,33,F,Lower Saxony,Bischofswerda,2022-09-14,Excellent
CUST-03672,28,M,Berlin,Freital,2020-05-28,Good
CUST-03673,39,M,Mecklenburg-Vorpommern,Rostock,2023-09-13,Fair
CUST-03674,69,M,Mecklenburg-Vorpommern,Sonneberg,2015-06-29,Good
CUST-03675,67,M,Thuringia,Hannoversch Münden,2022-08-29,Good
CUST-03676,31,F,Rhineland-Palatinate,Wanzleben,2023-01-02,Good
CUST-03677,56,M,Lower Saxony,Teterow,2016-11-04,Excellent
CUST-03678,62,M,Bremen,Brilon,2020-07-25,Good
CUST-03679,38,F,Bavaria,Amberg,2022-12-11,Good
CUST-03680,49,F,Lower Saxony,Geithain,2019-09-11,Good
CUST-03681,40,F,Hamburg,Lüneburg,2021-04-01,Fair
CUST-03682,54,M,Baden-Wuerttemberg,Badibling,2015-12-24,Good
CUST-03683,20,F,Saarland,Sonneberg,2019-07-02,Good
CUST-03684,59,M,Hesse,Berlin,2016-05-10,Excellent
CUST-03685,19,M,Saxony,Stendal,2022-06-15,Excellent
CUST-03686,28,F,Schleswig-Holstein,Luckenwalde,2020-05-11,Excellent
CUST-03687,79,M,Hamburg,Olpe,2016-04-19,Good
CUST-03688,57,M,Berlin,Holzminden,2016-08-26,Good
CUST-03689,75,F,Bavaria,Biedenkopf,2019-03-04,Excellent
CUST-03690,40,M,Lower Saxony,Rehau,2020-11-18,Fair
CUST-03691,46,M,Brandenburg,Aue,2016-07-15,Good
CUST-03692,73,M,Saarland,Viechtach,2023-12-26,Excellent
CUST-03693,57,F,Saarland,Jüterbog,2020-05-14,Excellent
CUST-03694,72,M,Mecklenburg-Vorpommern,Olpe,2021-03-15,Good
CUST-03695,71,M,Hesse,Fürstenwalde,2022-06-25,Excellent
CUST-03696,25,M,Baden-Wuerttemberg,Zossen,2020-05-10,Good
CUST-03697,59,M,Saxony,Diepholz,2017-10-08,Good
CUST-03698,57,F,Saxony-Anhalt,Uelzen,2017-07-12,Fair
CUST-03699,46,F,North Rhine-Westphalia,Eisleben,2023-06-09,Good
CUST-03700,69,F,Mecklenburg-Vorpommern,Pößneck,2015-04-24,Excellent
CUST-03701,57,F,Mecklenburg-Vorpommern,Herzberg,2020-01-17,Good
CUST-03702,39,M,Hesse,Kemnath,2020-05-17,Good
CUST-03703,82,F,Saxony,Rostock,2017-09-15,Good
CUST-03704,62,F,Saarland,Malchin,2023-09-02,Excellent
CUST-03705,79,M,Hamburg,Paderborn,2015-09-29,Good
CUST-03706,30,M,North Rhine-Westphalia,Neubrandenburg,2019-02-22,Good
CUST-03707,27,F,Bremen,Kaiserslautern,2022-04-17,Fair
CUST-03708,37,F,Brandenburg,Perleberg,2021-01-01,Good
CUST-03709,83,F,Saarland,Augsburg,2020-09-25,Good
CUST-03710,64,M,Saarland,Güstrow,2018-10-12,Excellent
CUST-03711,46,F,Thuringia,Lüneburg,2020-12-22,Good
CUST-03712,74,M,Schleswig-Holstein,Roding,2022-01-20,Good
CUST-03713,44,F,Brandenburg,Neustadt am Rübenberge,2021-08-31,Good
CUST-03714,79,F,Thuringia,Oranienburg,2017-09-07,Good
CUST-03715,27,F,Brandenburg,Kassel,2017-02-24,Fair
CUST-03716,28,F,Schleswig-Holstein,Soltau,2017-12-16,Good
CUST-03717,77,M,Hesse,Oranienburg,2023-12-30,Fair
CUST-03718,25,F,Berlin,Quedlinburg,2022-09-15,Fair
CUST-03719,66,F,Berlin,Saulgau,2023-12-13,Good
CUST-03720,70,M,Lower Saxony,Gotha,2023-02-15,Fair
CUST-03721,82,F,Rhineland-Palatinate,Angermünde,2017-04-22,Good
CUST-03722,76,F,Saxony,Ebermannstadt,2022-04-06,Fair
CUST-03723,74,F,Rhineland-Palatinate,Altentreptow,2019-05-24,Good
CUST-03724,35,F,Bremen,Oranienburg,2021-01-10,Good
CUST-03725,48,F,Baden-Wuerttemberg,Sulzbach-Rosenberg,2017-10-31,Excellent
CUST-03726,29,F,Mecklenburg-Vorpommern,Neustrelitz,2015-01-14,Excellent
CUST-03727,64,F,Saarland,Nordhausen,2020-02-06,Poor
CUST-03728,80,F,Hamburg,Büsingen am Hochrhein,2017-03-26,Good
CUST-03729,29,F,Saarland,Bad Liebenwerda,2021-09-04,Excellent
CUST-03730,77,F,Mecklenburg-Vorpommern,Duderstadt,2018-07-06,Excellent
CUST-03731,53,M,Lower Saxony,Magdeburg,2019-01-20,Fair
CUST-03732,47,M,North Rhine-Westphalia,Freital,2015-10-15,Good
CUST-03733,85,F,Hesse,Badoberan,2023-10-16,Excellent
CUST-03734,65,F,Berlin,Viersen,2015-06-13,Fair
CUST-03735,83,M,Bavaria,Rothenburg ob der Tauber,2016-04-01,Good
CUST-03736,63,F,Brandenburg,Hansestadttralsund,2019-10-27,Excellent
CUST-03737,82,M,Schleswig-Holstein,Mayen,2021-03-13,Good
CUST-03738,33,M,Hesse,München,2015-04-05,Good
CUST-03739,19,F,Rhineland-Palatinate,Havelberg,2016-12-04,Fair
CUST-03740,68,F,Berlin,Bremervörde,2021-01-27,Good
CUST-03741,70,M,Baden-Wuerttemberg,Bad Kreuznach,2021-05-28,Fair
CUST-03742,35,F,Saarland,Peine,2016-05-25,Excellent
CUST-03743,60,F,Rhineland-Palatinate,Bad Kissingen,2017-09-18,Good
CUST-03744,76,M,Saxony,Schleiz,2017-06-21,Good
CUST-03745,66,M,Rhineland-Palatinate,Amberg,2022-07-12,Good
CUST-03746,76,F,Bremen,Aachen,2017-05-24,Excellent
CUST-03747,26,M,Hamburg,Niesky,2022-12-28,Good
CUST-03748,31,M,Mecklenburg-Vorpommern,Burg,2021-11-24,Fair
CUST-03749,60,M,Schleswig-Holstein,Gardelegen,2017-04-20,Fair
CUST-03750,69,F,Hamburg,Bischofswerda,2023-11-09,Fair
CUST-03751,63,F,Thuringia,Ludwigsburg,2015-03-26,Good
CUST-03752,61,F,Bremen,Grafenau,2021-10-20,Excellent
CUST-03753,29,M,Baden-Wuerttemberg,Magdeburg,2021-09-27,Fair
CUST-03754,56,F,Saxony,Königs Wusterhausen,2023-11-02,Good
CUST-03755,23,M,Thuringia,Lichtenfels,2018-12-17,Good
CUST-03756,24,M,Brandenburg,Borken,2017-08-03,Good
CUST-03757,34,F,Bavaria,Aurich,2022-09-12,Poor
CUST-03758,36,M,Baden-Wuerttemberg,Rastatt,2020-01-27,Fair
CUST-03759,42,M,Mecklenburg-Vorpommern,Rehau,2021-05-30,Good
CUST-03760,28,F,Bavaria,Viechtach,2020-07-03,Good
CUST-03761,37,F,Hamburg,Hersbruck,2016-01-02,Good
CUST-03762,45,F,Rhineland-Palatinate,Dinslaken,2018-01-07,Good
CUST-03763,28,F,Saarland,Roth,2016-10-09,Excellent
CUST-03764,64,M,North Rhine-Westphalia,Rostock,2019-04-12,Good
CUST-03765,51,M,Baden-Wuerttemberg,Bersenbrück,2022-12-06,Poor
CUST-03766,25,M,North Rhine-Westphalia,Rochlitz,2017-10-22,Excellent
CUST-03767,66,F,Bremen,Luckau,2016-09-02,Good
CUST-03768,41,F,Schleswig-Holstein,Eutin,2017-01-31,Excellent
CUST-03769,28,F,Saxony,Goslar,2020-11-02,Excellent
CUST-03770,66,M,North Rhine-Westphalia,Hildesheim,2021-06-03,Fair
CUST-03771,55,M,Brandenburg,Lippstadt,2021-02-22,Good
CUST-03772,19,F,Saxony,Hoyerswerda,2017-08-25,Excellent
CUST-03773,53,M,Baden-Wuerttemberg,Riesa,2015-10-03,Fair
CUST-03774,57,F,Saxony,Stollberg,2020-12-27,Excellent
CUST-03775,68,F,Saxony-Anhalt,Einbeck,2023-02-10,Excellent
CUST-03776,63,M,Rhineland-Palatinate,Geithain,2023-10-29,Excellent
CUST-03777,35,M,Schleswig-Holstein,Viechtach,2020-10-03,Fair
CUST-03778,47,M,Mecklenburg-Vorpommern,Hammelburg,2016-07-06,Excellent
CUST-03779,23,F,Hesse,Paderborn,2016-06-25,Excellent
CUST-03780,65,F,Schleswig-Holstein,Bad Liebenwerda,2020-03-09,Excellent
CUST-03781,41,M,Lower Saxony,Northeim,2023-01-01,Excellent
CUST-03782,26,M,Baden-Wuerttemberg,Melsungen,2019-03-26,Excellent
CUST-03783,65,F,Bremen,Stendal,2020-12-06,Fair
CUST-03784,33,F,Mecklenburg-Vorpommern,Leipziger Land,2020-11-20,Good
CUST-03785,36,F,Mecklenburg-Vorpommern,Wittmund,2023-06-06,Good
CUST-03786,76,F,Saxony,Neustadtner Waldnaab,2020-08-22,Fair
CUST-03787,85,M,North Rhine-Westphalia,Luckenwalde,2017-04-27,Excellent
CUST-03788,25,F,Brandenburg,Paderborn,2016-04-18,Good
CUST-03789,38,F,Mecklenburg-Vorpommern,Illertissen,2019-03-20,Good
CUST-03790,27,M,Thuringia,Altötting,2020-06-18,Excellent
CUST-03791,62,M,Berlin,Main-Höchst,2019-11-19,Fair
CUST-03792,64,M,Bremen,Mühlhausen,2021-08-15,Fair
CUST-03793,63,M,Brandenburg,Kamenz,2019-06-12,Excellent
CUST-03794,71,M,Rhineland-Palatinate,Oschatz,2019-12-04,Good
CUST-03795,63,F,Bremen,Melsungen,2022-12-29,Good
CUST-03796,48,M,Bremen,Vilsbiburg,2016-06-18,Good
CUST-03797,60,M,Rhineland-Palatinate,Bad Langensalza,2016-08-19,Fair
CUST-03798,77,M,Brandenburg,Hohenstein-Ernstthal,2019-03-13,Excellent
CUST-03799,69,F,Mecklenburg-Vorpommern,Nürtingen,2022-04-30,Fair
CUST-03800,67,M,Brandenburg,Wittmund,2018-12-24,Fair
CUST-03801,53,F,North Rhine-Westphalia,Erding,2020-05-17,Excellent
CUST-03802,75,F,Berlin,Forchheim,2018-06-25,Poor
CUST-03803,30,M,Bavaria,Ingolstadt,2016-02-19,Excellent
CUST-03804,64,F,North Rhine-Westphalia,Aachen,2015-04-12,Good
CUST-03805,76,F,Bavaria,Wesel,2020-01-11,Good
CUST-03806,23,F,Saxony-Anhalt,Groß-Gerau,2021-12-21,Good
CUST-03807,28,F,North Rhine-Westphalia,Rothenburg ob der Tauber,2023-12-26,Good
CUST-03808,20,M,Bremen,Hamburg,2023-07-04,Good
CUST-03809,33,M,Baden-Wuerttemberg,Bad Freienwalde,2016-09-20,Poor
CUST-03810,51,F,Thuringia,Wittstock,2022-05-29,Fair
CUST-03811,41,F,Hesse,Hamburg,2016-08-05,Fair
CUST-03812,60,M,Baden-Wuerttemberg,Forst,2021-12-01,Good
CUST-03813,66,F,Rhineland-Palatinate,Meißen,2015-06-21,Excellent
CUST-03814,54,M,Hesse,Coburg,2017-03-07,Good
CUST-03815,23,M,Hamburg,Haldensleben,2023-12-19,Fair
CUST-03816,21,M,Hamburg,Aue,2021-02-18,Good
CUST-03817,58,M,Bavaria,Bad Liebenwerda,2015-09-29,Excellent
CUST-03818,30,M,Schleswig-Holstein,Nauen,2023-02-26,Good
CUST-03819,67,M,Rhineland-Palatinate,Eisenberg,2020-04-02,Poor
CUST-03820,32,M,Saarland,Karlsruhe,2016-04-12,Excellent
CUST-03821,54,F,Thuringia,Schlüchtern,2021-12-01,Fair
CUST-03822,57,F,Saarland,Hersbruck,2017-11-23,Good
CUST-03823,51,F,Thuringia,Saulgau,2020-11-27,Excellent
CUST-03824,58,F,Rhineland-Palatinate,Gelnhausen,2017-07-15,Fair
CUST-03825,54,F,Saarland,Groß-Gerau,2018-01-19,Good
CUST-03826,46,F,Saarland,Peine,2023-02-14,Poor
CUST-03827,77,M,Brandenburg,Aurich,2023-12-28,Fair
CUST-03828,36,M,Hesse,Naila,2021-03-23,Excellent
CUST-03829,35,M,Rhineland-Palatinate,Vohenstrauß,2020-03-16,Poor
CUST-03830,52,M,Saxony-Anhalt,Staßfurt,2019-08-18,Fair
CUST-03831,57,F,Thuringia,Einbeck,2018-05-10,Excellent
CUST-03832,29,M,Saarland,Wolfach,2022-06-08,Excellent
CUST-03833,83,F,North Rhine-Westphalia,Bautzen,2019-11-20,Good
CUST-03834,29,F,Hesse,Kusel,2019-08-24,Good
CUST-03835,61,M,Thuringia,Sangerhausen,2019-02-26,Excellent
CUST-03836,46,M,Saarland,Wertingen,2020-07-07,Poor
CUST-03837,38,F,Berlin,Dachau,2019-07-19,Good
CUST-03838,39,M,Brandenburg,Grafenau,2017-09-23,Good
CUST-03839,18,M,Thuringia,Rehau,2016-10-14,Good
CUST-03840,73,F,Baden-Wuerttemberg,Pasewalk,2016-02-17,Excellent
CUST-03841,22,M,Hesse,Forst,2021-01-22,Good
CUST-03842,58,M,Hesse,Warendorf,2015-07-30,Excellent
CUST-03843,48,M,North Rhine-Westphalia,Potsdam,2016-06-30,Good
CUST-03844,55,F,Saxony-Anhalt,Worbis,2022-06-21,Good
CUST-03845,74,M,Saxony,Diepholz,2018-06-22,Good
CUST-03846,23,M,Baden-Wuerttemberg,Schweinfurt,2015-06-11,Good
CUST-03847,76,M,Saxony,Saarlouis,2019-05-20,Fair
CUST-03848,44,F,Lower Saxony,Rathenow,2017-12-30,Good
CUST-03849,37,M,Brandenburg,Schwandorf,2016-07-21,Excellent
CUST-03850,30,F,Saxony,Querfurt,2022-03-20,Fair
CUST-03851,44,M,Saarland,Gardelegen,2021-10-20,Excellent
CUST-03852,50,F,North Rhine-Westphalia,Ingolstadt,2019-05-31,Fair
CUST-03853,22,M,Saarland,Ludwigsburg,2020-01-28,Good
CUST-03854,74,F,Brandenburg,Hersbruck,2022-04-30,Fair
CUST-03855,35,F,Hamburg,Aurich,2017-08-21,Fair
CUST-03856,78,F,Thuringia,Wertingen,2017-05-12,Excellent
CUST-03857,26,M,Hesse,Lobenstein,2015-05-31,Excellent
CUST-03858,32,M,Hesse,Stollberg,2016-03-17,Poor
CUST-03859,52,M,Hesse,Gera,2023-02-08,Excellent
CUST-03860,73,F,Thuringia,Weißenfels,2021-06-30,Excellent
CUST-03861,74,F,Hamburg,Konstanz,2019-08-06,Excellent
CUST-03862,82,F,Berlin,Ingolstadt,2020-04-22,Fair
CUST-03863,75,F,Saxony,Sulzbach-Rosenberg,2019-05-20,Excellent
CUST-03864,35,M,North Rhine-Westphalia,Höxter,2015-05-09,Fair
CUST-03865,20,F,Mecklenburg-Vorpommern,Cloppenburg,2017-02-03,Fair
CUST-03866,79,F,Mecklenburg-Vorpommern,Grevesmühlen,2023-10-16,Fair
CUST-03867,42,F,Bremen,Aschaffenburg,2016-06-28,Fair
CUST-03868,62,F,Thuringia,Dinslaken,2023-06-06,Good
CUST-03869,49,M,Bavaria,Hohenstein-Ernstthal,2023-10-14,Excellent
CUST-03870,29,F,Hamburg,Vechta,2016-01-17,Good
CUST-03871,49,F,Hesse,Melsungen,2015-06-22,Fair
CUST-03872,59,M,Saarland,Meppen,2018-02-12,Poor
CUST-03873,71,M,Hamburg,Klötze,2015-06-07,Fair
CUST-03874,44,F,Thuringia,Viersen,2023-12-22,Good
CUST-03875,46,F,Bavaria,Erkelenz,2016-03-04,Good
CUST-03876,60,M,Berlin,Hildesheim,2016-08-28,Good
CUST-03877,51,F,Mecklenburg-Vorpommern,Kitzingen,2020-12-05,Poor
CUST-03878,50,M,Hamburg,Gifhorn,2023-08-19,Poor
CUST-03879,51,M,Bremen,Wertingen,2023-01-24,Good
CUST-03880,69,F,Bremen,Wernigerode,2015-07-02,Good
CUST-03881,77,M,Hamburg,Eggenfelden,2021-08-10,Good
CUST-03882,53,M,Saarland,Holzminden,2019-09-06,Poor
CUST-03883,65,M,Thuringia,Merseburg,2021-08-17,Excellent
CUST-03884,67,F,Brandenburg,Malchin,2022-04-24,Fair
CUST-03885,59,M,Schleswig-Holstein,Flöha,2019-06-06,Good
CUST-03886,72,M,North Rhine-Westphalia,Rockenhausen,2017-06-27,Poor
CUST-03887,31,F,Rhineland-Palatinate,Calw,2019-06-15,Excellent
CUST-03888,49,M,Baden-Wuerttemberg,Ludwigsburg,2023-12-31,Fair
CUST-03889,61,F,Bavaria,Kelheim,2020-08-17,Fair
CUST-03890,23,F,North Rhine-Westphalia,Bamberg,2020-07-27,Poor
CUST-03891,24,M,Brandenburg,Grimma,2023-09-29,Excellent
CUST-03892,77,M,Mecklenburg-Vorpommern,Vechta,2021-04-15,Fair
CUST-03893,39,M,Berlin,Neu-Ulm,2015-02-28,Fair
CUST-03894,53,M,Thuringia,Duderstadt,2022-04-03,Excellent
CUST-03895,48,F,Bavaria,Geithain,2016-02-12,Excellent
CUST-03896,56,F,Saxony,Belzig,2022-05-16,Good
CUST-03897,25,F,Hamburg,Augsburg,2016-10-24,Poor
CUST-03898,30,M,Saxony,Senftenberg,2019-01-20,Excellent
CUST-03899,65,F,Brandenburg,Grafenau,2021-01-30,Fair
CUST-03900,72,M,Baden-Wuerttemberg,Bitterfeld,2016-09-29,Fair
CUST-03901,27,M,Rhineland-Palatinate,Gießen,2015-09-28,Fair
CUST-03902,32,F,Saxony,Kemnath,2016-04-09,Fair
CUST-03903,77,F,Lower Saxony,Königs Wusterhausen,2020-08-11,Fair
CUST-03904,85,F,Lower Saxony,Klötze,2020-05-25,Fair
CUST-03905,66,F,Baden-Wuerttemberg,Seelow,2018-12-30,Fair
CUST-03906,53,F,Saxony,Lobenstein,2019-05-08,Fair
CUST-03907,63,F,Bavaria,Neubrandenburg,2021-12-15,Fair
CUST-03908,19,M,Baden-Wuerttemberg,Pritzwalk,2016-10-26,Excellent
CUST-03909,34,M,Berlin,Greifswald,2020-05-14,Poor
CUST-03910,64,F,Bavaria,Kemnath,2018-10-25,Fair
CUST-03911,74,F,Lower Saxony,Wolfratshausen,2020-09-29,Fair
CUST-03912,72,F,Berlin,Gießen,2016-11-17,Excellent
CUST-03913,46,F,Baden-Wuerttemberg,Eilenburg,2023-05-09,Excellent
CUST-03914,71,F,Bremen,Parchim,2019-05-06,Good
CUST-03915,83,F,Berlin,Brandenburg,2015-06-21,Excellent
CUST-03916,29,M,Bavaria,Pritzwalk,2021-05-27,Good
CUST-03917,76,F,Thuringia,Tirschenreuth,2019-08-30,Fair
CUST-03918,65,M,Thuringia,Gräfenhainichen,2020-03-13,Excellent
CUST-03919,41,M,Lower Saxony,Marienberg,2021-08-25,Excellent
CUST-03920,50,F,Thuringia,Amberg,2016-05-05,Good
CUST-03921,69,M,Thuringia,Merseburg,2017-10-04,Good
CUST-03922,84,F,Brandenburg,Erfurt,2015-06-09,Fair
CUST-03923,57,M,Brandenburg,Marienberg,2022-06-16,Poor
CUST-03924,29,M,Schleswig-Holstein,Haldensleben,2019-04-04,Poor
CUST-03925,76,F,Thuringia,Schwabmünchen,2019-08-15,Poor
CUST-03926,55,F,Baden-Wuerttemberg,Darmstadt,2020-08-02,Good
CUST-03927,38,F,Hamburg,Lüneburg,2015-04-04,Excellent
CUST-03928,62,F,Thuringia,Quedlinburg,2017-01-26,Fair
CUST-03929,28,M,Lower Saxony,Leipziger Land,2019-01-24,Excellent
CUST-03930,25,F,Thuringia,Wurzen,2018-07-27,Fair
CUST-03931,74,M,Berlin,Güstrow,2021-07-12,Fair
CUST-03932,27,M,North Rhine-Westphalia,Dresden,2018-02-06,Good
CUST-03933,53,M,Brandenburg,Brand,2021-03-12,Fair
CUST-03934,58,M,Mecklenburg-Vorpommern,Stade,2023-06-09,Poor
CUST-03935,78,F,Hamburg,Lübz,2016-01-16,Fair
CUST-03936,46,F,North Rhine-Westphalia,Diepholz,2016-07-14,Excellent
CUST-03937,24,M,Lower Saxony,Erfurt,2020-05-07,Excellent
CUST-03938,31,F,Mecklenburg-Vorpommern,Sankt Goarshausen,2021-01-28,Excellent
CUST-03939,51,M,Rhineland-Palatinate,Germersheim,2015-12-02,Good
CUST-03940,37,M,Lower Saxony,Miltenberg,2022-01-27,Fair
CUST-03941,58,F,Berlin,Schongau,2023-03-04,Fair
CUST-03942,69,M,Rhineland-Palatinate,Gunzenhausen,2019-07-29,Excellent
CUST-03943,23,F,Berlin,Hammelburg,2020-07-10,Good
CUST-03944,54,M,Hamburg,Eberswalde,2017-05-14,Good
CUST-03945,61,F,Berlin,Perleberg,2020-12-01,Good
CUST-03946,29,M,Mecklenburg-Vorpommern,Tübingen,2021-08-16,Good
CUST-03947,27,F,Schleswig-Holstein,Regen,2017-10-17,Good
CUST-03948,68,M,Hamburg,Neustadtner Waldnaab,2017-11-10,Good
CUST-03949,61,F,Bavaria,Augsburg,2016-04-14,Good
CUST-03950,60,M,Schleswig-Holstein,Kitzingen,2022-10-02,Excellent
CUST-03951,54,M,Lower Saxony,Calw,2022-07-11,Excellent
CUST-03952,54,M,Rhineland-Palatinate,Scheinfeld,2017-10-20,Fair
CUST-03953,69,M,Mecklenburg-Vorpommern,Sulzbach-Rosenberg,2016-06-28,Poor
CUST-03954,58,F,Lower Saxony,Neunburg vorm Wald,2021-06-11,Excellent
CUST-03955,53,M,Lower Saxony,Stendal,2022-10-22,Excellent
CUST-03956,73,M,Thuringia,Starnberg,2017-04-25,Good
CUST-03957,81,M,Lower Saxony,Rastatt,2019-02-19,Good
CUST-03958,41,F,Mecklenburg-Vorpommern,Kusel,2022-05-25,Good
CUST-03959,19,F,Bremen,Lüneburg,2022-06-09,Excellent
CUST-03960,51,M,Berlin,Dinkelsbühl,2019-05-14,Good
CUST-03961,40,M,Saarland,Calw,2020-06-25,Poor
CUST-03962,53,F,North Rhine-Westphalia,Grafenau,2017-10-29,Excellent
CUST-03963,57,F,Saxony,Bogen,2015-09-09,Fair
CUST-03964,29,M,Bremen,Malchin,2020-11-17,Good
CUST-03965,58,F,Lower Saxony,Rockenhausen,2018-03-22,Excellent
CUST-03966,52,F,Saxony,Lüdenscheid,2019-10-12,Fair
CUST-03967,34,F,Baden-Wuerttemberg,Kassel,2021-07-30,Good
CUST-03968,25,F,Rhineland-Palatinate,Mainburg,2020-01-15,Excellent
CUST-03969,43,F,Saarland,Burglengenfeld,2019-05-19,Good
CUST-03970,68,F,Rhineland-Palatinate,Wittstock,2019-11-30,Poor
CUST-03971,48,M,Rhineland-Palatinate,Roth,2022-03-27,Good
CUST-03972,41,M,Hesse,Gerolzhofen,2016-03-25,Good
CUST-03973,37,F,Schleswig-Holstein,Neuruppin,2022-09-26,Excellent
CUST-03974,19,F,Mecklenburg-Vorpommern,Staßfurt,2015-03-25,Excellent
CUST-03975,32,M,Rhineland-Palatinate,Hainichen,2018-03-04,Good
CUST-03976,58,M,Saxony,Dresden,2022-01-14,Good
CUST-03977,53,M,Hesse,Auerbach,2015-03-22,Good
CUST-03978,56,F,Thuringia,Eberswalde,2015-01-06,Good
CUST-03979,75,M,Lower Saxony,Tuttlingen,2023-03-20,Good
CUST-03980,25,F,Schleswig-Holstein,Worbis,2022-10-21,Fair
CUST-03981,61,M,Mecklenburg-Vorpommern,Holzminden,2022-07-06,Fair
CUST-03982,67,F,Lower Saxony,Dachau,2019-04-06,Good
CUST-03983,47,M,Rhineland-Palatinate,Wolfenbüttel,2018-08-23,Excellent
CUST-03984,62,F,Saxony-Anhalt,Wiedenbrück,2020-04-14,Fair
CUST-03985,22,F,Saarland,Dinkelsbühl,2017-07-21,Good
CUST-03986,79,M,Baden-Wuerttemberg,Starnberg,2016-02-27,Good
CUST-03987,41,M,Rhineland-Palatinate,Biedenkopf,2019-08-10,Fair
CUST-03988,30,M,Bremen,Neustrelitz,2019-08-17,Good
CUST-03989,37,M,Lower Saxony,Dinslaken,2022-08-21,Poor
CUST-03990,82,F,Hesse,Mettmann,2017-06-23,Fair
CUST-03991,44,M,Saxony-Anhalt,Bautzen,2016-02-01,Excellent
CUST-03992,50,M,Hamburg,Kamenz,2016-05-07,Poor
CUST-03993,70,F,Berlin,Geldern,2016-01-18,Good
CUST-03994,66,M,Lower Saxony,Rochlitz,2016-01-19,Fair
CUST-03995,25,M,North Rhine-Westphalia,Stendal,2020-05-03,Fair
CUST-03996,47,M,Bavaria,Luckenwalde,2020-06-28,Fair
CUST-03997,82,M,Hamburg,Altentreptow,2018-09-16,Excellent
CUST-03998,77,M,Schleswig-Holstein,Bitterfeld,2015-01-01,Good
CUST-03999,27,F,Saxony-Anhalt,Pinneberg,2023-06-13,Good
CUST-04000,32,M,Bavaria,Dessau,2023-04-15,Excellent
