policy_id,customer_id,policy_type,agent_id,start_date,annual_premium_eur,status,region
POL-000001,CUST-00789,Hausrat,AGT-012,2022-02-13,186.79,Lapsed,Rhineland-Palatinate
POL-000002,CUST-00857,Hausrat,AGT-013,2023-01-03,97.21,Active,Bremen
POL-000003,CUST-00551,Kfz,AGT-003,2024-07-09,586.91,Active,Berlin
POL-000004,CUST-01769,Haftpflicht,AGT-010,2023-09-06,106.78,Active,Saxony
POL-000005,CUST-00144,Haftpflicht,AGT-035,2022-01-16,53.71,Active,Hamburg
POL-000006,CUST-00630,Kfz,AGT-027,2022-11-19,572.37,Active,Rhineland-Palatinate
POL-000007,CUST-02131,Hausrat,AGT-036,2022-12-07,110.57,Lapsed,Thuringia
POL-000008,CUST-02435,Wohngebaeude,AGT-035,2022-11-19,780.14,Active,Berlin
POL-000009,CUST-03428,Lebensversicherung,AGT-029,2024-05-20,678.7,Active,Schleswig-Holstein
POL-000010,CUST-01211,Hausrat,AGT-025,2022-02-11,97.29,Active,Bremen
POL-000011,CUST-02845,Lebensversicherung,AGT-009,2025-04-05,553.76,Lapsed,Rhineland-Palatinate
POL-000012,CUST-00464,Hausrat,AGT-036,2024-12-28,240.42,Active,Hesse
POL-000013,CUST-00950,Kfz,AGT-009,2023-01-04,915.98,Active,North Rhine-Westphalia
POL-000014,CUST-00304,Haftpflicht,AGT-016,2025-05-27,83.49,Active,Baden-Wuerttemberg
POL-000015,CUST-01070,Kfz,AGT-022,2025-01-05,448.21,Active,Saxony
POL-000016,CUST-00841,Kfz,AGT-009,2024-10-01,1242.76,Lapsed,Rhineland-Palatinate
POL-000017,CUST-02560,Hausrat,AGT-029,2022-07-03,158.41,Active,Baden-Wuerttemberg
POL-000018,CUST-02791,Hausrat,AGT-018,2023-10-22,147.57,Cancelled,Thuringia
POL-000019,CUST-03176,Kfz,AGT-002,2022-01-24,1169.05,Lapsed,Bavaria
POL-000020,CUST-03310,Kfz,AGT-038,2022-12-04,1145.44,Active,Berlin
POL-000021,CUST-03664,Haftpflicht,AGT-035,2022-07-21,75.12,Active,North Rhine-Westphalia
POL-000022,CUST-00614,Wohngebaeude,AGT-023,2025-05-23,218.09,Active,Lower Saxony
POL-000023,CUST-03083,Wohngebaeude,AGT-019,2024-10-29,651.92,Active,Baden-Wuerttemberg
POL-000024,CUST-02361,Haftpflicht,AGT-035,2022-10-30,88.03,Active,Saarland
POL-000025,CUST-03377,Haftpflicht,AGT-019,2022-06-06,52.05,Active,North Rhine-Westphalia
POL-000026,CUST-01781,Kfz,AGT-030,2024-08-18,392.4,Active,North Rhine-Westphalia
POL-000027,CUST-01548,Kfz,AGT-023,2023-06-20,1280.08,Active,Baden-Wuerttemberg
POL-000028,CUST-00615,Haftpflicht,AGT-026,2024-11-22,62.01,Active,Lower Saxony
POL-000029,CUST-02096,Kfz,AGT-015,2022-11-02,1187.59,Cancelled,Saxony-Anhalt
POL-000030,CUST-00698,Hausrat,AGT-037,2024-01-20,118.92,Active,North Rhine-Westphalia
POL-000031,CUST-00218,Haftpflicht,AGT-027,2022-03-22,90.0,Active,Hamburg
POL-000032,CUST-02532,Hausrat,AGT-023,2025-06-11,166.07,Lapsed,Bavaria
POL-000033,CUST-00265,Hausrat,AGT-004,2024-12-12,95.11,Active,North Rhine-Westphalia
POL-000034,CUST-02166,Lebensversicherung,AGT-008,2024-03-13,856.19,Lapsed,Bavaria
POL-000035,CUST-02637,Kfz,AGT-012,2023-06-14,1360.26,Active,Saarland
POL-000036,CUST-01549,Haftpflicht,AGT-013,2023-05-25,81.25,Active,Baden-Wuerttemberg
POL-000037,CUST-00269,Haftpflicht,AGT-010,2023-05-12,52.39,Active,Brandenburg
POL-000038,CUST-02743,Hausrat,AGT-020,2024-12-04,168.57,Active,Saxony
POL-000039,CUST-00535,Kfz,AGT-024,2024-05-09,1144.3,Active,Hamburg
POL-000040,CUST-01032,Kfz,AGT-006,2023-09-27,1358.81,Active,North Rhine-Westphalia
POL-000041,CUST-02588,Wohngebaeude,AGT-025,2023-08-21,861.82,Active,Saxony-Anhalt
POL-000042,CUST-03231,Hausrat,AGT-015,2022-03-28,95.45,Active,Saxony-Anhalt
POL-000043,CUST-03929,Kfz,AGT-002,2023-01-18,658.52,Active,Saarland
POL-000044,CUST-03536,Haftpflicht,AGT-019,2024-04-22,103.37,Active,Bavaria
POL-000045,CUST-02278,Hausrat,AGT-033,2022-08-12,129.99,Active,Schleswig-Holstein
POL-000046,CUST-03407,Kfz,AGT-004,2022-10-02,838.97,Active,Thuringia
POL-000047,CUST-01194,Kfz,AGT-016,2022-04-28,1392.78,Active,Berlin
POL-000048,CUST-02156,Kfz,AGT-017,2023-12-29,554.05,Active,Lower Saxony
POL-000049,CUST-03302,Haftpflicht,AGT-007,2023-03-31,104.54,Active,Bremen
POL-000050,CUST-02485,Haftpflicht,AGT-013,2022-09-11,83.55,Active,Baden-Wuerttemberg
POL-000051,CUST-00552,Hausrat,AGT-026,2023-02-10,153.59,Active,Rhineland-Palatinate
POL-000052,CUST-02963,Kfz,AGT-005,2024-04-12,1247.55,Cancelled,Saarland
POL-000053,CUST-00391,Hausrat,AGT-030,2023-11-02,248.37,Cancelled,Hamburg
POL-000054,CUST-00044,Hausrat,AGT-012,2024-12-10,229.45,Active,Bavaria
POL-000055,CUST-01371,Lebensversicherung,AGT-027,2022-03-02,1589.4,Active,Hesse
POL-000056,CUST-01002,Wohngebaeude,AGT-025,2024-12-08,847.03,Active,Saarland
POL-000057,CUST-02442,Kfz,AGT-008,2023-08-04,1214.19,Cancelled,Hamburg
POL-000058,CUST-01605,Wohngebaeude,AGT-024,2025-06-25,676.08,Active,Saxony-Anhalt
POL-000059,CUST-02473,Kfz,AGT-005,2022-04-29,430.06,Lapsed,Brandenburg
POL-000060,CUST-01627,Kfz,AGT-034,2023-08-22,587.14,Active,Bavaria
POL-000061,CUST-03339,Haftpflicht,AGT-011,2024-04-14,55.58,Cancelled,Hesse
POL-000062,CUST-01384,Kfz,AGT-027,2024-07-13,638.77,Active,Schleswig-Holstein
POL-000063,CUST-02196,Lebensversicherung,AGT-027,2023-08-26,586.12,Cancelled,North Rhine-Westphalia
POL-000064,CUST-01383,Wohngebaeude,AGT-016,2022-02-13,744.61,Active,Mecklenburg-Vorpommern
POL-000065,CUST-00394,Haftpflicht,AGT-008,2022-04-05,81.55,Active,Hamburg
POL-000066,CUST-03867,Wohngebaeude,AGT-013,2022-02-06,857.19,Lapsed,North Rhine-Westphalia
POL-000067,CUST-01630,Haftpflicht,AGT-039,2023-02-21,68.91,Active,Bavaria
POL-000068,CUST-03852,Haftpflicht,AGT-014,2024-07-22,45.81,Active,Saxony
POL-000069,CUST-01458,Hausrat,AGT-004,2023-06-05,230.52,Lapsed,Saxony
POL-000070,CUST-03472,Haftpflicht,AGT-032,2022-08-11,78.83,Active,Hesse
POL-000071,CUST-01190,Hausrat,AGT-003,2024-12-10,217.96,Active,Brandenburg
POL-000072,CUST-01833,Wohngebaeude,AGT-013,2022-01-11,755.67,Active,Rhineland-Palatinate
POL-000073,CUST-02166,Haftpflicht,AGT-009,2025-01-31,98.93,Active,Berlin
POL-000074,CUST-00509,Kfz,AGT-004,2024-02-06,995.23,Active,Saxony-Anhalt
POL-000075,CUST-00195,Haftpflicht,AGT-033,2022-02-06,88.45,Active,Baden-Wuerttemberg
POL-000076,CUST-03830,Wohngebaeude,AGT-002,2023-08-09,601.86,Active,Bremen
POL-000077,CUST-01651,Lebensversicherung,AGT-039,2025-04-08,2076.11,Active,Hamburg
POL-000078,CUST-03562,Hausrat,AGT-019,2025-03-18,213.53,Lapsed,Bremen
POL-000079,CUST-02193,Kfz,AGT-024,2024-12-05,660.32,Active,Rhineland-Palatinate
POL-000080,CUST-00088,Kfz,AGT-033,2025-03-03,458.09,Lapsed,Berlin
POL-000081,CUST-03438,Lebensversicherung,AGT-015,2023-01-25,538.38,Active,Hesse
POL-000082,CUST-02294,Hausrat,AGT-004,2024-05-30,136.8,Active,Bavaria
POL-000083,CUST-02623,Lebensversicherung,AGT-008,2024-08-26,641.0,Active,Hamburg
POL-000084,CUST-00713,Lebensversicherung,AGT-014,2022-03-04,1712.26,Active,Rhineland-Palatinate
POL-000085,CUST-02714,Haftpflicht,AGT-039,2023-03-28,66.06,Lapsed,Rhineland-Palatinate
POL-000086,CUST-03675,Wohngebaeude,AGT-036,2024-12-01,296.97,Active,Brandenburg
POL-000087,CUST-03635,Wohngebaeude,AGT-008,2023-12-07,872.01,Cancelled,Hamburg
POL-000088,CUST-03212,Kfz,AGT-010,2025-01-29,1194.81,Active,Saxony-Anhalt
POL-000089,CUST-01090,Haftpflicht,AGT-006,2022-10-28,74.73,Lapsed,Mecklenburg-Vorpommern
POL-000090,CUST-00299,Haftpflicht,AGT-014,2023-12-07,72.55,Active,Saarland
POL-000091,CUST-02809,Wohngebaeude,AGT-010,2022-07-21,670.41,Active,Thuringia
POL-000092,CUST-00787,Haftpflicht,AGT-018,2022-09-04,60.15,Active,Hesse
POL-000093,CUST-01114,Kfz,AGT-003,2023-09-29,1242.25,Lapsed,Saxony
POL-000094,CUST-02735,Haftpflicht,AGT-033,2023-04-04,40.08,Active,Mecklenburg-Vorpommern
POL-000095,CUST-00226,Wohngebaeude,AGT-008,2024-03-08,243.82,Lapsed,Mecklenburg-Vorpommern
POL-000096,CUST-00792,Haftpflicht,AGT-040,2022-06-03,46.5,Active,Bavaria
POL-000097,CUST-00230,Kfz,AGT-040,2022-05-16,743.95,Active,Baden-Wuerttemberg
POL-000098,CUST-03022,Kfz,AGT-021,2025-05-27,426.82,Active,Hamburg
POL-000099,CUST-02386,Hausrat,AGT-029,2024-12-04,97.22,Active,Hesse
POL-000100,CUST-01147,Kfz,AGT-018,2024-01-25,581.54,Active,Saarland
POL-000101,CUST-00665,Haftpflicht,AGT-004,2025-05-11,62.52,Active,Bremen
POL-000102,CUST-01687,Wohngebaeude,AGT-009,2024-04-05,734.08,Active,Saxony-Anhalt
POL-000103,CUST-02016,Kfz,AGT-031,2022-07-08,1133.16,Cancelled,North Rhine-Westphalia
POL-000104,CUST-02465,Lebensversicherung,AGT-005,2025-03-03,1838.42,Active,Schleswig-Holstein
POL-000105,CUST-01077,Kfz,AGT-005,2024-12-09,1058.36,Cancelled,Berlin
POL-000106,CUST-00544,Kfz,AGT-021,2023-04-21,443.65,Active,Saxony
POL-000107,CUST-02232,Kfz,AGT-006,2024-04-01,464.15,Active,Berlin
POL-000108,CUST-00322,Wohngebaeude,AGT-039,2022-12-03,674.62,Active,Mecklenburg-Vorpommern
POL-000109,CUST-02103,Kfz,AGT-021,2024-05-14,599.87,Active,Saarland
POL-000110,CUST-00780,Haftpflicht,AGT-014,2023-12-08,70.08,Active,Brandenburg
POL-000111,CUST-03938,Kfz,AGT-011,2025-04-28,401.64,Lapsed,Thuringia
POL-000112,CUST-00177,Kfz,AGT-007,2024-03-21,658.72,Active,Brandenburg
POL-000113,CUST-02794,Lebensversicherung,AGT-017,2023-04-30,1293.83,Lapsed,Mecklenburg-Vorpommern
POL-000114,CUST-03708,Haftpflicht,AGT-030,2022-08-10,114.21,Active,Saarland
POL-000115,CUST-00308,Hausrat,AGT-001,2022-12-15,233.88,Lapsed,Baden-Wuerttemberg
POL-000116,CUST-00748,Wohngebaeude,AGT-007,2025-04-21,575.37,Active,Schleswig-Holstein
POL-000117,CUST-02237,Haftpflicht,AGT-022,2024-05-09,53.73,Active,Saarland
POL-000118,CUST-03105,Wohngebaeude,AGT-028,2025-05-27,506.55,Lapsed,Rhineland-Palatinate
POL-000119,CUST-00471,Wohngebaeude,AGT-033,2025-01-09,370.12,Active,Thuringia
POL-000120,CUST-03074,Haftpflicht,AGT-029,2023-11-25,58.31,Cancelled,Bavaria
POL-000121,CUST-02608,Haftpflicht,AGT-028,2025-04-20,83.57,Active,Lower Saxony
POL-000122,CUST-03843,Haftpflicht,AGT-032,2022-05-06,72.21,Active,Mecklenburg-Vorpommern
POL-000123,CUST-00064,Haftpflicht,AGT-024,2022-10-28,108.81,Active,Mecklenburg-Vorpommern
POL-000124,CUST-00701,Haftpflicht,AGT-012,2022-06-22,92.71,Active,Saxony-Anhalt
POL-000125,CUST-01612,Kfz,AGT-024,2022-11-23,440.5,Active,Thuringia
POL-000126,CUST-02813,Haftpflicht,AGT-017,2024-07-05,114.96,Active,Hesse
POL-000127,CUST-03839,Hausrat,AGT-012,2024-12-06,183.75,Active,Hesse
POL-000128,CUST-03093,Kfz,AGT-039,2024-03-25,1367.36,Cancelled,Schleswig-Holstein
POL-000129,CUST-01183,Kfz,AGT-035,2025-06-30,989.41,Lapsed,Saxony
POL-000130,CUST-03271,Kfz,AGT-003,2022-03-19,1243.42,Cancelled,Rhineland-Palatinate
POL-000131,CUST-02946,Hausrat,AGT-039,2025-01-15,142.3,Active,Schleswig-Holstein
POL-000132,CUST-01222,Haftpflicht,AGT-039,2023-08-21,91.87,Active,Baden-Wuerttemberg
POL-000133,CUST-02565,Hausrat,AGT-035,2023-08-04,125.89,Active,North Rhine-Westphalia
POL-000134,CUST-03784,Hausrat,AGT-012,2024-06-22,77.42,Active,Mecklenburg-Vorpommern
POL-000135,CUST-03151,Haftpflicht,AGT-012,2024-09-05,55.68,Active,Bremen
POL-000136,CUST-00261,Kfz,AGT-030,2022-06-09,1361.7,Active,Saarland
POL-000137,CUST-02354,Haftpflicht,AGT-028,2022-11-04,108.56,Active,Hesse
POL-000138,CUST-02363,Wohngebaeude,AGT-013,2022-09-23,424.08,Active,North Rhine-Westphalia
POL-000139,CUST-02148,Wohngebaeude,AGT-001,2024-12-25,422.78,Active,Saxony
POL-000140,CUST-02849,Hausrat,AGT-018,2023-05-02,130.05,Lapsed,Saxony-Anhalt
POL-000141,CUST-02538,Hausrat,AGT-022,2024-03-10,132.38,Active,North Rhine-Westphalia
POL-000142,CUST-03686,Kfz,AGT-035,2022-09-13,526.32,Active,Thuringia
POL-000143,CUST-03827,Wohngebaeude,AGT-034,2023-07-04,375.84,Active,Mecklenburg-Vorpommern
POL-000144,CUST-02505,Kfz,AGT-019,2023-12-24,1217.79,Active,Rhineland-Palatinate
POL-000145,CUST-03029,Hausrat,AGT-037,2022-09-30,189.87,Lapsed,Mecklenburg-Vorpommern
POL-000146,CUST-00797,Wohngebaeude,AGT-035,2023-04-01,806.4,Cancelled,Lower Saxony
POL-000147,CUST-02804,Kfz,AGT-021,2022-12-03,623.76,Active,Thuringia
POL-000148,CUST-03871,Hausrat,AGT-022,2024-09-16,93.8,Active,Saxony
POL-000149,CUST-02846,Haftpflicht,AGT-015,2025-04-21,57.73,Active,Saxony-Anhalt
POL-000150,CUST-02911,Kfz,AGT-026,2024-10-30,461.52,Active,Bavaria
POL-000151,CUST-03917,Lebensversicherung,AGT-025,2024-09-29,1441.66,Cancelled,Thuringia
POL-000152,CUST-03167,Kfz,AGT-019,2023-10-19,1143.79,Lapsed,Rhineland-Palatinate
POL-000153,CUST-00492,Kfz,AGT-033,2023-09-20,1009.53,Lapsed,Baden-Wuerttemberg
POL-000154,CUST-02454,Lebensversicherung,AGT-031,2022-08-20,2310.54,Active,Berlin
POL-000155,CUST-01103,Haftpflicht,AGT-003,2023-11-15,86.56,Active,Saxony-Anhalt
POL-000156,CUST-01203,Kfz,AGT-030,2023-09-22,442.62,Active,Thuringia
POL-000157,CUST-01500,Kfz,AGT-040,2023-03-20,1115.38,Lapsed,Hamburg
POL-000158,CUST-03272,Haftpflicht,AGT-028,2024-12-10,47.79,Active,Thuringia
POL-000159,CUST-03468,Kfz,AGT-010,2025-06-25,629.04,Active,Lower Saxony
POL-000160,CUST-01450,Kfz,AGT-012,2022-06-28,386.95,Active,Lower Saxony
POL-000161,CUST-00247,Hausrat,AGT-039,2024-12-08,149.85,Active,Hesse
POL-000162,CUST-00532,Hausrat,AGT-016,2022-01-14,111.62,Lapsed,Saxony-Anhalt
POL-000163,CUST-02284,Haftpflicht,AGT-028,2022-10-08,114.81,Active,Thuringia
POL-000164,CUST-03246,Wohngebaeude,AGT-029,2025-04-10,554.51,Active,Schleswig-Holstein
POL-000165,CUST-02893,Kfz,AGT-022,2022-12-10,495.13,Active,Schleswig-Holstein
POL-000166,CUST-01729,Haftpflicht,AGT-024,2023-11-27,98.63,Lapsed,Thuringia
POL-000167,CUST-02057,Wohngebaeude,AGT-009,2025-06-10,401.62,Active,Lower Saxony
POL-000168,CUST-00105,Lebensversicherung,AGT-009,2024-05-26,2467.85,Cancelled,Bavaria
POL-000169,CUST-01257,Wohngebaeude,AGT-024,2022-03-29,309.16,Active,Rhineland-Palatinate
POL-000170,CUST-03594,Kfz,AGT-008,2023-04-30,487.68,Lapsed,Thuringia
POL-000171,CUST-01969,Kfz,AGT-003,2022-01-12,690.18,Active,Hamburg
POL-000172,CUST-01163,Haftpflicht,AGT-020,2023-01-09,94.56,Active,Mecklenburg-Vorpommern
POL-000173,CUST-02010,Haftpflicht,AGT-010,2025-06-23,119.61,Active,Rhineland-Palatinate
POL-000174,CUST-01199,Haftpflicht,AGT-027,2024-06-22,97.55,Active,Bavaria
POL-000175,CUST-02883,Kfz,AGT-011,2024-11-21,1384.03,Lapsed,Brandenburg
POL-000176,CUST-03299,Kfz,AGT-012,2022-05-23,902.12,Active,Lower Saxony
POL-000177,CUST-00518,Hausrat,AGT-013,2023-01-25,218.9,Active,Bavaria
POL-000178,CUST-03025,Hausrat,AGT-001,2022-07-09,71.21,Lapsed,Rhineland-Palatinate
POL-000179,CUST-02940,Haftpflicht,AGT-036,2024-09-29,52.81,Active,Bavaria
POL-000180,CUST-02893,Haftpflicht,AGT-006,2024-08-23,72.32,Active,Saxony
POL-000181,CUST-01315,Wohngebaeude,AGT-017,2023-12-18,536.06,Active,Saxony-Anhalt
POL-000182,CUST-01553,Haftpflicht,AGT-010,2023-06-29,78.71,Lapsed,North Rhine-Westphalia
POL-000183,CUST-03346,Kfz,AGT-030,2025-06-20,444.75,Active,Rhineland-Palatinate
POL-000184,CUST-03560,Hausrat,AGT-012,2024-03-14,70.09,Active,Lower Saxony
POL-000185,CUST-02816,Hausrat,AGT-014,2022-12-26,72.03,Active,Berlin
POL-000186,CUST-03919,Lebensversicherung,AGT-002,2025-04-08,2426.56,Active,Saxony
POL-000187,CUST-00877,Kfz,AGT-027,2025-03-06,1305.12,Lapsed,Lower Saxony
POL-000188,CUST-02397,Hausrat,AGT-005,2023-11-01,184.88,Active,Rhineland-Palatinate
POL-000189,CUST-00683,Haftpflicht,AGT-021,2022-10-22,58.92,Active,Rhineland-Palatinate
POL-000190,CUST-02278,Wohngebaeude,AGT-020,2025-01-11,342.23,Active,Lower Saxony
POL-000191,CUST-03615,Haftpflicht,AGT-032,2024-08-06,98.97,Active,Mecklenburg-Vorpommern
POL-000192,CUST-01070,Kfz,AGT-017,2022-02-10,949.6,Active,Saarland
POL-000193,CUST-01831,Hausrat,AGT-039,2022-08-27,94.29,Lapsed,Bremen
POL-000194,CUST-00287,Kfz,AGT-011,2025-03-15,533.05,Active,Rhineland-Palatinate
POL-000195,CUST-02159,Hausrat,AGT-032,2025-05-05,149.02,Active,Berlin
POL-000196,CUST-03897,Haftpflicht,AGT-036,2023-11-01,51.06,Cancelled,Rhineland-Palatinate
POL-000197,CUST-03084,Kfz,AGT-007,2022-02-27,1202.94,Active,Saxony-Anhalt
POL-000198,CUST-00710,Haftpflicht,AGT-003,2022-04-22,83.84,Lapsed,Schleswig-Holstein
POL-000199,CUST-03850,Hausrat,AGT-030,2024-09-28,175.25,Active,Bremen
POL-000200,CUST-02958,Kfz,AGT-024,2023-03-08,1077.99,Active,Saxony-Anhalt
POL-000201,CUST-00250,Kfz,AGT-003,2024-12-31,764.06,Active,Schleswig-Holstein
POL-000202,CUST-02644,Lebensversicherung,AGT-006,2023-04-29,2329.6,Lapsed,Thuringia
POL-000203,CUST-03571,Kfz,AGT-011,2022-05-17,714.23,Cancelled,Baden-Wuerttemberg
POL-000204,CUST-00686,Kfz,AGT-038,2022-11-02,1025.06,Active,Bavaria
POL-000205,CUST-02678,Kfz,AGT-033,2023-02-12,851.87,Active,Berlin
POL-000206,CUST-01926,Wohngebaeude,AGT-006,2025-03-26,490.91,Active,Saarland
POL-000207,CUST-00199,Kfz,AGT-010,2022-08-24,502.44,Active,Lower Saxony
POL-000208,CUST-03785,Kfz,AGT-030,2022-08-30,1260.07,Active,Hesse
POL-000209,CUST-02759,Kfz,AGT-006,2025-05-25,1159.95,Active,Mecklenburg-Vorpommern
POL-000210,CUST-00172,Haftpflicht,AGT-008,2022-09-23,113.06,Active,North Rhine-Westphalia
POL-000211,CUST-03791,Haftpflicht,AGT-034,2023-12-04,92.94,Active,Rhineland-Palatinate
POL-000212,CUST-00877,Kfz,AGT-003,2025-06-29,1134.11,Active,Berlin
POL-000213,CUST-00055,Haftpflicht,AGT-012,2023-11-22,56.67,Active,Brandenburg
POL-000214,CUST-03216,Hausrat,AGT-019,2022-08-01,88.43,Active,Baden-Wuerttemberg
POL-000215,CUST-02562,Kfz,AGT-034,2025-02-17,1067.19,Active,Thuringia
POL-000216,CUST-00552,Wohngebaeude,AGT-010,2025-03-26,665.45,Active,Mecklenburg-Vorpommern
POL-000217,CUST-03469,Kfz,AGT-024,2025-04-26,553.34,Cancelled,Saxony-Anhalt
POL-000218,CUST-03015,Hausrat,AGT-001,2022-05-16,213.99,Lapsed,Berlin
POL-000219,CUST-00526,Hausrat,AGT-038,2025-03-11,173.28,Active,Bavaria
POL-000220,CUST-00486,Hausrat,AGT-010,2023-04-14,244.09,Active,Hamburg
POL-000221,CUST-01502,Lebensversicherung,AGT-025,2025-01-30,1018.61,Active,Hesse
POL-000222,CUST-00307,Kfz,AGT-010,2022-02-25,622.33,Active,Saarland
POL-000223,CUST-02516,Lebensversicherung,AGT-011,2024-05-15,570.85,Active,Saarland
POL-000224,CUST-00252,Kfz,AGT-029,2022-12-07,979.02,Active,Baden-Wuerttemberg
POL-000225,CUST-00935,Haftpflicht,AGT-009,2025-04-24,41.79,Active,Brandenburg
POL-000226,CUST-01070,Haftpflicht,AGT-011,2022-08-08,67.39,Lapsed,Bavaria
POL-000227,CUST-00241,Kfz,AGT-008,2023-08-08,384.0,Active,Saxony-Anhalt
POL-000228,CUST-02312,Wohngebaeude,AGT-029,2024-04-10,869.61,Active,Brandenburg
POL-000229,CUST-02774,Hausrat,AGT-023,2024-01-30,144.13,Active,Hamburg
POL-000230,CUST-03448,Wohngebaeude,AGT-007,2023-05-20,375.9,Active,Schleswig-Holstein
POL-000231,CUST-02274,Haftpflicht,AGT-004,2022-01-06,48.84,Active,Lower Saxony
POL-000232,CUST-03018,Kfz,AGT-027,2022-02-24,1196.4,Active,Lower Saxony
POL-000233,CUST-00369,Haftpflicht,AGT-032,2023-07-20,101.08,Active,North Rhine-Westphalia
POL-000234,CUST-02977,Haftpflicht,AGT-024,2024-11-24,47.79,Active,Hesse
POL-000235,CUST-02885,Haftpflicht,AGT-004,2022-08-10,117.94,Active,Berlin
POL-000236,CUST-01010,Haftpflicht,AGT-004,2024-04-16,76.24,Active,Rhineland-Palatinate
POL-000237,CUST-01179,Kfz,AGT-024,2022-04-08,1203.65,Cancelled,Schleswig-Holstein
POL-000238,CUST-00717,Haftpflicht,AGT-008,2023-02-13,104.08,Active,Bavaria
POL-000239,CUST-02178,Kfz,AGT-034,2024-06-10,540.81,Active,Bremen
POL-000240,CUST-02033,Haftpflicht,AGT-002,2024-05-29,87.69,Active,Bavaria
POL-000241,CUST-00642,Kfz,AGT-029,2023-02-15,987.31,Cancelled,Hamburg
POL-000242,CUST-00324,Wohngebaeude,AGT-023,2024-06-13,776.24,Active,Rhineland-Palatinate
POL-000243,CUST-00236,Wohngebaeude,AGT-018,2024-08-30,213.29,Active,Hamburg
POL-000244,CUST-00103,Kfz,AGT-005,2023-11-08,1008.18,Lapsed,North Rhine-Westphalia
POL-000245,CUST-00510,Haftpflicht,AGT-017,2024-09-21,93.32,Active,Schleswig-Holstein
POL-000246,CUST-02262,Haftpflicht,AGT-005,2025-01-18,101.46,Lapsed,Schleswig-Holstein
POL-000247,CUST-02899,Haftpflicht,AGT-005,2023-10-08,59.94,Active,Saxony
POL-000248,CUST-00156,Kfz,AGT-038,2025-06-04,989.29,Active,Saarland
POL-000249,CUST-02168,Lebensversicherung,AGT-032,2024-03-19,2023.32,Active,Baden-Wuerttemberg
POL-000250,CUST-00493,Kfz,AGT-027,2025-04-23,810.97,Active,Brandenburg
POL-000251,CUST-00609,Kfz,AGT-014,2024-02-22,1353.22,Active,North Rhine-Westphalia
POL-000252,CUST-00956,Haftpflicht,AGT-012,2025-03-15,61.29,Active,Hamburg
POL-000253,CUST-02438,Kfz,AGT-019,2024-11-21,1053.22,Active,Lower Saxony
POL-000254,CUST-00275,Lebensversicherung,AGT-017,2024-07-02,2075.43,Active,Hamburg
POL-000255,CUST-01914,Wohngebaeude,AGT-004,2022-10-13,218.41,Active,Saxony
POL-000256,CUST-00649,Kfz,AGT-002,2024-04-21,407.67,Active,Schleswig-Holstein
POL-000257,CUST-03274,Kfz,AGT-006,2025-01-22,1340.9,Active,Bremen
POL-000258,CUST-01821,Wohngebaeude,AGT-002,2022-08-18,258.45,Active,Brandenburg
POL-000259,CUST-03361,Lebensversicherung,AGT-005,2024-11-06,367.18,Cancelled,Mecklenburg-Vorpommern
POL-000260,CUST-00659,Wohngebaeude,AGT-008,2023-09-15,574.57,Active,Saxony-Anhalt
POL-000261,CUST-01804,Haftpflicht,AGT-033,2023-04-23,85.69,Active,Bavaria
POL-000262,CUST-01063,Haftpflicht,AGT-035,2022-05-07,104.95,Active,Saarland
POL-000263,CUST-00737,Kfz,AGT-013,2022-07-11,1220.25,Active,Baden-Wuerttemberg
POL-000264,CUST-02655,Kfz,AGT-006,2024-04-05,446.08,Cancelled,Saarland
POL-000265,CUST-00678,Hausrat,AGT-039,2025-04-24,111.38,Active,Hesse
POL-000266,CUST-02746,Haftpflicht,AGT-031,2024-03-14,86.29,Active,North Rhine-Westphalia
POL-000267,CUST-02923,Kfz,AGT-008,2025-04-20,722.37,Active,Baden-Wuerttemberg
POL-000268,CUST-01750,Wohngebaeude,AGT-003,2024-05-17,278.75,Active,Rhineland-Palatinate
POL-000269,CUST-03312,Kfz,AGT-036,2023-08-05,1057.9,Active,Thuringia
POL-000270,CUST-03814,Hausrat,AGT-030,2023-12-27,80.33,Active,Mecklenburg-Vorpommern
POL-000271,CUST-03794,Kfz,AGT-027,2022-04-03,1279.01,Active,Brandenburg
POL-000272,CUST-01019,Wohngebaeude,AGT-017,2024-02-10,468.61,Cancelled,Hamburg
POL-000273,CUST-00622,Kfz,AGT-005,2024-07-16,887.29,Active,Hesse
POL-000274,CUST-00655,Haftpflicht,AGT-023,2022-07-29,70.87,Active,Rhineland-Palatinate
POL-000275,CUST-02240,Wohngebaeude,AGT-009,2024-04-12,392.65,Active,Rhineland-Palatinate
POL-000276,CUST-02056,Kfz,AGT-015,2024-03-30,909.34,Active,Hamburg
POL-000277,CUST-00620,Kfz,AGT-034,2023-06-14,764.95,Active,Baden-Wuerttemberg
POL-000278,CUST-00366,Haftpflicht,AGT-020,2025-06-30,106.64,Active,Lower Saxony
POL-000279,CUST-03095,Haftpflicht,AGT-039,2023-05-24,68.62,Active,Saxony
POL-000280,CUST-00443,Lebensversicherung,AGT-015,2023-02-23,1872.42,Active,Hamburg
POL-000281,CUST-01019,Wohngebaeude,AGT-003,2023-12-01,330.61,Lapsed,Thuringia
POL-000282,CUST-03194,Haftpflicht,AGT-002,2022-07-13,72.05,Lapsed,Saxony-Anhalt
POL-000283,CUST-02030,Wohngebaeude,AGT-010,2023-07-25,725.33,Active,Lower Saxony
POL-000284,CUST-02855,Haftpflicht,AGT-019,2022-03-06,109.84,Active,Hamburg
POL-000285,CUST-03033,Haftpflicht,AGT-031,2022-05-10,77.6,Lapsed,Baden-Wuerttemberg
POL-000286,CUST-02436,Hausrat,AGT-035,2022-09-17,193.04,Active,North Rhine-Westphalia
POL-000287,CUST-01892,Haftpflicht,AGT-036,2022-01-06,109.3,Active,Schleswig-Holstein
POL-000288,CUST-03473,Kfz,AGT-007,2023-07-09,784.38,Lapsed,Thuringia
POL-000289,CUST-03880,Hausrat,AGT-017,2024-03-18,179.05,Active,Rhineland-Palatinate
POL-000290,CUST-02534,Hausrat,AGT-036,2025-04-06,135.21,Active,Mecklenburg-Vorpommern
POL-000291,CUST-02410,Haftpflicht,AGT-017,2022-07-04,66.19,Cancelled,North Rhine-Westphalia
POL-000292,CUST-02454,Kfz,AGT-012,2025-06-10,491.51,Active,Saarland
POL-000293,CUST-01563,Lebensversicherung,AGT-003,2023-05-20,1833.38,Active,Baden-Wuerttemberg
POL-000294,CUST-00254,Haftpflicht,AGT-015,2024-05-15,94.62,Lapsed,Mecklenburg-Vorpommern
POL-000295,CUST-03998,Kfz,AGT-009,2023-10-06,610.98,Active,Schleswig-Holstein
POL-000296,CUST-01989,Kfz,AGT-001,2025-05-12,408.6,Active,Brandenburg
POL-000297,CUST-02378,Wohngebaeude,AGT-017,2023-09-04,571.25,Active,Brandenburg
POL-000298,CUST-01123,Lebensversicherung,AGT-036,2024-02-08,1801.3,Active,Hamburg
POL-000299,CUST-01786,Haftpflicht,AGT-017,2022-04-13,66.15,Active,Brandenburg
POL-000300,CUST-01815,Kfz,AGT-022,2024-01-16,864.53,Active,Bavaria
POL-000301,CUST-03952,Haftpflicht,AGT-015,2023-09-24,101.44,Active,Bavaria
POL-000302,CUST-01514,Haftpflicht,AGT-017,2023-05-12,108.56,Lapsed,Mecklenburg-Vorpommern
POL-000303,CUST-01379,Wohngebaeude,AGT-019,2023-01-13,739.3,Active,Mecklenburg-Vorpommern
POL-000304,CUST-00938,Hausrat,AGT-004,2025-05-21,175.57,Active,Hamburg
POL-000305,CUST-00624,Kfz,AGT-019,2023-01-18,474.33,Active,Bremen
POL-000306,CUST-01942,Haftpflicht,AGT-020,2024-09-06,95.52,Active,Thuringia
POL-000307,CUST-00324,Hausrat,AGT-012,2024-03-10,65.27,Active,Lower Saxony
POL-000308,CUST-01029,Kfz,AGT-035,2024-10-27,1206.05,Lapsed,Mecklenburg-Vorpommern
POL-000309,CUST-02199,Lebensversicherung,AGT-001,2022-01-13,1973.08,Active,Mecklenburg-Vorpommern
POL-000310,CUST-00524,Haftpflicht,AGT-013,2024-10-09,119.33,Lapsed,Saxony
POL-000311,CUST-03218,Haftpflicht,AGT-001,2024-01-04,75.53,Cancelled,Schleswig-Holstein
POL-000312,CUST-03493,Haftpflicht,AGT-011,2024-04-16,103.4,Active,Hamburg
POL-000313,CUST-00220,Kfz,AGT-014,2022-08-16,1315.5,Active,Rhineland-Palatinate
POL-000314,CUST-01762,Hausrat,AGT-023,2024-09-07,125.01,Active,Mecklenburg-Vorpommern
POL-000315,CUST-02270,Wohngebaeude,AGT-023,2024-12-26,233.67,Cancelled,Saxony
POL-000316,CUST-00717,Haftpflicht,AGT-020,2023-06-27,115.84,Active,Rhineland-Palatinate
POL-000317,CUST-03082,Haftpflicht,AGT-018,2023-06-03,68.96,Active,Hamburg
POL-000318,CUST-01914,Kfz,AGT-022,2024-01-23,649.47,Active,Berlin
POL-000319,CUST-03869,Wohngebaeude,AGT-013,2022-06-07,277.98,Active,Bremen
POL-000320,CUST-03017,Kfz,AGT-032,2025-01-05,995.52,Active,Baden-Wuerttemberg
POL-000321,CUST-00995,Haftpflicht,AGT-019,2024-03-26,101.13,Active,Saxony
POL-000322,CUST-03411,Haftpflicht,AGT-036,2022-03-04,55.33,Active,Saxony
POL-000323,CUST-00052,Wohngebaeude,AGT-035,2024-08-30,447.54,Active,Baden-Wuerttemberg
POL-000324,CUST-03387,Hausrat,AGT-003,2024-03-03,242.84,Active,Berlin
POL-000325,CUST-00941,Kfz,AGT-021,2025-05-31,1394.05,Active,Hesse
POL-000326,CUST-00941,Kfz,AGT-020,2023-04-15,697.58,Active,Lower Saxony
POL-000327,CUST-02070,Haftpflicht,AGT-019,2024-03-22,75.24,Active,Baden-Wuerttemberg
POL-000328,CUST-01143,Wohngebaeude,AGT-017,2023-12-09,892.23,Active,Saxony-Anhalt
POL-000329,CUST-02178,Kfz,AGT-014,2024-05-25,406.16,Lapsed,Saxony-Anhalt
POL-000330,CUST-00891,Hausrat,AGT-029,2024-08-31,174.53,Active,Lower Saxony
POL-000331,CUST-02441,Kfz,AGT-008,2023-10-19,602.97,Active,Bremen
POL-000332,CUST-03581,Lebensversicherung,AGT-035,2024-11-15,1754.36,Active,Hamburg
POL-000333,CUST-00635,Lebensversicherung,AGT-039,2024-12-16,1431.88,Active,Thuringia
POL-000334,CUST-00429,Haftpflicht,AGT-018,2022-09-30,107.0,Lapsed,Hesse
POL-000335,CUST-00367,Kfz,AGT-039,2023-04-22,388.25,Active,Mecklenburg-Vorpommern
POL-000336,CUST-03706,Hausrat,AGT-014,2022-12-25,110.88,Lapsed,Rhineland-Palatinate
POL-000337,CUST-00976,Haftpflicht,AGT-037,2022-11-30,81.72,Lapsed,Hesse
POL-000338,CUST-01606,Lebensversicherung,AGT-011,2025-01-30,1399.93,Cancelled,Berlin
POL-000339,CUST-03786,Lebensversicherung,AGT-004,2024-11-24,2207.25,Active,Berlin
POL-000340,CUST-00480,Kfz,AGT-001,2022-09-06,397.02,Active,Saxony
POL-000341,CUST-02139,Wohngebaeude,AGT-025,2022-02-03,244.12,Active,Mecklenburg-Vorpommern
POL-000342,CUST-02587,Kfz,AGT-039,2022-03-03,883.32,Active,Saarland
POL-000343,CUST-00343,Hausrat,AGT-019,2022-09-07,62.13,Active,Mecklenburg-Vorpommern
POL-000344,CUST-02968,Wohngebaeude,AGT-016,2023-08-15,243.2,Lapsed,Brandenburg
POL-000345,CUST-00349,Lebensversicherung,AGT-038,2023-05-15,1710.54,Active,North Rhine-Westphalia
POL-000346,CUST-03077,Wohngebaeude,AGT-036,2023-07-20,494.8,Active,Berlin
POL-000347,CUST-02412,Kfz,AGT-021,2024-04-16,1259.67,Lapsed,Lower Saxony
POL-000348,CUST-00070,Kfz,AGT-030,2023-02-11,1120.0,Lapsed,Mecklenburg-Vorpommern
POL-000349,CUST-03341,Wohngebaeude,AGT-018,2022-01-08,459.04,Cancelled,Mecklenburg-Vorpommern
POL-000350,CUST-03699,Haftpflicht,AGT-003,2022-06-02,66.51,Active,Mecklenburg-Vorpommern
POL-000351,CUST-03707,Haftpflicht,AGT-026,2022-07-08,45.91,Lapsed,Brandenburg
POL-000352,CUST-03653,Wohngebaeude,AGT-015,2022-07-04,692.86,Cancelled,Bavaria
POL-000353,CUST-01634,Wohngebaeude,AGT-040,2025-01-14,426.75,Lapsed,Schleswig-Holstein
POL-000354,CUST-02520,Hausrat,AGT-001,2024-08-19,67.97,Active,Berlin
POL-000355,CUST-02270,Haftpflicht,AGT-010,2025-01-27,56.18,Active,Mecklenburg-Vorpommern
POL-000356,CUST-00064,Kfz,AGT-034,2025-05-27,832.07,Active,Hamburg
POL-000357,CUST-02318,Haftpflicht,AGT-008,2024-12-01,111.82,Active,Saarland
POL-000358,CUST-01520,Wohngebaeude,AGT-038,2022-05-29,454.86,Active,Saxony-Anhalt
POL-000359,CUST-03674,Haftpflicht,AGT-025,2022-06-08,85.55,Active,Rhineland-Palatinate
POL-000360,CUST-03610,Kfz,AGT-023,2022-06-28,489.34,Active,Saxony
POL-000361,CUST-02267,Haftpflicht,AGT-001,2023-09-12,118.22,Active,Saxony-Anhalt
POL-000362,CUST-01480,Lebensversicherung,AGT-022,2022-05-30,2024.72,Active,Lower Saxony
POL-000363,CUST-00370,Haftpflicht,AGT-009,2024-07-24,63.26,Active,Mecklenburg-Vorpommern
POL-000364,CUST-02757,Hausrat,AGT-036,2022-06-02,78.35,Active,Baden-Wuerttemberg
POL-000365,CUST-00565,Hausrat,AGT-028,2025-04-27,136.53,Active,Saxony
POL-000366,CUST-02407,Kfz,AGT-005,2024-09-04,700.98,Active,Schleswig-Holstein
POL-000367,CUST-00541,Hausrat,AGT-007,2024-01-21,110.62,Lapsed,Saxony-Anhalt
POL-000368,CUST-03421,Hausrat,AGT-003,2024-02-03,152.36,Active,Hesse
POL-000369,CUST-03460,Kfz,AGT-024,2025-03-29,498.61,Active,Bavaria
POL-000370,CUST-00204,Hausrat,AGT-005,2022-02-06,238.24,Active,Rhineland-Palatinate
POL-000371,CUST-03894,Lebensversicherung,AGT-004,2023-12-02,1202.02,Active,Berlin
POL-000372,CUST-01926,Wohngebaeude,AGT-012,2023-07-25,793.33,Active,Thuringia
POL-000373,CUST-00365,Wohngebaeude,AGT-032,2023-07-28,203.54,Active,Saxony
POL-000374,CUST-00985,Kfz,AGT-006,2023-06-21,1102.93,Active,Hamburg
POL-000375,CUST-03256,Kfz,AGT-024,2025-01-15,1320.41,Active,Baden-Wuerttemberg
POL-000376,CUST-02628,Kfz,AGT-004,2023-12-21,1340.12,Active,Saxony-Anhalt
POL-000377,CUST-01900,Lebensversicherung,AGT-007,2025-06-04,691.6,Cancelled,Baden-Wuerttemberg
POL-000378,CUST-03605,Kfz,AGT-003,2024-05-25,434.91,Active,Rhineland-Palatinate
POL-000379,CUST-02333,Lebensversicherung,AGT-009,2024-06-21,417.13,Active,North Rhine-Westphalia
POL-000380,CUST-02788,Haftpflicht,AGT-001,2024-05-31,87.49,Active,Saarland
POL-000381,CUST-02352,Kfz,AGT-020,2022-06-27,1271.12,Active,Thuringia
POL-000382,CUST-00577,Hausrat,AGT-037,2023-04-10,214.04,Active,Hamburg
POL-000383,CUST-03513,Haftpflicht,AGT-027,2025-03-19,57.07,Active,Schleswig-Holstein
POL-000384,CUST-01694,Kfz,AGT-006,2024-08-25,1154.29,Cancelled,Hesse
POL-000385,CUST-03322,Lebensversicherung,AGT-035,2023-02-19,2070.5,Active,Baden-Wuerttemberg
POL-000386,CUST-01441,Kfz,AGT-036,2023-11-12,397.67,Active,Mecklenburg-Vorpommern
POL-000387,CUST-03656,Kfz,AGT-019,2023-01-11,422.16,Active,Saxony-Anhalt
POL-000388,CUST-03375,Haftpflicht,AGT-016,2024-12-09,101.12,Active,Hesse
POL-000389,CUST-01119,Haftpflicht,AGT-035,2022-05-04,72.45,Active,Hamburg
POL-000390,CUST-02940,Haftpflicht,AGT-017,2025-04-19,83.84,Lapsed,Berlin
POL-000391,CUST-00934,Haftpflicht,AGT-025,2022-12-29,65.43,Cancelled,Brandenburg
POL-000392,CUST-01356,Haftpflicht,AGT-022,2022-10-10,83.22,Active,Bremen
POL-000393,CUST-01840,Lebensversicherung,AGT-040,2022-04-13,1165.64,Active,Baden-Wuerttemberg
POL-000394,CUST-02313,Haftpflicht,AGT-012,2024-03-24,52.76,Active,Bavaria
POL-000395,CUST-03696,Haftpflicht,AGT-021,2025-01-12,114.95,Active,Saarland
POL-000396,CUST-02729,Hausrat,AGT-039,2023-09-26,198.82,Active,Rhineland-Palatinate
POL-000397,CUST-01896,Kfz,AGT-033,2022-06-20,1396.62,Cancelled,Lower Saxony
POL-000398,CUST-03300,Hausrat,AGT-019,2022-02-09,87.04,Active,Bremen
POL-000399,CUST-00726,Hausrat,AGT-011,2022-04-21,190.48,Active,Mecklenburg-Vorpommern
POL-000400,CUST-01291,Hausrat,AGT-018,2024-01-30,234.68,Active,Baden-Wuerttemberg
POL-000401,CUST-02732,Hausrat,AGT-009,2022-01-02,229.66,Active,Thuringia
POL-000402,CUST-03941,Wohngebaeude,AGT-004,2025-03-04,450.14,Active,Hamburg
POL-000403,CUST-00455,Hausrat,AGT-022,2022-04-14,75.0,Active,Saxony
POL-000404,CUST-02682,Wohngebaeude,AGT-038,2023-12-12,876.63,Active,Thuringia
POL-000405,CUST-03420,Kfz,AGT-032,2023-08-02,396.02,Active,Bremen
POL-000406,CUST-02256,Hausrat,AGT-004,2022-09-22,148.1,Cancelled,Saxony-Anhalt
POL-000407,CUST-03397,Hausrat,AGT-005,2023-04-18,186.62,Active,Mecklenburg-Vorpommern
POL-000408,CUST-01246,Kfz,AGT-001,2025-06-27,577.04,Active,Lower Saxony
POL-000409,CUST-00129,Kfz,AGT-014,2023-12-15,482.36,Active,Brandenburg
POL-000410,CUST-02513,Kfz,AGT-007,2025-01-16,664.89,Cancelled,Thuringia
POL-000411,CUST-03932,Wohngebaeude,AGT-035,2025-06-16,824.33,Active,Rhineland-Palatinate
POL-000412,CUST-00188,Wohngebaeude,AGT-024,2025-03-07,438.33,Active,North Rhine-Westphalia
POL-000413,CUST-02366,Kfz,AGT-001,2024-09-24,947.86,Active,Mecklenburg-Vorpommern
POL-000414,CUST-02240,Haftpflicht,AGT-025,2025-01-26,44.7,Active,Saarland
POL-000415,CUST-02052,Kfz,AGT-018,2023-05-10,1395.92,Active,Hesse
POL-000416,CUST-02336,Hausrat,AGT-019,2023-03-23,185.82,Active,Saxony-Anhalt
POL-000417,CUST-02011,Wohngebaeude,AGT-030,2022-02-12,201.95,Active,Saxony
POL-000418,CUST-02593,Kfz,AGT-023,2022-01-17,578.86,Lapsed,Baden-Wuerttemberg
POL-000419,CUST-00533,Haftpflicht,AGT-026,2024-02-17,65.05,Active,Lower Saxony
POL-000420,CUST-00251,Haftpflicht,AGT-012,2023-06-06,54.7,Active,Hesse
POL-000421,CUST-03507,Kfz,AGT-007,2023-03-30,673.1,Active,North Rhine-Westphalia
POL-000422,CUST-00191,Haftpflicht,AGT-023,2024-05-13,107.11,Active,Hamburg
POL-000423,CUST-03631,Haftpflicht,AGT-008,2023-05-13,41.12,Active,Mecklenburg-Vorpommern
POL-000424,CUST-00027,Haftpflicht,AGT-019,2022-10-06,89.3,Lapsed,Thuringia
POL-000425,CUST-03590,Lebensversicherung,AGT-037,2024-07-23,1034.98,Active,Bremen
POL-000426,CUST-00360,Kfz,AGT-011,2025-03-04,1253.74,Active,Hamburg
POL-000427,CUST-03905,Kfz,AGT-016,2024-03-20,398.75,Active,Saxony
POL-000428,CUST-01449,Wohngebaeude,AGT-034,2022-10-17,520.3,Active,Schleswig-Holstein
POL-000429,CUST-02847,Haftpflicht,AGT-039,2024-08-06,111.19,Active,Bremen
POL-000430,CUST-00925,Kfz,AGT-036,2023-12-07,1233.95,Active,Berlin
POL-000431,CUST-03258,Haftpflicht,AGT-039,2022-12-11,47.92,Active,Saxony
POL-000432,CUST-02140,Kfz,AGT-037,2024-12-10,1174.96,Lapsed,Bavaria
POL-000433,CUST-00436,Hausrat,AGT-008,2025-03-04,77.95,Active,Berlin
POL-000434,CUST-00335,Haftpflicht,AGT-038,2023-11-12,84.02,Lapsed,Bremen
POL-000435,CUST-02830,Hausrat,AGT-007,2024-08-21,91.82,Active,North Rhine-Westphalia
POL-000436,CUST-01961,Hausrat,AGT-035,2023-11-27,234.26,Active,Berlin
POL-000437,CUST-00634,Kfz,AGT-033,2024-02-08,989.09,Lapsed,Saarland
POL-000438,CUST-03939,Wohngebaeude,AGT-020,2024-11-08,393.28,Lapsed,Lower Saxony
POL-000439,CUST-03089,Lebensversicherung,AGT-031,2022-10-10,669.87,Active,North Rhine-Westphalia
POL-000440,CUST-02199,Kfz,AGT-009,2023-03-14,995.79,Active,Rhineland-Palatinate
POL-000441,CUST-00364,Kfz,AGT-018,2022-11-15,412.12,Active,Schleswig-Holstein
POL-000442,CUST-03524,Hausrat,AGT-034,2022-09-27,235.67,Active,Baden-Wuerttemberg
POL-000443,CUST-02911,Haftpflicht,AGT-013,2024-01-08,86.18,Active,Hesse
POL-000444,CUST-02598,Hausrat,AGT-014,2022-01-27,84.24,Cancelled,Schleswig-Holstein
POL-000445,CUST-00538,Lebensversicherung,AGT-009,2022-11-02,781.84,Active,Saarland
POL-000446,CUST-00423,Haftpflicht,AGT-016,2022-09-18,95.64,Active,Berlin
POL-000447,CUST-01712,Kfz,AGT-022,2022-09-25,878.51,Lapsed,Hamburg
POL-000448,CUST-03379,Kfz,AGT-004,2023-02-08,353.03,Active,Rhineland-Palatinate
POL-000449,CUST-01458,Lebensversicherung,AGT-026,2024-06-20,1305.22,Lapsed,Lower Saxony
POL-000450,CUST-00291,Hausrat,AGT-002,2023-04-05,85.08,Active,Baden-Wuerttemberg
POL-000451,CUST-01549,Haftpflicht,AGT-039,2022-06-01,77.57,Active,Saxony
POL-000452,CUST-03868,Haftpflicht,AGT-002,2024-12-23,57.45,Active,Schleswig-Holstein
POL-000453,CUST-00618,Kfz,AGT-037,2024-03-03,761.48,Active,Berlin
POL-000454,CUST-02053,Lebensversicherung,AGT-004,2024-05-09,1371.07,Active,Saxony-Anhalt
POL-000455,CUST-03717,Lebensversicherung,AGT-026,2024-05-05,2151.16,Active,North Rhine-Westphalia
POL-000456,CUST-00345,Haftpflicht,AGT-037,2024-03-17,114.39,Active,Mecklenburg-Vorpommern
POL-000457,CUST-01176,Haftpflicht,AGT-017,2022-05-04,64.26,Active,North Rhine-Westphalia
POL-000458,CUST-00805,Haftpflicht,AGT-020,2024-06-02,71.32,Active,Berlin
POL-000459,CUST-00035,Hausrat,AGT-020,2025-03-08,139.2,Active,Mecklenburg-Vorpommern
POL-000460,CUST-00692,Kfz,AGT-025,2023-01-24,485.95,Active,Lower Saxony
POL-000461,CUST-03219,Kfz,AGT-027,2022-10-28,618.51,Active,Thuringia
POL-000462,CUST-01092,Lebensversicherung,AGT-010,2025-02-10,1829.94,Active,North Rhine-Westphalia
POL-000463,CUST-02434,Haftpflicht,AGT-040,2024-10-06,115.93,Active,Hamburg
POL-000464,CUST-03717,Kfz,AGT-006,2023-05-07,1110.57,Active,Mecklenburg-Vorpommern
POL-000465,CUST-03298,Kfz,AGT-016,2023-02-16,937.69,Lapsed,Brandenburg
POL-000466,CUST-02731,Lebensversicherung,AGT-004,2023-01-18,2255.72,Active,Rhineland-Palatinate
POL-000467,CUST-03889,Kfz,AGT-003,2023-06-18,1346.7,Lapsed,Rhineland-Palatinate
POL-000468,CUST-02167,Kfz,AGT-032,2024-01-20,1240.76,Active,Saxony-Anhalt
POL-000469,CUST-01913,Lebensversicherung,AGT-025,2023-07-01,1113.55,Lapsed,Schleswig-Holstein
POL-000470,CUST-02917,Haftpflicht,AGT-018,2024-07-17,72.11,Active,Thuringia
POL-000471,CUST-01789,Lebensversicherung,AGT-024,2024-01-09,2427.52,Active,Schleswig-Holstein
POL-000472,CUST-01566,Haftpflicht,AGT-005,2025-05-02,102.15,Active,Schleswig-Holstein
POL-000473,CUST-01516,Kfz,AGT-002,2022-12-29,710.42,Active,Bavaria
POL-000474,CUST-01255,Haftpflicht,AGT-033,2025-06-20,113.37,Active,Thuringia
POL-000475,CUST-01324,Kfz,AGT-024,2024-03-28,975.74,Active,Mecklenburg-Vorpommern
POL-000476,CUST-03496,Kfz,AGT-016,2024-07-03,540.81,Active,Schleswig-Holstein
POL-000477,CUST-02411,Kfz,AGT-008,2024-01-24,1165.77,Active,Mecklenburg-Vorpommern
POL-000478,CUST-02735,Kfz,AGT-017,2023-08-09,405.27,Active,Berlin
POL-000479,CUST-03345,Kfz,AGT-008,2022-11-19,1338.01,Active,Thuringia
POL-000480,CUST-00229,Wohngebaeude,AGT-029,2023-03-14,702.88,Active,Rhineland-Palatinate
POL-000481,CUST-03937,Hausrat,AGT-002,2024-07-26,102.94,Active,Lower Saxony
POL-000482,CUST-03768,Haftpflicht,AGT-011,2024-12-23,105.76,Active,Lower Saxony
POL-000483,CUST-03753,Kfz,AGT-036,2025-01-29,818.97,Active,Saxony
POL-000484,CUST-00722,Kfz,AGT-028,2023-07-27,1126.08,Lapsed,Bremen
POL-000485,CUST-02037,Kfz,AGT-013,2024-10-17,401.04,Active,Saxony
POL-000486,CUST-01684,Wohngebaeude,AGT-022,2022-02-21,684.05,Lapsed,Hesse
POL-000487,CUST-00541,Kfz,AGT-037,2024-06-29,835.94,Active,Thuringia
POL-000488,CUST-00457,Haftpflicht,AGT-018,2023-02-04,77.44,Lapsed,North Rhine-Westphalia
POL-000489,CUST-03333,Lebensversicherung,AGT-029,2024-01-02,2093.64,Cancelled,Baden-Wuerttemberg
POL-000490,CUST-02127,Kfz,AGT-003,2024-01-23,691.76,Active,Hesse
POL-000491,CUST-00270,Haftpflicht,AGT-020,2022-12-31,98.36,Active,Bremen
POL-000492,CUST-00109,Hausrat,AGT-039,2023-02-04,82.78,Active,Lower Saxony
POL-000493,CUST-02168,Hausrat,AGT-006,2023-03-22,204.98,Active,Saxony
POL-000494,CUST-01549,Wohngebaeude,AGT-040,2023-02-11,285.14,Active,Hesse
POL-000495,CUST-02953,Haftpflicht,AGT-002,2024-03-11,54.08,Active,Saxony
POL-000496,CUST-01409,Haftpflicht,AGT-009,2024-09-19,102.73,Active,Saxony-Anhalt
POL-000497,CUST-00608,Wohngebaeude,AGT-011,2023-03-13,836.68,Active,Bremen
POL-000498,CUST-02139,Kfz,AGT-039,2025-06-15,549.61,Active,Bavaria
POL-000499,CUST-03393,Kfz,AGT-015,2024-08-28,1075.75,Lapsed,Rhineland-Palatinate
POL-000500,CUST-02078,Kfz,AGT-023,2024-05-16,798.16,Cancelled,Saarland
POL-000501,CUST-01881,Haftpflicht,AGT-003,2022-04-11,84.1,Active,Mecklenburg-Vorpommern
POL-000502,CUST-03306,Hausrat,AGT-011,2022-09-05,205.25,Lapsed,Berlin
POL-000503,CUST-00511,Haftpflicht,AGT-010,2022-07-22,41.13,Active,Saxony-Anhalt
POL-000504,CUST-03944,Hausrat,AGT-036,2025-02-07,102.23,Active,Saxony
POL-000505,CUST-03449,Hausrat,AGT-028,2024-10-06,186.58,Cancelled,Schleswig-Holstein
POL-000506,CUST-01960,Haftpflicht,AGT-013,2023-06-13,102.35,Active,Schleswig-Holstein
POL-000507,CUST-03950,Kfz,AGT-014,2023-03-06,1378.66,Cancelled,Hesse
POL-000508,CUST-02083,Kfz,AGT-002,2022-11-27,1315.62,Active,Brandenburg
POL-000509,CUST-02746,Kfz,AGT-037,2022-11-12,713.41,Active,Saxony
POL-000510,CUST-01545,Kfz,AGT-012,2023-12-26,775.28,Lapsed,Thuringia
POL-000511,CUST-00993,Kfz,AGT-031,2022-04-11,1295.23,Lapsed,Rhineland-Palatinate
POL-000512,CUST-01113,Kfz,AGT-026,2022-08-23,908.15,Active,Saarland
POL-000513,CUST-02741,Kfz,AGT-021,2023-04-29,356.63,Active,Brandenburg
POL-000514,CUST-00056,Hausrat,AGT-005,2025-02-24,121.55,Active,Mecklenburg-Vorpommern
POL-000515,CUST-01175,Kfz,AGT-026,2022-04-28,884.15,Active,Saarland
POL-000516,CUST-02993,Hausrat,AGT-018,2024-03-01,72.02,Lapsed,North Rhine-Westphalia
POL-000517,CUST-03274,Haftpflicht,AGT-012,2023-05-30,85.49,Cancelled,Baden-Wuerttemberg
POL-000518,CUST-01097,Haftpflicht,AGT-005,2024-05-26,118.19,Active,Thuringia
POL-000519,CUST-03823,Kfz,AGT-006,2023-07-11,367.75,Active,Mecklenburg-Vorpommern
POL-000520,CUST-01847,Haftpflicht,AGT-036,2023-03-10,87.27,Active,Saxony
POL-000521,CUST-00075,Kfz,AGT-017,2022-01-02,1201.76,Active,Saxony
POL-000522,CUST-02671,Hausrat,AGT-032,2022-05-26,178.32,Active,Baden-Wuerttemberg
POL-000523,CUST-02342,Kfz,AGT-016,2022-05-31,1337.84,Active,Hamburg
POL-000524,CUST-02179,Wohngebaeude,AGT-037,2025-06-24,482.47,Active,Mecklenburg-Vorpommern
POL-000525,CUST-00304,Kfz,AGT-011,2024-12-07,848.29,Active,Saarland
POL-000526,CUST-00760,Kfz,AGT-009,2025-05-17,1384.34,Active,Mecklenburg-Vorpommern
POL-000527,CUST-01390,Hausrat,AGT-037,2022-02-27,147.47,Cancelled,Saarland
POL-000528,CUST-03444,Hausrat,AGT-014,2024-05-10,126.96,Cancelled,Brandenburg
POL-000529,CUST-03154,Kfz,AGT-025,2025-05-19,446.28,Active,Berlin
POL-000530,CUST-03218,Kfz,AGT-038,2024-11-15,1055.72,Active,Saxony
POL-000531,CUST-00496,Kfz,AGT-038,2022-10-24,397.96,Active,Bavaria
POL-000532,CUST-01116,Hausrat,AGT-019,2024-09-22,213.44,Active,Bremen
POL-000533,CUST-02913,Wohngebaeude,AGT-004,2023-08-05,535.96,Active,Hamburg
POL-000534,CUST-01267,Lebensversicherung,AGT-035,2024-08-08,1170.42,Active,Hamburg
POL-000535,CUST-02430,Haftpflicht,AGT-029,2023-09-02,85.79,Cancelled,Baden-Wuerttemberg
POL-000536,CUST-01424,Haftpflicht,AGT-028,2023-02-17,70.85,Active,North Rhine-Westphalia
POL-000537,CUST-01666,Kfz,AGT-016,2023-11-09,384.68,Active,Rhineland-Palatinate
POL-000538,CUST-01582,Haftpflicht,AGT-018,2022-03-19,87.11,Active,Saxony
POL-000539,CUST-03616,Lebensversicherung,AGT-037,2024-06-22,473.97,Active,Hesse
POL-000540,CUST-00844,Haftpflicht,AGT-004,2024-02-18,57.82,Active,Bremen
POL-000541,CUST-00452,Hausrat,AGT-011,2023-01-03,129.92,Active,Bremen
POL-000542,CUST-00962,Haftpflicht,AGT-006,2023-02-27,74.13,Lapsed,Brandenburg
POL-000543,CUST-03443,Wohngebaeude,AGT-037,2025-06-25,794.96,Active,Mecklenburg-Vorpommern
POL-000544,CUST-01781,Kfz,AGT-016,2023-07-31,784.64,Active,Thuringia
POL-000545,CUST-01260,Hausrat,AGT-017,2023-08-22,201.61,Lapsed,Brandenburg
POL-000546,CUST-02472,Hausrat,AGT-038,2024-03-21,168.18,Active,Rhineland-Palatinate
POL-000547,CUST-01847,Wohngebaeude,AGT-019,2023-06-14,393.05,Active,Schleswig-Holstein
POL-000548,CUST-03110,Wohngebaeude,AGT-036,2023-06-25,212.02,Active,Rhineland-Palatinate
POL-000549,CUST-00526,Kfz,AGT-039,2023-11-04,875.53,Active,Berlin
POL-000550,CUST-03615,Lebensversicherung,AGT-034,2024-12-27,1713.6,Active,Schleswig-Holstein
POL-000551,CUST-00033,Kfz,AGT-037,2022-11-19,458.79,Active,North Rhine-Westphalia
POL-000552,CUST-03120,Hausrat,AGT-003,2022-08-24,223.48,Active,Brandenburg
POL-000553,CUST-01176,Wohngebaeude,AGT-027,2024-11-28,443.42,Active,Saarland
POL-000554,CUST-00515,Wohngebaeude,AGT-003,2022-09-28,801.4,Active,North Rhine-Westphalia
POL-000555,CUST-01247,Kfz,AGT-025,2025-03-06,804.48,Cancelled,Hesse
POL-000556,CUST-03371,Hausrat,AGT-002,2023-04-03,167.65,Active,Saxony-Anhalt
POL-000557,CUST-03539,Kfz,AGT-030,2022-08-24,564.24,Active,Mecklenburg-Vorpommern
POL-000558,CUST-01605,Wohngebaeude,AGT-013,2024-12-18,694.89,Active,Thuringia
POL-000559,CUST-02275,Hausrat,AGT-028,2024-08-23,243.13,Cancelled,Baden-Wuerttemberg
POL-000560,CUST-00282,Lebensversicherung,AGT-017,2025-06-02,780.48,Active,Brandenburg
POL-000561,CUST-00907,Kfz,AGT-006,2023-11-02,766.38,Active,Saxony-Anhalt
POL-000562,CUST-00752,Kfz,AGT-013,2023-02-24,661.45,Lapsed,Saxony
POL-000563,CUST-01019,Lebensversicherung,AGT-013,2022-10-05,373.67,Active,Brandenburg
POL-000564,CUST-00442,Kfz,AGT-002,2024-04-12,568.31,Active,Bremen
POL-000565,CUST-02840,Hausrat,AGT-026,2024-05-01,155.84,Lapsed,Bavaria
POL-000566,CUST-03675,Kfz,AGT-010,2023-10-05,1096.29,Active,Schleswig-Holstein
POL-000567,CUST-00627,Haftpflicht,AGT-006,2025-04-08,116.74,Active,Saarland
POL-000568,CUST-01080,Haftpflicht,AGT-013,2023-08-09,45.15,Cancelled,Brandenburg
POL-000569,CUST-00936,Kfz,AGT-035,2023-10-15,411.37,Lapsed,Saxony-Anhalt
POL-000570,CUST-02291,Lebensversicherung,AGT-040,2022-12-01,656.37,Cancelled,Hamburg
POL-000571,CUST-01380,Haftpflicht,AGT-011,2023-01-07,75.88,Active,Hesse
POL-000572,CUST-00958,Haftpflicht,AGT-001,2022-11-10,89.89,Active,Hesse
POL-000573,CUST-00883,Kfz,AGT-014,2025-03-20,1391.08,Lapsed,Rhineland-Palatinate
POL-000574,CUST-01919,Kfz,AGT-029,2023-02-09,616.32,Active,Lower Saxony
POL-000575,CUST-01496,Hausrat,AGT-001,2024-05-26,208.83,Active,Hamburg
POL-000576,CUST-01423,Kfz,AGT-021,2024-09-06,990.16,Active,North Rhine-Westphalia
POL-000577,CUST-00321,Kfz,AGT-012,2024-01-29,571.14,Lapsed,Schleswig-Holstein
POL-000578,CUST-00888,Wohngebaeude,AGT-018,2022-12-16,364.49,Active,Hesse
POL-000579,CUST-00279,Kfz,AGT-038,2025-01-11,660.81,Lapsed,Bavaria
POL-000580,CUST-02712,Kfz,AGT-009,2022-11-30,1355.49,Active,Saxony-Anhalt
POL-000581,CUST-01061,Kfz,AGT-035,2024-04-27,1312.11,Active,Lower Saxony
POL-000582,CUST-02831,Wohngebaeude,AGT-032,2024-09-02,649.54,Active,Schleswig-Holstein
POL-000583,CUST-02461,Haftpflicht,AGT-012,2025-06-28,102.93,Cancelled,North Rhine-Westphalia
POL-000584,CUST-03574,Haftpflicht,AGT-029,2025-01-14,58.19,Active,Saarland
POL-000585,CUST-03814,Hausrat,AGT-005,2023-11-27,156.1,Active,Thuringia
POL-000586,CUST-01406,Haftpflicht,AGT-025,2025-04-12,102.56,Active,Brandenburg
POL-000587,CUST-00604,Hausrat,AGT-016,2024-11-04,197.69,Active,Berlin
POL-000588,CUST-00409,Haftpflicht,AGT-009,2022-06-06,103.55,Active,North Rhine-Westphalia
POL-000589,CUST-00172,Kfz,AGT-016,2024-07-26,1364.31,Active,Hamburg
POL-000590,CUST-03754,Wohngebaeude,AGT-005,2025-06-11,235.0,Active,North Rhine-Westphalia
POL-000591,CUST-00148,Wohngebaeude,AGT-015,2024-09-19,403.94,Active,Saxony-Anhalt
POL-000592,CUST-02845,Kfz,AGT-023,2025-06-22,998.11,Active,Thuringia
POL-000593,CUST-00708,Hausrat,AGT-012,2022-08-13,153.86,Active,Saarland
POL-000594,CUST-02284,Lebensversicherung,AGT-030,2023-06-06,849.5,Active,Bavaria
POL-000595,CUST-00463,Haftpflicht,AGT-025,2023-08-16,51.97,Active,Thuringia
POL-000596,CUST-02647,Hausrat,AGT-025,2023-06-18,172.31,Lapsed,Berlin
POL-000597,CUST-03345,Wohngebaeude,AGT-013,2022-01-04,684.65,Active,Brandenburg
POL-000598,CUST-03415,Kfz,AGT-002,2024-06-25,1271.07,Active,Saarland
POL-000599,CUST-00049,Haftpflicht,AGT-018,2025-04-03,113.8,Active,Saxony
POL-000600,CUST-01547,Kfz,AGT-033,2024-02-06,994.54,Active,Baden-Wuerttemberg
POL-000601,CUST-02793,Hausrat,AGT-029,2023-10-04,96.0,Active,Saxony
POL-000602,CUST-03595,Haftpflicht,AGT-039,2023-03-05,52.8,Active,Hamburg
POL-000603,CUST-02040,Kfz,AGT-031,2023-01-14,824.97,Active,Saxony
POL-000604,CUST-00072,Kfz,AGT-027,2024-01-05,945.6,Active,Mecklenburg-Vorpommern
POL-000605,CUST-02477,Kfz,AGT-009,2022-06-21,498.85,Active,Saxony-Anhalt
POL-000606,CUST-01171,Haftpflicht,AGT-008,2022-11-19,52.07,Active,Hamburg
POL-000607,CUST-01294,Kfz,AGT-038,2022-11-07,970.98,Active,Hamburg
POL-000608,CUST-00706,Kfz,AGT-040,2022-11-12,1028.04,Active,Saxony
POL-000609,CUST-02717,Kfz,AGT-017,2024-02-12,429.8,Active,Bavaria
POL-000610,CUST-00797,Hausrat,AGT-014,2025-02-02,124.53,Active,Rhineland-Palatinate
POL-000611,CUST-02351,Hausrat,AGT-035,2022-03-24,68.29,Lapsed,Rhineland-Palatinate
POL-000612,CUST-02632,Hausrat,AGT-006,2022-11-18,72.2,Active,Hesse
POL-000613,CUST-01525,Kfz,AGT-019,2022-12-21,1171.22,Active,Lower Saxony
POL-000614,CUST-01784,Hausrat,AGT-035,2025-01-07,89.19,Active,Saarland
POL-000615,CUST-00426,Lebensversicherung,AGT-038,2023-09-03,2265.98,Active,Thuringia
POL-000616,CUST-01267,Kfz,AGT-020,2025-01-05,411.41,Active,Bavaria
POL-000617,CUST-03802,Kfz,AGT-033,2024-03-06,536.54,Lapsed,Saarland
POL-000618,CUST-03408,Haftpflicht,AGT-021,2024-12-10,78.44,Active,Mecklenburg-Vorpommern
POL-000619,CUST-01636,Hausrat,AGT-020,2023-08-01,239.69,Active,Lower Saxony
POL-000620,CUST-02698,Haftpflicht,AGT-012,2022-09-22,57.42,Active,Hesse
POL-000621,CUST-00734,Hausrat,AGT-005,2024-06-12,213.65,Active,Bavaria
POL-000622,CUST-00669,Kfz,AGT-040,2022-05-11,397.75,Active,Berlin
POL-000623,CUST-01990,Wohngebaeude,AGT-033,2022-08-19,396.98,Lapsed,Lower Saxony
POL-000624,CUST-03381,Kfz,AGT-027,2025-06-13,818.84,Active,Schleswig-Holstein
POL-000625,CUST-00659,Haftpflicht,AGT-033,2024-12-14,47.72,Active,Lower Saxony
POL-000626,CUST-03585,Hausrat,AGT-028,2022-02-10,70.83,Active,Bavaria
POL-000627,CUST-00256,Hausrat,AGT-001,2022-12-11,194.18,Active,Berlin
POL-000628,CUST-02229,Hausrat,AGT-026,2025-01-09,123.97,Active,Lower Saxony
POL-000629,CUST-00736,Kfz,AGT-018,2022-04-06,692.97,Active,Rhineland-Palatinate
POL-000630,CUST-02266,Haftpflicht,AGT-011,2022-01-04,114.83,Cancelled,Saxony
POL-000631,CUST-00256,Hausrat,AGT-004,2025-03-02,205.79,Active,Hamburg
POL-000632,CUST-03824,Kfz,AGT-016,2024-07-25,1144.1,Lapsed,Saxony
POL-000633,CUST-02055,Wohngebaeude,AGT-040,2023-02-28,817.41,Lapsed,Berlin
POL-000634,CUST-03060,Kfz,AGT-006,2024-09-17,777.88,Active,Lower Saxony
POL-000635,CUST-03073,Wohngebaeude,AGT-026,2025-01-15,839.14,Active,Bremen
POL-000636,CUST-03954,Kfz,AGT-007,2024-06-07,929.76,Active,Baden-Wuerttemberg
POL-000637,CUST-00824,Kfz,AGT-015,2024-11-01,1180.66,Active,Hesse
POL-000638,CUST-02995,Kfz,AGT-015,2025-01-12,1241.61,Active,Saxony
POL-000639,CUST-00260,Haftpflicht,AGT-034,2025-05-13,98.27,Active,Bavaria
POL-000640,CUST-00390,Haftpflicht,AGT-003,2024-09-14,79.44,Active,Saxony-Anhalt
POL-000641,CUST-03682,Wohngebaeude,AGT-035,2022-12-09,204.39,Active,Schleswig-Holstein
POL-000642,CUST-01914,Kfz,AGT-039,2022-06-03,1002.23,Active,Hamburg
POL-000643,CUST-01444,Kfz,AGT-038,2024-10-27,1079.53,Active,Rhineland-Palatinate
POL-000644,CUST-02038,Haftpflicht,AGT-012,2023-09-05,68.0,Active,Bavaria
POL-000645,CUST-01544,Lebensversicherung,AGT-024,2022-11-05,1843.29,Active,Mecklenburg-Vorpommern
POL-000646,CUST-01450,Haftpflicht,AGT-037,2022-12-16,88.93,Lapsed,Hesse
POL-000647,CUST-02078,Kfz,AGT-038,2023-02-23,673.45,Active,Saxony
POL-000648,CUST-02750,Kfz,AGT-028,2023-04-03,982.46,Active,Bavaria
POL-000649,CUST-02373,Hausrat,AGT-039,2023-09-03,228.45,Active,Schleswig-Holstein
POL-000650,CUST-01688,Hausrat,AGT-028,2022-10-20,205.32,Active,Brandenburg
POL-000651,CUST-01624,Kfz,AGT-032,2024-06-15,952.8,Active,Bavaria
POL-000652,CUST-02810,Haftpflicht,AGT-032,2025-05-04,76.58,Active,Saxony-Anhalt
POL-000653,CUST-01130,Hausrat,AGT-005,2025-03-15,114.0,Cancelled,Berlin
POL-000654,CUST-00461,Wohngebaeude,AGT-027,2024-10-29,792.89,Active,Brandenburg
POL-000655,CUST-01407,Wohngebaeude,AGT-014,2024-11-28,860.61,Active,Lower Saxony
POL-000656,CUST-02187,Lebensversicherung,AGT-002,2023-08-23,2008.09,Active,Thuringia
POL-000657,CUST-02622,Kfz,AGT-033,2025-05-23,525.0,Lapsed,Bavaria
POL-000658,CUST-03636,Kfz,AGT-003,2022-12-17,474.18,Active,Hesse
POL-000659,CUST-01188,Lebensversicherung,AGT-036,2022-03-22,1172.76,Active,North Rhine-Westphalia
POL-000660,CUST-02190,Kfz,AGT-017,2025-01-19,538.1,Active,Lower Saxony
POL-000661,CUST-02211,Hausrat,AGT-037,2022-01-02,165.69,Active,North Rhine-Westphalia
POL-000662,CUST-02216,Kfz,AGT-036,2023-09-17,1050.1,Active,Saarland
POL-000663,CUST-01704,Kfz,AGT-016,2022-08-06,931.0,Active,Bremen
POL-000664,CUST-00872,Wohngebaeude,AGT-003,2022-01-27,233.07,Active,Mecklenburg-Vorpommern
POL-000665,CUST-03640,Hausrat,AGT-039,2024-04-05,79.35,Active,Berlin
POL-000666,CUST-00398,Kfz,AGT-036,2024-01-03,756.77,Active,Berlin
POL-000667,CUST-03675,Wohngebaeude,AGT-019,2025-01-13,665.48,Active,North Rhine-Westphalia
POL-000668,CUST-03737,Haftpflicht,AGT-002,2024-09-09,113.12,Active,Saarland
POL-000669,CUST-02585,Kfz,AGT-014,2022-03-13,382.79,Active,Lower Saxony
POL-000670,CUST-01242,Kfz,AGT-017,2023-07-10,1314.88,Active,North Rhine-Westphalia
POL-000671,CUST-03911,Haftpflicht,AGT-028,2023-07-16,93.22,Active,Mecklenburg-Vorpommern
POL-000672,CUST-03851,Wohngebaeude,AGT-003,2024-02-06,315.38,Active,Hesse
POL-000673,CUST-01787,Kfz,AGT-031,2023-12-06,991.85,Active,Hamburg
POL-000674,CUST-00741,Hausrat,AGT-008,2023-01-13,238.4,Active,Thuringia
POL-000675,CUST-00121,Kfz,AGT-017,2023-08-27,811.56,Active,Saarland
POL-000676,CUST-02805,Wohngebaeude,AGT-021,2023-09-14,578.83,Active,Rhineland-Palatinate
POL-000677,CUST-03474,Hausrat,AGT-015,2023-10-31,92.44,Active,Thuringia
POL-000678,CUST-01178,Kfz,AGT-022,2022-06-17,1367.92,Active,Berlin
POL-000679,CUST-03036,Kfz,AGT-016,2025-05-05,409.17,Active,Saxony
POL-000680,CUST-03192,Lebensversicherung,AGT-031,2022-05-20,2344.45,Active,Hesse
POL-000681,CUST-01744,Hausrat,AGT-018,2024-08-06,153.98,Active,Rhineland-Palatinate
POL-000682,CUST-02766,Hausrat,AGT-021,2025-02-12,120.99,Active,Saxony
POL-000683,CUST-03448,Kfz,AGT-023,2023-09-18,528.83,Active,Thuringia
POL-000684,CUST-01343,Kfz,AGT-032,2022-08-25,1376.37,Active,Baden-Wuerttemberg
POL-000685,CUST-00214,Haftpflicht,AGT-034,2022-04-23,66.88,Lapsed,North Rhine-Westphalia
POL-000686,CUST-01836,Haftpflicht,AGT-030,2025-05-12,47.42,Active,Saarland
POL-000687,CUST-01461,Kfz,AGT-010,2024-01-20,1020.56,Active,Brandenburg
POL-000688,CUST-02379,Kfz,AGT-020,2024-08-02,475.04,Active,Bremen
POL-000689,CUST-02471,Kfz,AGT-014,2023-08-16,1239.78,Active,Rhineland-Palatinate
POL-000690,CUST-00800,Haftpflicht,AGT-008,2024-12-30,42.42,Active,Hamburg
POL-000691,CUST-00982,Kfz,AGT-034,2022-05-21,1072.8,Lapsed,Saxony
POL-000692,CUST-02073,Haftpflicht,AGT-035,2022-03-18,81.04,Lapsed,Baden-Wuerttemberg
POL-000693,CUST-01947,Haftpflicht,AGT-013,2022-12-23,78.39,Active,Hamburg
POL-000694,CUST-00501,Kfz,AGT-029,2022-05-09,679.13,Active,Hamburg
POL-000695,CUST-02986,Kfz,AGT-015,2023-03-12,1322.91,Active,North Rhine-Westphalia
POL-000696,CUST-01460,Kfz,AGT-028,2025-03-02,1256.65,Active,Berlin
POL-000697,CUST-03012,Kfz,AGT-031,2024-02-21,871.39,Active,Mecklenburg-Vorpommern
POL-000698,CUST-02412,Lebensversicherung,AGT-005,2025-04-28,2079.96,Cancelled,Rhineland-Palatinate
POL-000699,CUST-02477,Kfz,AGT-037,2024-03-22,493.38,Active,Mecklenburg-Vorpommern
POL-000700,CUST-03712,Hausrat,AGT-022,2024-05-30,109.78,Active,Bavaria
POL-000701,CUST-02440,Hausrat,AGT-036,2022-08-18,69.16,Active,Rhineland-Palatinate
POL-000702,CUST-03411,Haftpflicht,AGT-022,2024-12-24,112.47,Active,Baden-Wuerttemberg
POL-000703,CUST-01190,Haftpflicht,AGT-019,2024-04-18,93.09,Active,Brandenburg
POL-000704,CUST-01219,Haftpflicht,AGT-040,2024-11-19,102.12,Active,Bremen
POL-000705,CUST-03731,Haftpflicht,AGT-024,2024-06-16,53.66,Lapsed,Saarland
POL-000706,CUST-02130,Kfz,AGT-009,2025-03-15,715.96,Cancelled,Lower Saxony
POL-000707,CUST-00293,Wohngebaeude,AGT-029,2022-04-16,325.41,Active,Bremen
POL-000708,CUST-02714,Hausrat,AGT-005,2025-06-01,185.46,Lapsed,Brandenburg
POL-000709,CUST-03717,Haftpflicht,AGT-029,2023-01-20,91.14,Lapsed,Bremen
POL-000710,CUST-02168,Kfz,AGT-020,2023-11-04,1138.14,Lapsed,Schleswig-Holstein
POL-000711,CUST-03256,Lebensversicherung,AGT-014,2022-07-22,2037.8,Active,Saxony
POL-000712,CUST-00430,Haftpflicht,AGT-006,2024-03-12,118.56,Active,Berlin
POL-000713,CUST-01400,Hausrat,AGT-028,2023-03-06,160.35,Lapsed,Lower Saxony
POL-000714,CUST-02014,Hausrat,AGT-035,2025-03-29,106.69,Active,Thuringia
POL-000715,CUST-02529,Haftpflicht,AGT-037,2022-02-16,99.03,Active,Saxony
POL-000716,CUST-00193,Wohngebaeude,AGT-024,2024-06-30,527.61,Active,Hamburg
POL-000717,CUST-03372,Lebensversicherung,AGT-024,2025-04-13,757.0,Active,Thuringia
POL-000718,CUST-03091,Hausrat,AGT-030,2025-01-07,202.66,Cancelled,Bavaria
POL-000719,CUST-02758,Hausrat,AGT-026,2023-10-15,97.08,Active,Lower Saxony
POL-000720,CUST-00327,Kfz,AGT-001,2023-05-09,1176.63,Active,Hesse
POL-000721,CUST-02648,Wohngebaeude,AGT-021,2024-08-29,415.16,Active,Rhineland-Palatinate
POL-000722,CUST-02827,Hausrat,AGT-034,2022-03-28,169.05,Active,Lower Saxony
POL-000723,CUST-01343,Wohngebaeude,AGT-004,2022-09-09,229.9,Lapsed,Brandenburg
POL-000724,CUST-00286,Kfz,AGT-022,2024-08-02,566.91,Cancelled,Saarland
POL-000725,CUST-01802,Kfz,AGT-006,2024-04-03,496.85,Active,Saxony-Anhalt
POL-000726,CUST-01005,Haftpflicht,AGT-014,2025-05-12,72.08,Active,North Rhine-Westphalia
POL-000727,CUST-03996,Hausrat,AGT-028,2023-11-15,163.47,Active,Brandenburg
POL-000728,CUST-01370,Haftpflicht,AGT-025,2023-05-20,46.88,Lapsed,Rhineland-Palatinate
POL-000729,CUST-01421,Haftpflicht,AGT-008,2025-03-09,54.87,Active,Brandenburg
POL-000730,CUST-00549,Kfz,AGT-033,2025-06-10,394.72,Lapsed,Saarland
POL-000731,CUST-00649,Haftpflicht,AGT-035,2024-07-24,42.25,Active,Mecklenburg-Vorpommern
POL-000732,CUST-01209,Haftpflicht,AGT-012,2023-12-04,113.13,Active,Mecklenburg-Vorpommern
POL-000733,CUST-02887,Wohngebaeude,AGT-027,2023-06-10,248.08,Active,Lower Saxony
POL-000734,CUST-01325,Hausrat,AGT-014,2024-08-03,242.19,Active,Brandenburg
POL-000735,CUST-01530,Haftpflicht,AGT-008,2023-06-28,43.43,Active,Bavaria
POL-000736,CUST-00585,Kfz,AGT-032,2023-03-15,358.69,Active,Hamburg
POL-000737,CUST-01079,Kfz,AGT-017,2024-11-08,1265.98,Active,Bremen
POL-000738,CUST-01299,Kfz,AGT-014,2025-03-31,591.41,Cancelled,Hamburg
POL-000739,CUST-01648,Haftpflicht,AGT-017,2022-04-02,73.47,Active,Bavaria
POL-000740,CUST-03128,Haftpflicht,AGT-018,2022-12-21,80.45,Cancelled,Bremen
POL-000741,CUST-01437,Hausrat,AGT-008,2023-10-18,203.34,Lapsed,Rhineland-Palatinate
POL-000742,CUST-03657,Wohngebaeude,AGT-030,2023-11-05,576.35,Active,Saarland
POL-000743,CUST-00088,Kfz,AGT-028,2023-06-29,1282.68,Lapsed,Lower Saxony
POL-000744,CUST-03362,Wohngebaeude,AGT-018,2024-02-25,787.4,Active,North Rhine-Westphalia
POL-000745,CUST-03113,Kfz,AGT-034,2023-03-03,970.18,Lapsed,Saarland
POL-000746,CUST-03062,Kfz,AGT-023,2024-08-20,815.35,Cancelled,Rhineland-Palatinate
POL-000747,CUST-03117,Hausrat,AGT-031,2023-03-16,136.89,Active,Schleswig-Holstein
POL-000748,CUST-02551,Kfz,AGT-008,2022-01-18,985.29,Cancelled,Saxony-Anhalt
POL-000749,CUST-00764,Kfz,AGT-035,2024-05-08,1367.79,Active,Hesse
POL-000750,CUST-03785,Kfz,AGT-017,2022-12-08,1368.38,Active,Saxony
POL-000751,CUST-02504,Wohngebaeude,AGT-003,2023-04-22,826.11,Active,Saxony-Anhalt
POL-000752,CUST-03105,Haftpflicht,AGT-018,2022-10-02,40.59,Active,North Rhine-Westphalia
POL-000753,CUST-03436,Hausrat,AGT-018,2024-10-10,191.0,Active,Berlin
POL-000754,CUST-00984,Kfz,AGT-036,2024-01-31,1397.72,Active,North Rhine-Westphalia
POL-000755,CUST-03911,Hausrat,AGT-010,2025-06-15,118.82,Active,Schleswig-Holstein
POL-000756,CUST-02991,Haftpflicht,AGT-036,2024-08-11,42.25,Active,Mecklenburg-Vorpommern
POL-000757,CUST-00751,Lebensversicherung,AGT-012,2025-03-22,1195.12,Active,Saarland
POL-000758,CUST-00058,Wohngebaeude,AGT-017,2022-10-23,329.87,Lapsed,Berlin
POL-000759,CUST-03394,Kfz,AGT-040,2022-07-24,463.28,Active,Berlin
POL-000760,CUST-02817,Kfz,AGT-025,2024-12-12,803.2,Active,Saarland
POL-000761,CUST-02845,Kfz,AGT-011,2025-01-23,769.32,Active,Hesse
POL-000762,CUST-03193,Hausrat,AGT-016,2022-03-07,172.97,Active,Hamburg
POL-000763,CUST-00806,Hausrat,AGT-027,2022-05-24,168.54,Cancelled,Bavaria
POL-000764,CUST-01283,Kfz,AGT-002,2024-08-10,849.59,Active,Saarland
POL-000765,CUST-02307,Kfz,AGT-001,2023-11-15,1353.08,Active,Bremen
POL-000766,CUST-03083,Kfz,AGT-003,2024-08-03,443.95,Active,Saxony
POL-000767,CUST-03331,Kfz,AGT-025,2022-08-12,564.4,Active,Saarland
POL-000768,CUST-00761,Wohngebaeude,AGT-008,2024-03-09,546.93,Active,Schleswig-Holstein
POL-000769,CUST-03246,Kfz,AGT-008,2023-07-27,1130.66,Cancelled,Lower Saxony
POL-000770,CUST-03951,Haftpflicht,AGT-005,2025-01-25,104.62,Active,Bavaria
POL-000771,CUST-00221,Haftpflicht,AGT-010,2023-09-20,59.59,Lapsed,Brandenburg
POL-000772,CUST-00591,Kfz,AGT-006,2022-09-27,542.85,Active,Bavaria
POL-000773,CUST-02408,Kfz,AGT-018,2023-01-06,575.41,Active,Hesse
POL-000774,CUST-01250,Lebensversicherung,AGT-029,2022-02-04,1583.35,Lapsed,Saarland
POL-000775,CUST-00853,Wohngebaeude,AGT-012,2024-02-09,631.92,Active,Saxony-Anhalt
POL-000776,CUST-01927,Kfz,AGT-027,2023-04-06,1319.1,Active,Bremen
POL-000777,CUST-00099,Hausrat,AGT-009,2023-09-07,196.84,Active,Saxony-Anhalt
POL-000778,CUST-01437,Wohngebaeude,AGT-008,2024-01-06,609.04,Active,Hesse
POL-000779,CUST-01310,Kfz,AGT-035,2025-03-23,1050.79,Active,Baden-Wuerttemberg
POL-000780,CUST-01658,Kfz,AGT-019,2024-05-30,917.52,Active,Hamburg
POL-000781,CUST-03600,Kfz,AGT-033,2025-02-12,799.36,Active,Hesse
POL-000782,CUST-03719,Kfz,AGT-001,2024-02-16,1399.08,Active,Schleswig-Holstein
POL-000783,CUST-03069,Kfz,AGT-015,2023-06-15,374.82,Active,Baden-Wuerttemberg
POL-000784,CUST-02010,Lebensversicherung,AGT-019,2022-08-13,1558.15,Active,Hesse
POL-000785,CUST-01654,Kfz,AGT-037,2023-09-08,395.79,Active,Berlin
POL-000786,CUST-03218,Haftpflicht,AGT-021,2022-09-19,106.69,Cancelled,Schleswig-Holstein
POL-000787,CUST-01840,Haftpflicht,AGT-003,2024-11-10,74.96,Active,Lower Saxony
POL-000788,CUST-01124,Kfz,AGT-028,2024-12-16,780.73,Active,Bavaria
POL-000789,CUST-02978,Kfz,AGT-032,2022-12-07,559.27,Active,Hesse
POL-000790,CUST-00007,Wohngebaeude,AGT-014,2024-01-06,831.86,Active,Bavaria
POL-000791,CUST-01544,Kfz,AGT-016,2022-02-07,925.97,Lapsed,Mecklenburg-Vorpommern
POL-000792,CUST-00020,Haftpflicht,AGT-001,2025-04-30,48.9,Active,Baden-Wuerttemberg
POL-000793,CUST-00011,Kfz,AGT-002,2022-09-01,776.5,Active,Baden-Wuerttemberg
POL-000794,CUST-00569,Haftpflicht,AGT-032,2022-11-08,105.63,Active,Bremen
POL-000795,CUST-03872,Hausrat,AGT-037,2025-04-06,187.92,Active,North Rhine-Westphalia
POL-000796,CUST-01380,Haftpflicht,AGT-020,2025-01-14,103.61,Active,Baden-Wuerttemberg
POL-000797,CUST-01057,Lebensversicherung,AGT-025,2025-01-26,1235.57,Active,North Rhine-Westphalia
POL-000798,CUST-03984,Kfz,AGT-038,2025-05-07,1206.73,Active,Rhineland-Palatinate
POL-000799,CUST-02962,Kfz,AGT-016,2022-09-01,1284.83,Cancelled,Baden-Wuerttemberg
POL-000800,CUST-01304,Lebensversicherung,AGT-006,2024-12-07,2241.24,Active,Saxony-Anhalt
POL-000801,CUST-03110,Hausrat,AGT-037,2023-11-07,155.24,Cancelled,Brandenburg
POL-000802,CUST-01065,Kfz,AGT-001,2022-02-07,548.57,Active,Berlin
POL-000803,CUST-01684,Kfz,AGT-002,2023-05-05,641.62,Active,Mecklenburg-Vorpommern
POL-000804,CUST-01161,Lebensversicherung,AGT-038,2025-05-28,1613.91,Lapsed,Schleswig-Holstein
POL-000805,CUST-02934,Wohngebaeude,AGT-004,2024-06-03,509.13,Active,Hesse
POL-000806,CUST-02894,Kfz,AGT-035,2022-02-02,1200.62,Lapsed,Hesse
POL-000807,CUST-02444,Lebensversicherung,AGT-019,2023-04-01,1429.35,Cancelled,Hesse
POL-000808,CUST-02175,Lebensversicherung,AGT-023,2024-03-11,609.62,Active,Baden-Wuerttemberg
POL-000809,CUST-01916,Haftpflicht,AGT-015,2023-10-28,112.39,Lapsed,Saxony-Anhalt
POL-000810,CUST-00655,Hausrat,AGT-015,2023-01-30,138.2,Active,Bremen
POL-000811,CUST-02539,Kfz,AGT-007,2023-08-27,441.55,Cancelled,Hesse
POL-000812,CUST-00476,Haftpflicht,AGT-027,2023-11-11,48.57,Cancelled,Saxony
POL-000813,CUST-00074,Wohngebaeude,AGT-019,2023-11-02,442.17,Active,Mecklenburg-Vorpommern
POL-000814,CUST-02465,Kfz,AGT-012,2022-03-06,413.87,Active,Schleswig-Holstein
POL-000815,CUST-00524,Haftpflicht,AGT-036,2022-02-18,44.3,Active,Hesse
POL-000816,CUST-03601,Haftpflicht,AGT-012,2022-03-02,47.18,Active,Hesse
POL-000817,CUST-00367,Haftpflicht,AGT-009,2024-05-24,45.49,Active,Schleswig-Holstein
POL-000818,CUST-03013,Lebensversicherung,AGT-028,2024-02-06,325.36,Active,Thuringia
POL-000819,CUST-02972,Kfz,AGT-003,2023-06-14,677.66,Cancelled,Brandenburg
POL-000820,CUST-01717,Hausrat,AGT-015,2022-10-23,245.91,Lapsed,Brandenburg
POL-000821,CUST-00361,Haftpflicht,AGT-022,2022-02-21,48.57,Active,Saxony-Anhalt
POL-000822,CUST-01267,Haftpflicht,AGT-032,2023-02-24,117.12,Lapsed,Schleswig-Holstein
POL-000823,CUST-00341,Kfz,AGT-032,2025-02-17,1359.16,Cancelled,Saxony
POL-000824,CUST-03070,Kfz,AGT-009,2023-10-13,1144.71,Lapsed,Saxony
POL-000825,CUST-03471,Haftpflicht,AGT-027,2022-01-08,80.75,Active,Mecklenburg-Vorpommern
POL-000826,CUST-03506,Lebensversicherung,AGT-009,2024-03-30,2395.95,Active,Baden-Wuerttemberg
POL-000827,CUST-03621,Lebensversicherung,AGT-027,2025-06-26,2234.51,Lapsed,Bremen
POL-000828,CUST-01202,Haftpflicht,AGT-031,2023-07-07,103.21,Active,Baden-Wuerttemberg
POL-000829,CUST-00851,Hausrat,AGT-024,2025-03-30,71.42,Active,Hamburg
POL-000830,CUST-01243,Lebensversicherung,AGT-033,2022-08-11,2073.81,Active,Brandenburg
POL-000831,CUST-03540,Lebensversicherung,AGT-018,2022-09-15,817.65,Lapsed,Brandenburg
POL-000832,CUST-03088,Kfz,AGT-025,2024-05-08,1272.64,Active,Lower Saxony
POL-000833,CUST-01773,Kfz,AGT-017,2023-11-20,1180.16,Active,Saxony-Anhalt
POL-000834,CUST-00705,Kfz,AGT-002,2023-06-10,953.57,Cancelled,Schleswig-Holstein
POL-000835,CUST-00415,Wohngebaeude,AGT-040,2022-06-30,736.49,Active,Berlin
POL-000836,CUST-01899,Haftpflicht,AGT-016,2022-06-14,82.5,Active,Hamburg
POL-000837,CUST-02404,Kfz,AGT-019,2023-04-07,704.23,Active,Saxony
POL-000838,CUST-02404,Hausrat,AGT-027,2024-12-17,158.2,Active,Mecklenburg-Vorpommern
POL-000839,CUST-00403,Haftpflicht,AGT-007,2022-02-07,67.79,Cancelled,Saxony
POL-000840,CUST-02690,Kfz,AGT-018,2024-01-30,676.55,Active,Saxony
POL-000841,CUST-01645,Kfz,AGT-004,2022-03-02,474.39,Active,Hamburg
POL-000842,CUST-00412,Kfz,AGT-033,2023-05-06,871.5,Active,North Rhine-Westphalia
POL-000843,CUST-00826,Kfz,AGT-007,2022-05-08,1399.48,Active,North Rhine-Westphalia
POL-000844,CUST-00055,Kfz,AGT-014,2023-07-20,384.06,Active,Saarland
POL-000845,CUST-02826,Wohngebaeude,AGT-032,2023-05-08,274.86,Active,Bremen
POL-000846,CUST-03198,Hausrat,AGT-007,2025-02-10,138.84,Lapsed,Mecklenburg-Vorpommern
POL-000847,CUST-03850,Wohngebaeude,AGT-023,2022-11-15,732.39,Active,North Rhine-Westphalia
POL-000848,CUST-02655,Hausrat,AGT-019,2023-06-14,78.72,Lapsed,Bremen
POL-000849,CUST-03774,Wohngebaeude,AGT-001,2023-11-05,807.13,Active,Baden-Wuerttemberg
POL-000850,CUST-01384,Kfz,AGT-034,2024-06-15,707.76,Active,Lower Saxony
POL-000851,CUST-02769,Kfz,AGT-029,2022-12-07,936.02,Active,Bavaria
POL-000852,CUST-00231,Haftpflicht,AGT-015,2024-08-16,87.9,Active,Hamburg
POL-000853,CUST-02098,Kfz,AGT-008,2022-02-26,930.15,Active,Saarland
POL-000854,CUST-00831,Lebensversicherung,AGT-039,2022-11-13,585.51,Lapsed,Mecklenburg-Vorpommern
POL-000855,CUST-02194,Kfz,AGT-013,2024-10-01,1163.64,Active,Rhineland-Palatinate
POL-000856,CUST-00435,Kfz,AGT-001,2024-05-08,937.64,Active,Brandenburg
POL-000857,CUST-01442,Haftpflicht,AGT-030,2025-01-29,69.31,Lapsed,North Rhine-Westphalia
POL-000858,CUST-01201,Kfz,AGT-013,2023-06-11,1052.59,Lapsed,Hesse
POL-000859,CUST-00665,Kfz,AGT-008,2024-03-20,1362.21,Active,North Rhine-Westphalia
POL-000860,CUST-03127,Wohngebaeude,AGT-025,2024-02-27,621.73,Active,Bremen
POL-000861,CUST-03281,Kfz,AGT-029,2024-08-24,370.92,Active,Saxony-Anhalt
POL-000862,CUST-01008,Kfz,AGT-037,2025-06-23,1074.6,Lapsed,Saxony-Anhalt
POL-000863,CUST-00225,Hausrat,AGT-008,2022-10-18,76.99,Lapsed,Brandenburg
POL-000864,CUST-01968,Wohngebaeude,AGT-001,2024-03-06,250.89,Active,Saxony-Anhalt
POL-000865,CUST-03657,Kfz,AGT-011,2024-12-06,1155.19,Active,Berlin
POL-000866,CUST-03546,Hausrat,AGT-015,2022-08-19,177.8,Active,Brandenburg
POL-000867,CUST-00903,Haftpflicht,AGT-002,2023-08-23,80.27,Active,Lower Saxony
POL-000868,CUST-00306,Hausrat,AGT-001,2025-05-15,213.78,Active,Rhineland-Palatinate
POL-000869,CUST-00292,Kfz,AGT-025,2022-07-26,736.72,Active,Saxony-Anhalt
POL-000870,CUST-02861,Hausrat,AGT-019,2025-01-31,247.94,Active,Rhineland-Palatinate
POL-000871,CUST-00954,Kfz,AGT-020,2025-06-12,1255.63,Active,Baden-Wuerttemberg
POL-000872,CUST-03607,Kfz,AGT-018,2022-02-04,1211.19,Lapsed,Hamburg
POL-000873,CUST-03360,Kfz,AGT-038,2022-11-15,865.11,Lapsed,Lower Saxony
POL-000874,CUST-01315,Kfz,AGT-008,2023-05-21,929.4,Active,Baden-Wuerttemberg
POL-000875,CUST-00404,Wohngebaeude,AGT-009,2024-10-06,430.66,Active,Saxony-Anhalt
POL-000876,CUST-01399,Hausrat,AGT-024,2024-10-16,156.27,Active,Mecklenburg-Vorpommern
POL-000877,CUST-03327,Wohngebaeude,AGT-039,2022-04-04,733.7,Active,Rhineland-Palatinate
POL-000878,CUST-03223,Hausrat,AGT-019,2022-02-08,89.17,Active,Saxony-Anhalt
POL-000879,CUST-01920,Hausrat,AGT-010,2024-05-15,206.9,Active,Baden-Wuerttemberg
POL-000880,CUST-00251,Haftpflicht,AGT-033,2022-02-25,76.86,Active,Saxony-Anhalt
POL-000881,CUST-01969,Haftpflicht,AGT-035,2023-06-24,100.38,Cancelled,Rhineland-Palatinate
POL-000882,CUST-01994,Haftpflicht,AGT-021,2022-05-06,57.32,Active,Rhineland-Palatinate
POL-000883,CUST-01215,Haftpflicht,AGT-005,2023-01-16,111.09,Lapsed,Thuringia
POL-000884,CUST-00664,Hausrat,AGT-037,2023-01-06,132.83,Active,Schleswig-Holstein
POL-000885,CUST-01650,Hausrat,AGT-010,2024-03-18,190.2,Lapsed,Saxony
POL-000886,CUST-01838,Haftpflicht,AGT-027,2023-09-07,119.76,Active,Hesse
POL-000887,CUST-00590,Kfz,AGT-031,2024-02-12,1067.35,Cancelled,Berlin
POL-000888,CUST-03961,Lebensversicherung,AGT-026,2023-03-03,1898.58,Active,Hesse
POL-000889,CUST-02167,Haftpflicht,AGT-028,2022-09-14,57.43,Active,Saarland
POL-000890,CUST-02843,Hausrat,AGT-002,2024-04-12,230.22,Lapsed,Mecklenburg-Vorpommern
POL-000891,CUST-02843,Haftpflicht,AGT-022,2023-04-24,54.11,Lapsed,Rhineland-Palatinate
POL-000892,CUST-02816,Kfz,AGT-034,2023-12-12,1177.62,Cancelled,Hesse
POL-000893,CUST-00344,Haftpflicht,AGT-021,2025-03-29,73.45,Active,Bremen
POL-000894,CUST-01288,Haftpflicht,AGT-013,2023-06-12,102.12,Active,Thuringia
POL-000895,CUST-02049,Haftpflicht,AGT-039,2022-04-29,98.94,Lapsed,Saarland
POL-000896,CUST-01788,Hausrat,AGT-005,2023-12-07,108.39,Active,Bavaria
POL-000897,CUST-03462,Kfz,AGT-012,2024-12-15,622.66,Active,Mecklenburg-Vorpommern
POL-000898,CUST-00845,Hausrat,AGT-012,2022-09-24,146.53,Active,Saxony
POL-000899,CUST-00436,Kfz,AGT-005,2022-10-29,856.25,Lapsed,Saxony-Anhalt
POL-000900,CUST-00495,Hausrat,AGT-032,2024-09-30,140.93,Active,Saxony
POL-000901,CUST-03617,Kfz,AGT-035,2023-08-27,515.5,Active,Brandenburg
POL-000902,CUST-02267,Kfz,AGT-015,2025-02-05,774.36,Active,Saxony
POL-000903,CUST-00033,Lebensversicherung,AGT-014,2024-05-20,2401.78,Active,Saxony
POL-000904,CUST-03937,Kfz,AGT-037,2023-01-05,1134.22,Lapsed,Bavaria
POL-000905,CUST-01629,Kfz,AGT-018,2023-06-30,543.6,Active,Baden-Wuerttemberg
POL-000906,CUST-00293,Kfz,AGT-029,2025-01-23,376.54,Active,Bavaria
POL-000907,CUST-00795,Lebensversicherung,AGT-029,2022-06-14,1180.14,Lapsed,North Rhine-Westphalia
POL-000908,CUST-01193,Wohngebaeude,AGT-038,2022-01-23,858.95,Active,Saxony
POL-000909,CUST-03756,Haftpflicht,AGT-018,2024-07-28,54.68,Active,Rhineland-Palatinate
POL-000910,CUST-01142,Wohngebaeude,AGT-029,2024-06-21,311.94,Active,Rhineland-Palatinate
POL-000911,CUST-03924,Wohngebaeude,AGT-037,2022-01-11,577.95,Active,Mecklenburg-Vorpommern
POL-000912,CUST-00641,Hausrat,AGT-023,2023-10-28,109.42,Active,Thuringia
POL-000913,CUST-02477,Kfz,AGT-015,2025-05-21,579.93,Active,Saxony
POL-000914,CUST-03528,Lebensversicherung,AGT-006,2024-10-07,696.4,Active,Lower Saxony
POL-000915,CUST-00196,Wohngebaeude,AGT-020,2023-04-01,443.64,Cancelled,Hamburg
POL-000916,CUST-01854,Kfz,AGT-026,2024-05-31,1104.45,Active,Saxony
POL-000917,CUST-01245,Haftpflicht,AGT-023,2022-12-07,84.24,Cancelled,Saarland
POL-000918,CUST-01855,Kfz,AGT-001,2025-04-15,742.32,Active,Hamburg
POL-000919,CUST-02029,Kfz,AGT-024,2022-01-06,789.63,Active,Bavaria
POL-000920,CUST-02929,Kfz,AGT-007,2025-01-22,360.74,Active,Saxony
POL-000921,CUST-00319,Haftpflicht,AGT-024,2022-12-06,54.89,Active,Brandenburg
POL-000922,CUST-01145,Wohngebaeude,AGT-017,2023-05-03,633.79,Active,North Rhine-Westphalia
POL-000923,CUST-01428,Haftpflicht,AGT-013,2022-12-22,111.9,Active,Saxony
POL-000924,CUST-00276,Kfz,AGT-003,2022-12-10,606.91,Active,Saxony-Anhalt
POL-000925,CUST-03988,Wohngebaeude,AGT-004,2023-11-10,440.84,Active,Rhineland-Palatinate
POL-000926,CUST-02941,Lebensversicherung,AGT-003,2023-08-04,1022.83,Active,Mecklenburg-Vorpommern
POL-000927,CUST-01167,Haftpflicht,AGT-014,2025-02-09,104.68,Active,Rhineland-Palatinate
POL-000928,CUST-01009,Kfz,AGT-026,2022-11-29,659.27,Lapsed,Hamburg
POL-000929,CUST-02312,Kfz,AGT-035,2025-01-05,377.98,Cancelled,Rhineland-Palatinate
POL-000930,CUST-00371,Kfz,AGT-011,2023-07-06,1140.29,Lapsed,North Rhine-Westphalia
POL-000931,CUST-01609,Haftpflicht,AGT-021,2023-11-14,100.11,Lapsed,Hesse
POL-000932,CUST-03961,Lebensversicherung,AGT-032,2022-08-30,613.81,Active,Baden-Wuerttemberg
POL-000933,CUST-01139,Haftpflicht,AGT-011,2023-09-25,87.04,Active,Bavaria
POL-000934,CUST-01099,Haftpflicht,AGT-006,2025-05-04,101.99,Active,Bremen
POL-000935,CUST-00741,Kfz,AGT-026,2022-07-20,965.25,Active,Rhineland-Palatinate
POL-000936,CUST-01642,Kfz,AGT-009,2024-02-02,593.73,Cancelled,Schleswig-Holstein
POL-000937,CUST-02084,Haftpflicht,AGT-026,2022-11-06,93.42,Active,Lower Saxony
POL-000938,CUST-03647,Wohngebaeude,AGT-040,2022-10-18,690.85,Active,Bremen
POL-000939,CUST-02340,Wohngebaeude,AGT-038,2023-04-14,218.51,Active,Schleswig-Holstein
POL-000940,CUST-00783,Kfz,AGT-011,2022-10-09,634.01,Active,Baden-Wuerttemberg
POL-000941,CUST-01453,Haftpflicht,AGT-001,2023-04-17,108.8,Active,Schleswig-Holstein
POL-000942,CUST-02621,Kfz,AGT-007,2022-10-13,455.39,Active,North Rhine-Westphalia
POL-000943,CUST-02422,Haftpflicht,AGT-030,2024-06-23,78.81,Active,Schleswig-Holstein
POL-000944,CUST-03037,Haftpflicht,AGT-017,2022-09-17,69.95,Lapsed,Hesse
POL-000945,CUST-02901,Lebensversicherung,AGT-017,2024-10-24,1499.56,Active,Thuringia
POL-000946,CUST-02420,Hausrat,AGT-012,2025-01-10,210.33,Active,Bavaria
POL-000947,CUST-00170,Kfz,AGT-028,2025-01-16,857.26,Active,Mecklenburg-Vorpommern
POL-000948,CUST-03608,Wohngebaeude,AGT-016,2023-02-11,873.15,Active,Hamburg
POL-000949,CUST-03862,Haftpflicht,AGT-004,2024-01-04,109.81,Active,Bremen
POL-000950,CUST-01127,Hausrat,AGT-004,2023-08-17,242.41,Lapsed,Thuringia
POL-000951,CUST-02173,Hausrat,AGT-013,2024-01-06,199.7,Lapsed,Saxony
POL-000952,CUST-02911,Lebensversicherung,AGT-031,2023-10-19,1838.84,Active,Saxony
POL-000953,CUST-01976,Kfz,AGT-009,2024-11-06,629.43,Active,Saxony
POL-000954,CUST-02612,Haftpflicht,AGT-021,2023-03-20,108.98,Active,Baden-Wuerttemberg
POL-000955,CUST-00652,Wohngebaeude,AGT-012,2024-03-13,318.14,Active,Saxony-Anhalt
POL-000956,CUST-01445,Kfz,AGT-026,2022-08-06,909.95,Active,Brandenburg
POL-000957,CUST-02413,Haftpflicht,AGT-017,2025-02-05,72.9,Lapsed,Bavaria
POL-000958,CUST-01007,Kfz,AGT-018,2022-12-14,1182.56,Active,Saxony
POL-000959,CUST-02684,Haftpflicht,AGT-027,2022-01-28,88.44,Active,Bremen
POL-000960,CUST-01075,Kfz,AGT-022,2024-04-19,768.43,Lapsed,North Rhine-Westphalia
POL-000961,CUST-00759,Lebensversicherung,AGT-005,2024-01-10,1246.68,Active,Brandenburg
POL-000962,CUST-02518,Hausrat,AGT-005,2022-02-08,196.26,Active,Baden-Wuerttemberg
POL-000963,CUST-00823,Haftpflicht,AGT-035,2023-05-19,69.66,Active,Hesse
POL-000964,CUST-03890,Kfz,AGT-038,2024-08-07,448.33,Active,Bavaria
POL-000965,CUST-03817,Hausrat,AGT-034,2024-05-09,243.37,Active,Saarland
POL-000966,CUST-01640,Hausrat,AGT-008,2023-10-19,136.0,Cancelled,Hamburg
POL-000967,CUST-01786,Wohngebaeude,AGT-009,2022-04-23,531.8,Active,Berlin
POL-000968,CUST-02345,Hausrat,AGT-021,2023-12-26,61.96,Active,Saxony
POL-000969,CUST-03384,Kfz,AGT-028,2024-05-17,444.64,Active,Rhineland-Palatinate
POL-000970,CUST-03630,Hausrat,AGT-013,2023-02-26,246.78,Lapsed,Lower Saxony
POL-000971,CUST-02919,Kfz,AGT-006,2025-06-18,621.92,Cancelled,Brandenburg
POL-000972,CUST-01594,Kfz,AGT-023,2023-02-14,1101.19,Active,Brandenburg
POL-000973,CUST-01901,Kfz,AGT-031,2023-02-07,832.76,Active,Mecklenburg-Vorpommern
POL-000974,CUST-03664,Haftpflicht,AGT-003,2024-09-03,116.08,Active,Berlin
POL-000975,CUST-02555,Wohngebaeude,AGT-003,2025-05-22,404.62,Lapsed,Hamburg
POL-000976,CUST-01394,Wohngebaeude,AGT-007,2024-08-27,429.46,Active,Bremen
POL-000977,CUST-02026,Kfz,AGT-040,2022-06-27,1227.69,Active,Berlin
POL-000978,CUST-00691,Kfz,AGT-019,2023-01-10,393.24,Active,Bremen
POL-000979,CUST-02033,Kfz,AGT-011,2023-07-02,431.66,Active,Saxony-Anhalt
POL-000980,CUST-02053,Haftpflicht,AGT-025,2023-11-18,103.69,Active,Bremen
POL-000981,CUST-03581,Haftpflicht,AGT-019,2022-01-23,53.24,Active,Saxony-Anhalt
POL-000982,CUST-00561,Hausrat,AGT-027,2024-02-15,219.99,Active,North Rhine-Westphalia
POL-000983,CUST-02113,Kfz,AGT-028,2024-08-15,531.6,Active,Schleswig-Holstein
POL-000984,CUST-00014,Kfz,AGT-039,2022-01-25,1378.22,Active,Thuringia
POL-000985,CUST-03866,Hausrat,AGT-018,2023-10-03,151.52,Active,Mecklenburg-Vorpommern
POL-000986,CUST-02417,Hausrat,AGT-039,2023-04-26,121.04,Active,North Rhine-Westphalia
POL-000987,CUST-00319,Haftpflicht,AGT-017,2023-03-28,78.16,Active,North Rhine-Westphalia
POL-000988,CUST-01203,Kfz,AGT-015,2024-04-20,1123.89,Active,Schleswig-Holstein
POL-000989,CUST-02981,Kfz,AGT-025,2024-07-25,403.79,Active,Bremen
POL-000990,CUST-01051,Wohngebaeude,AGT-027,2023-12-21,814.93,Lapsed,Hesse
POL-000991,CUST-01656,Hausrat,AGT-036,2024-03-05,203.45,Cancelled,Baden-Wuerttemberg
POL-000992,CUST-00357,Haftpflicht,AGT-034,2023-09-01,110.58,Active,North Rhine-Westphalia
POL-000993,CUST-03787,Lebensversicherung,AGT-011,2022-11-02,1296.19,Active,Lower Saxony
POL-000994,CUST-00168,Kfz,AGT-030,2024-11-24,673.47,Active,Mecklenburg-Vorpommern
POL-000995,CUST-03084,Kfz,AGT-028,2023-04-29,731.51,Active,North Rhine-Westphalia
POL-000996,CUST-03748,Kfz,AGT-028,2023-05-23,816.42,Active,Rhineland-Palatinate
POL-000997,CUST-01803,Kfz,AGT-014,2024-03-22,857.2,Active,Mecklenburg-Vorpommern
POL-000998,CUST-00556,Haftpflicht,AGT-012,2022-09-04,83.84,Active,Hamburg
POL-000999,CUST-02632,Haftpflicht,AGT-018,2024-08-31,112.9,Active,Bavaria
POL-001000,CUST-02077,Hausrat,AGT-028,2024-07-14,156.54,Active,Thuringia
POL-001001,CUST-03078,Hausrat,AGT-014,2022-04-06,133.57,Active,Berlin
POL-001002,CUST-02841,Kfz,AGT-040,2022-12-13,1081.19,Lapsed,Saarland
POL-001003,CUST-01290,Lebensversicherung,AGT-021,2022-02-19,1932.16,Lapsed,Brandenburg
POL-001004,CUST-02845,Haftpflicht,AGT-030,2022-10-12,106.27,Active,Hamburg
POL-001005,CUST-01645,Hausrat,AGT-029,2022-06-09,163.56,Active,Mecklenburg-Vorpommern
POL-001006,CUST-01648,Kfz,AGT-011,2022-05-06,1150.66,Active,Bavaria
POL-001007,CUST-03141,Haftpflicht,AGT-033,2025-04-03,86.51,Lapsed,Baden-Wuerttemberg
POL-001008,CUST-03812,Hausrat,AGT-011,2025-03-06,215.12,Active,Hesse
POL-001009,CUST-03152,Haftpflicht,AGT-014,2023-10-24,117.26,Active,Rhineland-Palatinate
POL-001010,CUST-03777,Haftpflicht,AGT-001,2024-07-26,99.0,Active,Brandenburg
POL-001011,CUST-01196,Hausrat,AGT-011,2022-12-18,136.99,Active,Rhineland-Palatinate
POL-001012,CUST-00973,Lebensversicherung,AGT-021,2022-06-28,1784.06,Active,Bavaria
POL-001013,CUST-02501,Kfz,AGT-027,2024-01-05,1163.84,Active,Mecklenburg-Vorpommern
POL-001014,CUST-03357,Haftpflicht,AGT-035,2022-05-11,89.35,Active,Bavaria
POL-001015,CUST-03927,Haftpflicht,AGT-018,2025-05-28,82.44,Active,Schleswig-Holstein
POL-001016,CUST-02857,Hausrat,AGT-010,2023-05-18,214.23,Lapsed,Baden-Wuerttemberg
POL-001017,CUST-01932,Haftpflicht,AGT-033,2025-01-08,48.93,Lapsed,Bavaria
POL-001018,CUST-01111,Haftpflicht,AGT-015,2024-02-11,116.31,Active,Thuringia
POL-001019,CUST-03095,Wohngebaeude,AGT-004,2024-12-16,605.93,Active,Schleswig-Holstein
POL-001020,CUST-02696,Wohngebaeude,AGT-010,2025-04-04,844.71,Lapsed,Baden-Wuerttemberg
POL-001021,CUST-03174,Kfz,AGT-003,2023-02-14,1336.46,Active,North Rhine-Westphalia
POL-001022,CUST-01223,Lebensversicherung,AGT-003,2022-11-16,1206.99,Active,North Rhine-Westphalia
POL-001023,CUST-00129,Kfz,AGT-034,2024-11-16,1010.56,Active,Baden-Wuerttemberg
POL-001024,CUST-00679,Haftpflicht,AGT-039,2024-04-03,52.02,Cancelled,Saxony
POL-001025,CUST-03451,Hausrat,AGT-034,2023-08-30,218.26,Active,Bavaria
POL-001026,CUST-02115,Hausrat,AGT-033,2022-02-09,146.95,Active,Thuringia
POL-001027,CUST-01913,Lebensversicherung,AGT-018,2023-01-12,1711.49,Active,Hamburg
POL-001028,CUST-02808,Haftpflicht,AGT-008,2024-05-16,114.96,Active,Mecklenburg-Vorpommern
POL-001029,CUST-01664,Wohngebaeude,AGT-026,2022-12-18,759.87,Active,North Rhine-Westphalia
POL-001030,CUST-00492,Haftpflicht,AGT-030,2022-02-04,59.21,Active,Saxony
POL-001031,CUST-03692,Lebensversicherung,AGT-017,2024-05-12,728.16,Active,Berlin
POL-001032,CUST-02667,Kfz,AGT-012,2025-05-03,750.56,Active,Thuringia
POL-001033,CUST-00333,Lebensversicherung,AGT-012,2024-09-19,2279.98,Active,Brandenburg
POL-001034,CUST-02694,Wohngebaeude,AGT-024,2022-10-20,408.78,Active,Bavaria
POL-001035,CUST-01879,Haftpflicht,AGT-024,2022-11-16,116.55,Active,Saxony
POL-001036,CUST-01660,Haftpflicht,AGT-004,2023-06-30,85.59,Active,Mecklenburg-Vorpommern
POL-001037,CUST-03762,Hausrat,AGT-019,2024-07-08,60.15,Active,Thuringia
POL-001038,CUST-01454,Kfz,AGT-015,2023-09-24,394.13,Active,Hamburg
POL-001039,CUST-03339,Kfz,AGT-029,2022-06-12,1084.91,Lapsed,Schleswig-Holstein
POL-001040,CUST-03388,Hausrat,AGT-018,2023-05-13,226.0,Lapsed,Hesse
POL-001041,CUST-02042,Kfz,AGT-016,2025-03-13,824.36,Active,Schleswig-Holstein
POL-001042,CUST-00810,Lebensversicherung,AGT-009,2024-03-30,1204.45,Active,North Rhine-Westphalia
POL-001043,CUST-02560,Haftpflicht,AGT-034,2024-08-07,88.35,Active,Baden-Wuerttemberg
POL-001044,CUST-03345,Kfz,AGT-032,2025-04-05,675.93,Cancelled,Saxony
POL-001045,CUST-00762,Kfz,AGT-039,2022-04-14,1348.88,Active,Saxony
POL-001046,CUST-00528,Kfz,AGT-001,2024-04-21,941.86,Active,Mecklenburg-Vorpommern
POL-001047,CUST-02332,Kfz,AGT-038,2024-07-18,1346.06,Active,Berlin
POL-001048,CUST-02417,Wohngebaeude,AGT-039,2024-02-12,627.19,Active,Hesse
POL-001049,CUST-03007,Haftpflicht,AGT-036,2025-05-20,103.29,Active,Thuringia
POL-001050,CUST-01638,Hausrat,AGT-036,2024-09-04,224.38,Active,Saarland
POL-001051,CUST-03199,Haftpflicht,AGT-028,2023-01-19,69.77,Active,Lower Saxony
POL-001052,CUST-02144,Kfz,AGT-017,2024-12-11,531.3,Lapsed,Rhineland-Palatinate
POL-001053,CUST-03056,Kfz,AGT-013,2023-02-14,983.28,Cancelled,Baden-Wuerttemberg
POL-001054,CUST-00121,Kfz,AGT-001,2022-09-16,772.57,Lapsed,Brandenburg
POL-001055,CUST-00602,Kfz,AGT-040,2024-08-13,1326.44,Active,Baden-Wuerttemberg
POL-001056,CUST-02709,Lebensversicherung,AGT-015,2023-09-17,1930.62,Lapsed,Brandenburg
POL-001057,CUST-01231,Hausrat,AGT-008,2025-03-01,73.44,Active,Saarland
POL-001058,CUST-00136,Kfz,AGT-038,2025-01-18,843.58,Active,Hamburg
POL-001059,CUST-03041,Hausrat,AGT-009,2024-02-25,116.45,Active,Bavaria
POL-001060,CUST-00749,Kfz,AGT-015,2022-11-06,408.39,Active,Rhineland-Palatinate
POL-001061,CUST-01754,Kfz,AGT-039,2024-09-19,1392.99,Cancelled,Lower Saxony
POL-001062,CUST-02542,Hausrat,AGT-026,2023-06-19,166.15,Active,North Rhine-Westphalia
POL-001063,CUST-00540,Hausrat,AGT-001,2024-01-28,136.44,Active,Saxony-Anhalt
POL-001064,CUST-01674,Kfz,AGT-027,2022-01-06,821.0,Active,Hamburg
POL-001065,CUST-03132,Haftpflicht,AGT-019,2024-09-10,52.23,Lapsed,Bavaria
POL-001066,CUST-00494,Kfz,AGT-011,2023-09-22,865.29,Active,Baden-Wuerttemberg
POL-001067,CUST-01294,Hausrat,AGT-026,2024-09-14,185.49,Active,North Rhine-Westphalia
POL-001068,CUST-00695,Haftpflicht,AGT-005,2024-10-12,55.72,Active,Saxony-Anhalt
POL-001069,CUST-02358,Kfz,AGT-012,2024-05-08,440.47,Cancelled,Hesse
POL-001070,CUST-02392,Hausrat,AGT-039,2025-06-27,201.4,Active,Berlin
POL-001071,CUST-00166,Haftpflicht,AGT-013,2023-02-01,56.8,Active,Saxony
POL-001072,CUST-01838,Wohngebaeude,AGT-019,2023-09-28,392.54,Active,Bavaria
POL-001073,CUST-01819,Hausrat,AGT-035,2024-10-07,141.94,Active,Hesse
POL-001074,CUST-03781,Hausrat,AGT-001,2023-10-08,247.42,Active,Saarland
POL-001075,CUST-02492,Haftpflicht,AGT-005,2022-06-06,102.19,Lapsed,North Rhine-Westphalia
POL-001076,CUST-03994,Lebensversicherung,AGT-023,2025-02-15,2177.33,Active,Rhineland-Palatinate
POL-001077,CUST-02430,Lebensversicherung,AGT-023,2022-12-07,2200.53,Active,Saxony-Anhalt
POL-001078,CUST-03334,Haftpflicht,AGT-005,2023-06-08,42.96,Active,Saxony-Anhalt
POL-001079,CUST-03040,Haftpflicht,AGT-006,2023-12-07,67.71,Active,Lower Saxony
POL-001080,CUST-02943,Kfz,AGT-040,2024-07-14,623.6,Active,Saxony-Anhalt
POL-001081,CUST-00193,Kfz,AGT-032,2022-08-28,1317.92,Lapsed,Bavaria
POL-001082,CUST-03655,Kfz,AGT-001,2022-01-24,967.22,Active,Thuringia
POL-001083,CUST-00076,Wohngebaeude,AGT-016,2022-08-29,577.7,Active,Hesse
POL-001084,CUST-00857,Kfz,AGT-038,2025-01-10,375.34,Active,Saxony
POL-001085,CUST-01523,Hausrat,AGT-035,2022-03-23,105.32,Active,Schleswig-Holstein
POL-001086,CUST-02188,Hausrat,AGT-035,2022-02-13,185.41,Active,Mecklenburg-Vorpommern
POL-001087,CUST-00371,Kfz,AGT-025,2025-05-30,1082.71,Active,Hamburg
POL-001088,CUST-02959,Hausrat,AGT-016,2023-02-28,224.72,Active,Hamburg
POL-001089,CUST-02478,Kfz,AGT-030,2022-04-24,1329.17,Active,Bavaria
POL-001090,CUST-03122,Haftpflicht,AGT-028,2024-11-04,112.0,Active,Saarland
POL-001091,CUST-00169,Lebensversicherung,AGT-008,2022-03-29,1612.48,Active,Baden-Wuerttemberg
POL-001092,CUST-00324,Haftpflicht,AGT-006,2023-08-01,109.25,Active,Hesse
POL-001093,CUST-01374,Wohngebaeude,AGT-035,2024-02-15,270.18,Active,Thuringia
POL-001094,CUST-01636,Haftpflicht,AGT-016,2023-12-04,53.04,Active,Lower Saxony
POL-001095,CUST-01863,Kfz,AGT-011,2024-04-05,383.97,Active,Thuringia
POL-001096,CUST-01950,Kfz,AGT-031,2024-08-21,1062.03,Cancelled,Saxony-Anhalt
POL-001097,CUST-02860,Hausrat,AGT-004,2023-08-30,151.25,Lapsed,Hesse
POL-001098,CUST-03075,Wohngebaeude,AGT-005,2023-02-07,255.95,Active,Baden-Wuerttemberg
POL-001099,CUST-00999,Wohngebaeude,AGT-037,2025-03-18,437.27,Active,Saarland
POL-001100,CUST-01669,Wohngebaeude,AGT-012,2024-04-15,292.59,Active,Mecklenburg-Vorpommern
POL-001101,CUST-00056,Lebensversicherung,AGT-009,2024-01-15,810.6,Active,Baden-Wuerttemberg
POL-001102,CUST-01532,Hausrat,AGT-032,2023-09-09,63.12,Lapsed,Bremen
POL-001103,CUST-00199,Kfz,AGT-022,2024-03-06,892.78,Cancelled,North Rhine-Westphalia
POL-001104,CUST-00978,Haftpflicht,AGT-028,2022-03-27,71.7,Lapsed,Saxony-Anhalt
POL-001105,CUST-00360,Kfz,AGT-028,2024-12-23,1281.45,Active,Bavaria
POL-001106,CUST-03521,Hausrat,AGT-014,2025-04-18,82.93,Active,Lower Saxony
POL-001107,CUST-00972,Lebensversicherung,AGT-002,2022-05-01,2072.09,Active,Hesse
POL-001108,CUST-02821,Kfz,AGT-013,2023-06-22,705.91,Active,Bremen
POL-001109,CUST-02448,Hausrat,AGT-024,2025-03-10,148.82,Active,Lower Saxony
POL-001110,CUST-00171,Haftpflicht,AGT-004,2023-01-18,117.53,Active,Hamburg
POL-001111,CUST-03338,Kfz,AGT-032,2024-08-07,716.26,Cancelled,Thuringia
POL-001112,CUST-02419,Kfz,AGT-009,2023-07-14,1380.56,Active,Brandenburg
POL-001113,CUST-01169,Hausrat,AGT-022,2025-05-23,113.49,Active,Baden-Wuerttemberg
POL-001114,CUST-00495,Kfz,AGT-036,2022-02-03,1012.15,Active,Saxony-Anhalt
POL-001115,CUST-03631,Hausrat,AGT-019,2024-12-20,100.16,Active,Mecklenburg-Vorpommern
POL-001116,CUST-02446,Lebensversicherung,AGT-024,2022-11-18,2207.3,Active,Saarland
POL-001117,CUST-01669,Hausrat,AGT-025,2022-04-18,119.83,Active,Hamburg
POL-001118,CUST-01269,Kfz,AGT-035,2024-05-10,1232.37,Active,Bremen
POL-001119,CUST-00632,Kfz,AGT-027,2024-07-08,1256.88,Lapsed,Mecklenburg-Vorpommern
POL-001120,CUST-00258,Kfz,AGT-024,2023-02-07,720.99,Active,Bavaria
POL-001121,CUST-00278,Kfz,AGT-029,2023-02-12,1064.94,Active,Baden-Wuerttemberg
POL-001122,CUST-00222,Haftpflicht,AGT-023,2022-07-12,65.28,Active,North Rhine-Westphalia
POL-001123,CUST-00308,Haftpflicht,AGT-014,2023-01-03,60.45,Active,Thuringia
POL-001124,CUST-02907,Kfz,AGT-025,2025-03-07,628.62,Cancelled,Saxony-Anhalt
POL-001125,CUST-03760,Kfz,AGT-030,2023-10-18,1079.12,Active,Thuringia
POL-001126,CUST-03012,Hausrat,AGT-006,2022-09-10,168.81,Active,Mecklenburg-Vorpommern
POL-001127,CUST-01658,Haftpflicht,AGT-038,2023-09-08,107.81,Active,Thuringia
POL-001128,CUST-00798,Haftpflicht,AGT-021,2022-09-10,84.3,Active,Saarland
POL-001129,CUST-02241,Kfz,AGT-001,2025-02-19,833.01,Active,Bremen
POL-001130,CUST-03056,Kfz,AGT-031,2023-01-16,1369.1,Lapsed,Baden-Wuerttemberg
POL-001131,CUST-03301,Haftpflicht,AGT-007,2023-05-16,108.44,Active,Saxony
POL-001132,CUST-00991,Kfz,AGT-014,2024-01-08,804.11,Active,Hesse
POL-001133,CUST-00872,Hausrat,AGT-009,2025-05-21,192.73,Active,Mecklenburg-Vorpommern
POL-001134,CUST-02297,Kfz,AGT-009,2022-03-23,545.35,Active,Saxony
POL-001135,CUST-03521,Wohngebaeude,AGT-038,2024-07-31,463.24,Active,Schleswig-Holstein
POL-001136,CUST-02548,Kfz,AGT-011,2024-08-27,1314.37,Active,Thuringia
POL-001137,CUST-02810,Hausrat,AGT-012,2022-04-06,85.97,Active,Lower Saxony
POL-001138,CUST-02527,Kfz,AGT-013,2022-01-01,418.52,Active,Saxony
POL-001139,CUST-03939,Haftpflicht,AGT-020,2023-08-24,51.06,Active,Baden-Wuerttemberg
POL-001140,CUST-02491,Hausrat,AGT-001,2024-12-11,88.38,Lapsed,Saarland
POL-001141,CUST-01345,Kfz,AGT-018,2023-10-20,1255.12,Active,Hesse
POL-001142,CUST-01813,Wohngebaeude,AGT-021,2022-04-28,840.39,Active,Baden-Wuerttemberg
POL-001143,CUST-00016,Kfz,AGT-026,2023-03-29,480.53,Lapsed,Rhineland-Palatinate
POL-001144,CUST-03107,Kfz,AGT-028,2022-11-13,543.52,Cancelled,Hesse
POL-001145,CUST-01913,Wohngebaeude,AGT-014,2024-10-06,514.58,Active,Baden-Wuerttemberg
POL-001146,CUST-00139,Haftpflicht,AGT-026,2024-11-02,95.99,Active,Brandenburg
POL-001147,CUST-01815,Hausrat,AGT-001,2022-02-27,235.85,Active,Saxony-Anhalt
POL-001148,CUST-01373,Kfz,AGT-040,2024-02-15,1187.45,Active,Brandenburg
POL-001149,CUST-03376,Kfz,AGT-003,2023-08-13,439.06,Active,Brandenburg
POL-001150,CUST-01107,Hausrat,AGT-002,2022-09-28,230.58,Active,Hamburg
POL-001151,CUST-01754,Haftpflicht,AGT-030,2024-01-22,80.51,Active,Saxony-Anhalt
POL-001152,CUST-01761,Haftpflicht,AGT-011,2022-01-05,107.35,Active,North Rhine-Westphalia
POL-001153,CUST-02083,Kfz,AGT-023,2024-04-09,550.46,Active,Mecklenburg-Vorpommern
POL-001154,CUST-02986,Wohngebaeude,AGT-005,2023-06-22,862.1,Active,Bremen
POL-001155,CUST-02402,Kfz,AGT-014,2025-05-03,859.99,Active,Berlin
POL-001156,CUST-03067,Lebensversicherung,AGT-037,2025-03-14,1794.66,Lapsed,Schleswig-Holstein
POL-001157,CUST-01056,Wohngebaeude,AGT-039,2025-05-10,752.72,Lapsed,Hamburg
POL-001158,CUST-03334,Kfz,AGT-021,2025-06-24,1283.18,Active,Brandenburg
POL-001159,CUST-01708,Haftpflicht,AGT-028,2023-03-02,51.43,Active,Hesse
POL-001160,CUST-01054,Kfz,AGT-025,2023-04-01,1374.13,Active,Lower Saxony
POL-001161,CUST-03828,Kfz,AGT-035,2025-01-27,965.01,Lapsed,Baden-Wuerttemberg
POL-001162,CUST-01181,Hausrat,AGT-036,2022-08-02,122.61,Cancelled,Rhineland-Palatinate
POL-001163,CUST-00748,Kfz,AGT-029,2022-01-09,1084.79,Active,Saxony
POL-001164,CUST-03983,Kfz,AGT-034,2023-01-31,1207.45,Active,Brandenburg
POL-001165,CUST-03644,Lebensversicherung,AGT-011,2023-09-07,679.77,Active,Bremen
POL-001166,CUST-02103,Hausrat,AGT-033,2024-10-03,72.2,Active,Hesse
POL-001167,CUST-02659,Kfz,AGT-031,2024-12-12,1025.11,Active,Brandenburg
POL-001168,CUST-02858,Kfz,AGT-005,2024-12-05,401.95,Cancelled,Berlin
POL-001169,CUST-01516,Hausrat,AGT-026,2023-06-08,169.35,Active,Schleswig-Holstein
POL-001170,CUST-02813,Haftpflicht,AGT-029,2023-10-27,81.23,Active,Mecklenburg-Vorpommern
POL-001171,CUST-00016,Kfz,AGT-040,2025-01-14,603.51,Lapsed,Bremen
POL-001172,CUST-00208,Kfz,AGT-035,2024-03-19,1194.18,Active,Hesse
POL-001173,CUST-00031,Haftpflicht,AGT-007,2024-02-26,72.06,Active,Saxony-Anhalt
POL-001174,CUST-01665,Wohngebaeude,AGT-018,2024-07-09,679.07,Active,Mecklenburg-Vorpommern
POL-001175,CUST-01443,Kfz,AGT-007,2024-01-05,1282.89,Cancelled,Saxony
POL-001176,CUST-00029,Kfz,AGT-004,2024-06-01,638.33,Active,Bremen
POL-001177,CUST-03506,Kfz,AGT-009,2024-04-29,1198.77,Active,North Rhine-Westphalia
POL-001178,CUST-01046,Haftpflicht,AGT-021,2024-04-29,70.61,Active,Saxony
POL-001179,CUST-03154,Wohngebaeude,AGT-033,2023-09-12,382.01,Active,Saarland
POL-001180,CUST-03474,Lebensversicherung,AGT-013,2022-01-11,616.18,Active,Hamburg
POL-001181,CUST-03177,Wohngebaeude,AGT-015,2024-05-22,211.89,Lapsed,Saarland
POL-001182,CUST-03926,Wohngebaeude,AGT-016,2022-05-11,516.84,Active,North Rhine-Westphalia
POL-001183,CUST-01097,Wohngebaeude,AGT-010,2023-09-03,766.92,Lapsed,Hamburg
POL-001184,CUST-01364,Kfz,AGT-004,2022-04-03,1187.18,Active,Rhineland-Palatinate
POL-001185,CUST-01139,Kfz,AGT-005,2025-05-31,1165.7,Active,Bavaria
POL-001186,CUST-03374,Haftpflicht,AGT-039,2024-06-06,91.04,Active,Saarland
POL-001187,CUST-00553,Wohngebaeude,AGT-018,2025-03-25,814.35,Active,Hesse
POL-001188,CUST-01595,Haftpflicht,AGT-040,2022-08-13,56.78,Active,Bavaria
POL-001189,CUST-01450,Kfz,AGT-025,2022-03-28,837.24,Active,Saarland
POL-001190,CUST-00059,Kfz,AGT-037,2024-11-09,1372.37,Active,Rhineland-Palatinate
POL-001191,CUST-02395,Haftpflicht,AGT-036,2022-02-08,111.06,Active,Hamburg
POL-001192,CUST-00603,Kfz,AGT-003,2025-06-17,613.52,Lapsed,Baden-Wuerttemberg
POL-001193,CUST-03125,Haftpflicht,AGT-009,2024-12-22,88.04,Active,Schleswig-Holstein
POL-001194,CUST-03459,Hausrat,AGT-020,2022-02-05,149.04,Active,Rhineland-Palatinate
POL-001195,CUST-01930,Kfz,AGT-019,2024-06-20,1048.24,Active,Bremen
POL-001196,CUST-00466,Haftpflicht,AGT-020,2024-01-19,116.45,Active,Hamburg
POL-001197,CUST-00826,Hausrat,AGT-001,2024-12-06,197.11,Active,Hesse
POL-001198,CUST-02130,Wohngebaeude,AGT-026,2023-10-18,750.7,Active,Schleswig-Holstein
POL-001199,CUST-02649,Kfz,AGT-015,2024-05-10,517.13,Active,Hamburg
POL-001200,CUST-01544,Kfz,AGT-040,2024-01-09,1108.7,Active,Saxony
POL-001201,CUST-02115,Haftpflicht,AGT-014,2024-09-11,63.4,Active,Bremen
POL-001202,CUST-00745,Kfz,AGT-038,2022-01-06,753.15,Active,Baden-Wuerttemberg
POL-001203,CUST-03270,Haftpflicht,AGT-006,2024-12-20,113.87,Active,Hesse
POL-001204,CUST-03373,Kfz,AGT-024,2022-10-28,1280.67,Lapsed,Brandenburg
POL-001205,CUST-00096,Haftpflicht,AGT-027,2025-01-28,87.5,Cancelled,Rhineland-Palatinate
POL-001206,CUST-01941,Kfz,AGT-008,2022-10-23,581.07,Active,Bavaria
POL-001207,CUST-02783,Lebensversicherung,AGT-037,2022-12-17,801.6,Active,Hamburg
POL-001208,CUST-02927,Kfz,AGT-035,2023-07-13,1266.57,Active,Bremen
POL-001209,CUST-01909,Kfz,AGT-029,2025-02-04,644.6,Active,Schleswig-Holstein
POL-001210,CUST-01286,Kfz,AGT-021,2024-06-30,791.76,Active,Baden-Wuerttemberg
POL-001211,CUST-02808,Lebensversicherung,AGT-003,2025-01-20,1489.73,Lapsed,Berlin
POL-001212,CUST-00266,Haftpflicht,AGT-021,2022-05-16,68.22,Active,North Rhine-Westphalia
POL-001213,CUST-02493,Haftpflicht,AGT-025,2023-09-12,69.57,Active,Berlin
POL-001214,CUST-01684,Haftpflicht,AGT-014,2025-02-01,80.94,Active,Hesse
POL-001215,CUST-00619,Lebensversicherung,AGT-016,2024-09-07,1176.91,Active,Lower Saxony
POL-001216,CUST-03481,Kfz,AGT-022,2025-05-19,379.25,Active,Lower Saxony
POL-001217,CUST-02212,Kfz,AGT-034,2025-03-07,1029.39,Active,Lower Saxony
POL-001218,CUST-00109,Haftpflicht,AGT-032,2022-10-02,105.24,Active,Mecklenburg-Vorpommern
POL-001219,CUST-00486,Haftpflicht,AGT-004,2025-05-05,42.93,Active,Hesse
POL-001220,CUST-00590,Kfz,AGT-025,2022-10-28,968.95,Active,Rhineland-Palatinate
POL-001221,CUST-03480,Kfz,AGT-028,2024-11-13,1045.89,Active,Bremen
POL-001222,CUST-00182,Lebensversicherung,AGT-027,2023-05-12,1870.47,Active,Bremen
POL-001223,CUST-03207,Haftpflicht,AGT-015,2024-04-27,108.98,Cancelled,Berlin
POL-001224,CUST-01995,Kfz,AGT-029,2024-07-02,363.93,Active,Lower Saxony
POL-001225,CUST-01349,Hausrat,AGT-022,2023-03-23,79.03,Active,Thuringia
POL-001226,CUST-02637,Haftpflicht,AGT-006,2022-03-09,68.6,Active,Rhineland-Palatinate
POL-001227,CUST-01275,Haftpflicht,AGT-024,2023-07-28,61.07,Cancelled,Berlin
POL-001228,CUST-01264,Kfz,AGT-031,2022-06-06,676.93,Cancelled,Lower Saxony
POL-001229,CUST-03250,Hausrat,AGT-021,2023-04-10,245.78,Lapsed,Berlin
POL-001230,CUST-02572,Haftpflicht,AGT-026,2024-06-28,49.11,Lapsed,Baden-Wuerttemberg
POL-001231,CUST-03598,Hausrat,AGT-029,2025-04-08,181.39,Active,North Rhine-Westphalia
POL-001232,CUST-03988,Wohngebaeude,AGT-020,2022-10-19,362.48,Lapsed,Schleswig-Holstein
POL-001233,CUST-01688,Haftpflicht,AGT-031,2024-11-15,63.35,Active,Brandenburg
POL-001234,CUST-01734,Kfz,AGT-028,2023-04-20,1210.37,Cancelled,Bavaria
POL-001235,CUST-02512,Kfz,AGT-021,2023-03-23,1334.51,Active,Saarland
POL-001236,CUST-01455,Haftpflicht,AGT-038,2023-03-03,109.49,Cancelled,Saxony-Anhalt
POL-001237,CUST-02881,Haftpflicht,AGT-010,2022-11-25,88.11,Active,Rhineland-Palatinate
POL-001238,CUST-03171,Kfz,AGT-014,2024-03-16,1359.82,Active,Hesse
POL-001239,CUST-01509,Haftpflicht,AGT-020,2022-07-01,66.51,Active,Rhineland-Palatinate
POL-001240,CUST-03501,Kfz,AGT-024,2023-09-07,444.99,Active,Saxony-Anhalt
POL-001241,CUST-02389,Hausrat,AGT-028,2023-06-05,162.13,Lapsed,Bavaria
POL-001242,CUST-03256,Lebensversicherung,AGT-025,2023-03-01,959.76,Lapsed,Schleswig-Holstein
POL-001243,CUST-02590,Haftpflicht,AGT-037,2022-09-08,67.63,Active,Brandenburg
POL-001244,CUST-03818,Hausrat,AGT-040,2024-09-24,110.87,Active,Baden-Wuerttemberg
POL-001245,CUST-00662,Haftpflicht,AGT-011,2023-11-21,41.05,Active,Lower Saxony
POL-001246,CUST-03417,Haftpflicht,AGT-019,2025-02-04,45.74,Lapsed,Lower Saxony
POL-001247,CUST-02735,Kfz,AGT-031,2023-09-07,1229.67,Active,North Rhine-Westphalia
POL-001248,CUST-00834,Hausrat,AGT-032,2023-06-07,215.29,Lapsed,Brandenburg
POL-001249,CUST-02945,Kfz,AGT-009,2022-09-21,971.07,Active,Brandenburg
POL-001250,CUST-03157,Hausrat,AGT-002,2023-05-10,244.51,Lapsed,Hamburg
POL-001251,CUST-03069,Lebensversicherung,AGT-002,2023-12-14,2432.34,Active,Mecklenburg-Vorpommern
POL-001252,CUST-03649,Hausrat,AGT-013,2023-01-19,82.15,Active,Bremen
POL-001253,CUST-01702,Haftpflicht,AGT-027,2025-05-13,99.7,Active,Baden-Wuerttemberg
POL-001254,CUST-03749,Kfz,AGT-016,2023-10-04,1133.94,Active,North Rhine-Westphalia
POL-001255,CUST-02863,Kfz,AGT-015,2022-09-20,490.32,Active,North Rhine-Westphalia
POL-001256,CUST-03982,Kfz,AGT-028,2023-03-04,1111.46,Active,Hamburg
POL-001257,CUST-00385,Haftpflicht,AGT-031,2025-06-18,99.23,Lapsed,Baden-Wuerttemberg
POL-001258,CUST-01654,Kfz,AGT-008,2023-09-16,639.88,Active,Bavaria
POL-001259,CUST-03516,Hausrat,AGT-023,2023-03-09,106.61,Active,Brandenburg
POL-001260,CUST-01259,Wohngebaeude,AGT-009,2024-01-09,504.0,Lapsed,Mecklenburg-Vorpommern
POL-001261,CUST-01009,Wohngebaeude,AGT-032,2022-08-14,584.71,Active,Mecklenburg-Vorpommern
POL-001262,CUST-03074,Kfz,AGT-023,2025-03-08,963.78,Active,Mecklenburg-Vorpommern
POL-001263,CUST-03105,Wohngebaeude,AGT-011,2023-11-17,449.21,Active,Saarland
POL-001264,CUST-01077,Hausrat,AGT-006,2024-02-09,221.65,Active,North Rhine-Westphalia
POL-001265,CUST-03985,Kfz,AGT-012,2025-01-26,689.55,Active,Thuringia
POL-001266,CUST-03203,Kfz,AGT-018,2023-03-03,1223.33,Active,Schleswig-Holstein
POL-001267,CUST-00740,Wohngebaeude,AGT-035,2024-03-28,536.78,Lapsed,Rhineland-Palatinate
POL-001268,CUST-00988,Haftpflicht,AGT-015,2023-09-08,77.51,Active,Saxony-Anhalt
POL-001269,CUST-01976,Kfz,AGT-019,2022-06-21,742.48,Active,Berlin
POL-001270,CUST-02854,Kfz,AGT-038,2022-07-10,470.18,Active,Bremen
POL-001271,CUST-00549,Haftpflicht,AGT-001,2023-10-11,57.09,Active,Thuringia
POL-001272,CUST-01784,Kfz,AGT-028,2024-06-21,870.32,Active,Berlin
POL-001273,CUST-02057,Kfz,AGT-004,2024-12-18,1194.61,Active,Saarland
POL-001274,CUST-02386,Lebensversicherung,AGT-006,2022-06-25,986.44,Active,Baden-Wuerttemberg
POL-001275,CUST-01690,Kfz,AGT-011,2024-06-06,855.45,Active,Bavaria
POL-001276,CUST-01869,Haftpflicht,AGT-007,2025-01-28,46.21,Active,Mecklenburg-Vorpommern
POL-001277,CUST-00528,Hausrat,AGT-022,2023-10-18,140.42,Active,North Rhine-Westphalia
POL-001278,CUST-00010,Haftpflicht,AGT-010,2025-01-27,92.14,Lapsed,Berlin
POL-001279,CUST-01079,Kfz,AGT-012,2022-05-28,740.9,Active,Berlin
POL-001280,CUST-00800,Kfz,AGT-004,2022-03-10,405.43,Active,Hamburg
POL-001281,CUST-00078,Wohngebaeude,AGT-021,2023-11-18,836.97,Lapsed,Hesse
POL-001282,CUST-03229,Kfz,AGT-010,2022-07-15,450.63,Active,Hamburg
POL-001283,CUST-01049,Haftpflicht,AGT-021,2022-07-31,65.2,Active,Hesse
POL-001284,CUST-01024,Kfz,AGT-014,2024-04-02,795.64,Lapsed,Hesse
POL-001285,CUST-00130,Kfz,AGT-021,2022-10-07,641.77,Active,Hesse
POL-001286,CUST-01548,Kfz,AGT-009,2022-12-27,399.55,Active,Lower Saxony
POL-001287,CUST-03483,Lebensversicherung,AGT-005,2025-06-11,1966.52,Active,Berlin
POL-001288,CUST-02359,Kfz,AGT-007,2023-09-21,569.53,Active,Saxony
POL-001289,CUST-03985,Haftpflicht,AGT-008,2024-11-24,70.31,Lapsed,Saxony
POL-001290,CUST-03410,Kfz,AGT-027,2025-05-09,616.87,Active,Thuringia
POL-001291,CUST-01638,Kfz,AGT-020,2023-09-16,544.95,Active,Brandenburg
POL-001292,CUST-00710,Hausrat,AGT-017,2024-05-26,210.68,Active,Hamburg
POL-001293,CUST-00224,Haftpflicht,AGT-038,2023-07-03,53.91,Cancelled,Rhineland-Palatinate
POL-001294,CUST-01940,Haftpflicht,AGT-016,2024-07-18,90.93,Active,Saxony-Anhalt
POL-001295,CUST-01460,Kfz,AGT-026,2024-08-24,1221.9,Lapsed,Baden-Wuerttemberg
POL-001296,CUST-03932,Kfz,AGT-026,2022-12-30,1397.14,Active,Thuringia
POL-001297,CUST-03130,Haftpflicht,AGT-025,2022-05-16,61.4,Cancelled,Saxony-Anhalt
POL-001298,CUST-03753,Wohngebaeude,AGT-027,2024-11-12,242.41,Active,Lower Saxony
POL-001299,CUST-01657,Kfz,AGT-038,2024-01-27,580.13,Active,Saxony
POL-001300,CUST-03887,Kfz,AGT-018,2024-06-23,1166.33,Cancelled,Mecklenburg-Vorpommern
POL-001301,CUST-01385,Haftpflicht,AGT-014,2023-10-13,93.35,Active,Hamburg
POL-001302,CUST-01389,Kfz,AGT-016,2025-03-26,929.02,Active,Berlin
POL-001303,CUST-02427,Wohngebaeude,AGT-010,2024-03-06,545.7,Active,Thuringia
POL-001304,CUST-03537,Haftpflicht,AGT-027,2022-11-17,91.28,Cancelled,Rhineland-Palatinate
POL-001305,CUST-01174,Kfz,AGT-027,2023-03-12,1337.2,Active,Hamburg
POL-001306,CUST-03215,Kfz,AGT-007,2025-03-29,377.44,Active,Hesse
POL-001307,CUST-00969,Kfz,AGT-040,2024-08-21,969.75,Active,Baden-Wuerttemberg
POL-001308,CUST-02760,Haftpflicht,AGT-033,2023-12-27,108.84,Active,Mecklenburg-Vorpommern
POL-001309,CUST-02846,Wohngebaeude,AGT-030,2024-11-21,659.05,Active,Rhineland-Palatinate
POL-001310,CUST-01555,Kfz,AGT-004,2023-03-03,847.68,Active,Saxony
POL-001311,CUST-01122,Hausrat,AGT-035,2022-01-09,239.17,Active,Saarland
POL-001312,CUST-00574,Lebensversicherung,AGT-025,2022-02-09,1523.05,Active,Berlin
POL-001313,CUST-01632,Kfz,AGT-013,2022-09-08,1378.0,Active,Brandenburg
POL-001314,CUST-01325,Wohngebaeude,AGT-018,2024-06-24,477.8,Lapsed,Saxony
POL-001315,CUST-01661,Haftpflicht,AGT-014,2023-08-31,67.56,Lapsed,Berlin
POL-001316,CUST-03813,Haftpflicht,AGT-038,2024-07-31,51.1,Lapsed,Brandenburg
POL-001317,CUST-01075,Kfz,AGT-033,2024-03-20,1211.69,Lapsed,Baden-Wuerttemberg
POL-001318,CUST-01695,Lebensversicherung,AGT-025,2022-08-13,699.35,Active,Bremen
POL-001319,CUST-02754,Kfz,AGT-002,2024-04-19,824.07,Active,Rhineland-Palatinate
POL-001320,CUST-00135,Kfz,AGT-007,2023-03-28,980.09,Cancelled,Lower Saxony
POL-001321,CUST-01644,Kfz,AGT-016,2025-03-15,378.92,Active,Schleswig-Holstein
POL-001322,CUST-00334,Hausrat,AGT-013,2022-03-11,204.67,Active,Schleswig-Holstein
POL-001323,CUST-02728,Lebensversicherung,AGT-027,2023-03-18,1347.72,Lapsed,Berlin
POL-001324,CUST-00412,Lebensversicherung,AGT-019,2023-07-15,1473.65,Active,Schleswig-Holstein
POL-001325,CUST-03543,Kfz,AGT-028,2022-05-08,1352.76,Active,Berlin
POL-001326,CUST-00374,Kfz,AGT-007,2023-05-30,1304.15,Active,Brandenburg
POL-001327,CUST-00341,Haftpflicht,AGT-002,2025-04-23,93.03,Active,Brandenburg
POL-001328,CUST-00159,Hausrat,AGT-010,2022-11-27,229.79,Active,Hamburg
POL-001329,CUST-02230,Wohngebaeude,AGT-003,2022-09-01,482.94,Active,Baden-Wuerttemberg
POL-001330,CUST-01196,Wohngebaeude,AGT-010,2025-05-18,227.69,Active,Berlin
POL-001331,CUST-01070,Kfz,AGT-010,2023-11-06,667.48,Cancelled,Berlin
POL-001332,CUST-02849,Kfz,AGT-031,2022-06-02,796.74,Active,Lower Saxony
POL-001333,CUST-03772,Haftpflicht,AGT-035,2025-04-26,47.98,Active,Baden-Wuerttemberg
POL-001334,CUST-02875,Kfz,AGT-006,2024-09-11,453.83,Lapsed,Lower Saxony
POL-001335,CUST-00401,Kfz,AGT-038,2022-10-04,1171.83,Active,Bavaria
POL-001336,CUST-02741,Lebensversicherung,AGT-001,2023-09-14,2293.67,Active,Baden-Wuerttemberg
POL-001337,CUST-02186,Kfz,AGT-030,2022-09-02,489.15,Lapsed,Brandenburg
POL-001338,CUST-00308,Kfz,AGT-039,2024-09-19,1330.58,Active,Hamburg
POL-001339,CUST-01559,Haftpflicht,AGT-019,2024-11-10,69.48,Lapsed,Berlin
POL-001340,CUST-03949,Hausrat,AGT-006,2023-05-05,165.28,Active,Saarland
POL-001341,CUST-01553,Kfz,AGT-008,2022-08-16,1040.5,Lapsed,Brandenburg
POL-001342,CUST-01164,Kfz,AGT-004,2022-11-07,474.92,Active,Rhineland-Palatinate
POL-001343,CUST-00211,Kfz,AGT-027,2023-11-19,578.68,Active,Hamburg
POL-001344,CUST-01666,Lebensversicherung,AGT-036,2023-01-15,1154.78,Active,Saxony-Anhalt
POL-001345,CUST-02687,Kfz,AGT-032,2023-10-24,534.28,Active,Baden-Wuerttemberg
POL-001346,CUST-02952,Kfz,AGT-005,2024-01-15,647.15,Cancelled,Bremen
POL-001347,CUST-01131,Haftpflicht,AGT-034,2025-05-08,96.38,Active,Saxony-Anhalt
POL-001348,CUST-02336,Haftpflicht,AGT-039,2025-05-23,62.59,Active,North Rhine-Westphalia
POL-001349,CUST-02576,Kfz,AGT-022,2022-08-06,970.39,Active,Saxony-Anhalt
POL-001350,CUST-01492,Lebensversicherung,AGT-033,2024-04-03,758.06,Active,Hesse
POL-001351,CUST-02968,Wohngebaeude,AGT-006,2023-01-13,513.78,Active,Mecklenburg-Vorpommern
POL-001352,CUST-00107,Haftpflicht,AGT-017,2024-01-11,72.41,Active,Bavaria
POL-001353,CUST-03519,Haftpflicht,AGT-018,2022-03-29,46.64,Active,Rhineland-Palatinate
POL-001354,CUST-03915,Kfz,AGT-027,2024-02-14,884.71,Lapsed,Schleswig-Holstein
POL-001355,CUST-03310,Kfz,AGT-007,2024-11-14,817.33,Lapsed,Bavaria
POL-001356,CUST-02456,Lebensversicherung,AGT-004,2024-04-23,1200.19,Active,Lower Saxony
POL-001357,CUST-01933,Haftpflicht,AGT-027,2025-01-03,51.26,Active,Lower Saxony
POL-001358,CUST-00586,Kfz,AGT-036,2022-11-27,497.01,Active,Saxony
POL-001359,CUST-01138,Haftpflicht,AGT-031,2023-08-05,41.05,Active,Hesse
POL-001360,CUST-02421,Haftpflicht,AGT-039,2024-01-04,119.99,Active,Bavaria
POL-001361,CUST-02271,Kfz,AGT-018,2022-03-21,1112.6,Active,Lower Saxony
POL-001362,CUST-03834,Kfz,AGT-016,2022-07-28,1089.76,Active,Bavaria
POL-001363,CUST-03962,Wohngebaeude,AGT-029,2023-10-06,335.97,Cancelled,Saxony
POL-001364,CUST-03783,Hausrat,AGT-001,2024-12-22,172.49,Lapsed,Hamburg
POL-001365,CUST-02280,Kfz,AGT-003,2024-01-07,1354.33,Active,Bremen
POL-001366,CUST-02214,Haftpflicht,AGT-002,2022-03-01,50.21,Lapsed,Bavaria
POL-001367,CUST-03728,Wohngebaeude,AGT-022,2022-07-29,635.44,Active,Baden-Wuerttemberg
POL-001368,CUST-02092,Hausrat,AGT-007,2022-09-16,209.46,Cancelled,Schleswig-Holstein
POL-001369,CUST-01861,Kfz,AGT-019,2025-02-12,780.49,Active,Hesse
POL-001370,CUST-02089,Haftpflicht,AGT-036,2022-12-25,46.8,Cancelled,Rhineland-Palatinate
POL-001371,CUST-02039,Kfz,AGT-036,2023-03-31,1143.81,Active,Bavaria
POL-001372,CUST-02397,Hausrat,AGT-008,2023-04-11,148.29,Active,Lower Saxony
POL-001373,CUST-02944,Kfz,AGT-029,2025-06-24,1111.65,Active,Rhineland-Palatinate
POL-001374,CUST-00057,Wohngebaeude,AGT-021,2024-04-04,617.38,Lapsed,Thuringia
POL-001375,CUST-02427,Lebensversicherung,AGT-037,2024-10-06,2025.35,Active,Bavaria
POL-001376,CUST-03666,Haftpflicht,AGT-001,2023-07-24,54.93,Lapsed,Hamburg
POL-001377,CUST-01472,Haftpflicht,AGT-010,2022-04-11,95.16,Active,Hamburg
POL-001378,CUST-01592,Kfz,AGT-022,2022-05-17,1114.28,Active,Rhineland-Palatinate
POL-001379,CUST-03661,Kfz,AGT-003,2023-07-14,739.82,Active,Thuringia
POL-001380,CUST-00913,Kfz,AGT-027,2024-04-28,447.9,Active,Baden-Wuerttemberg
POL-001381,CUST-01466,Kfz,AGT-015,2025-02-04,411.52,Active,Schleswig-Holstein
POL-001382,CUST-00659,Kfz,AGT-040,2024-03-27,996.76,Lapsed,Brandenburg
POL-001383,CUST-02044,Kfz,AGT-012,2024-07-30,1162.57,Active,Bavaria
POL-001384,CUST-00577,Haftpflicht,AGT-017,2023-01-13,59.23,Active,Brandenburg
POL-001385,CUST-01862,Haftpflicht,AGT-009,2022-03-07,61.91,Active,Thuringia
POL-001386,CUST-01342,Kfz,AGT-035,2024-03-26,980.37,Active,Bremen
POL-001387,CUST-01574,Kfz,AGT-012,2025-04-12,1324.57,Lapsed,Mecklenburg-Vorpommern
POL-001388,CUST-01853,Kfz,AGT-004,2023-07-23,522.77,Active,Berlin
POL-001389,CUST-01385,Kfz,AGT-039,2022-10-23,1001.61,Active,Saxony
POL-001390,CUST-02203,Lebensversicherung,AGT-009,2022-06-19,1008.75,Active,Rhineland-Palatinate
POL-001391,CUST-00573,Kfz,AGT-039,2022-02-11,1307.23,Active,Saxony
POL-001392,CUST-01813,Wohngebaeude,AGT-011,2025-06-18,620.07,Active,Brandenburg
POL-001393,CUST-00537,Lebensversicherung,AGT-002,2025-05-14,605.44,Active,Hamburg
POL-001394,CUST-01472,Haftpflicht,AGT-016,2022-12-29,112.41,Active,Mecklenburg-Vorpommern
POL-001395,CUST-03417,Haftpflicht,AGT-001,2023-03-06,77.99,Active,Hesse
POL-001396,CUST-00497,Wohngebaeude,AGT-015,2022-03-09,879.82,Active,North Rhine-Westphalia
POL-001397,CUST-00620,Kfz,AGT-003,2024-01-04,357.97,Active,North Rhine-Westphalia
POL-001398,CUST-00867,Kfz,AGT-024,2023-05-06,1025.14,Active,Saarland
POL-001399,CUST-00009,Hausrat,AGT-004,2022-06-23,174.7,Active,Saxony
POL-001400,CUST-01544,Hausrat,AGT-010,2023-12-01,141.75,Active,Thuringia
POL-001401,CUST-00263,Haftpflicht,AGT-033,2023-07-30,96.0,Active,Saxony-Anhalt
POL-001402,CUST-01842,Lebensversicherung,AGT-038,2023-09-26,305.41,Cancelled,Hesse
POL-001403,CUST-01410,Kfz,AGT-014,2023-08-09,1183.62,Active,Rhineland-Palatinate
POL-001404,CUST-01920,Kfz,AGT-030,2024-02-28,1033.43,Lapsed,Baden-Wuerttemberg
POL-001405,CUST-03007,Kfz,AGT-019,2024-02-11,654.11,Lapsed,Bremen
POL-001406,CUST-03871,Kfz,AGT-023,2022-08-31,995.69,Active,Lower Saxony
POL-001407,CUST-01753,Wohngebaeude,AGT-027,2024-07-13,881.82,Active,Thuringia
POL-001408,CUST-02655,Kfz,AGT-027,2022-12-29,1041.78,Active,Bavaria
POL-001409,CUST-03365,Wohngebaeude,AGT-021,2022-11-24,587.64,Active,North Rhine-Westphalia
POL-001410,CUST-02560,Haftpflicht,AGT-004,2022-06-01,103.77,Active,Rhineland-Palatinate
POL-001411,CUST-02565,Kfz,AGT-036,2022-08-22,760.33,Active,Bremen
POL-001412,CUST-00838,Kfz,AGT-022,2024-09-05,1014.24,Active,Hesse
POL-001413,CUST-01458,Kfz,AGT-038,2024-09-22,479.26,Active,Hesse
POL-001414,CUST-02651,Haftpflicht,AGT-033,2024-11-24,97.64,Active,Rhineland-Palatinate
POL-001415,CUST-03465,Wohngebaeude,AGT-010,2022-06-21,258.19,Active,Berlin
POL-001416,CUST-01003,Kfz,AGT-030,2022-03-01,1335.91,Lapsed,Rhineland-Palatinate
POL-001417,CUST-02855,Haftpflicht,AGT-010,2025-01-06,85.17,Lapsed,Baden-Wuerttemberg
POL-001418,CUST-02456,Kfz,AGT-033,2023-06-16,809.22,Lapsed,Mecklenburg-Vorpommern
POL-001419,CUST-03093,Hausrat,AGT-035,2022-09-17,244.47,Active,Lower Saxony
POL-001420,CUST-02798,Haftpflicht,AGT-032,2025-02-08,56.14,Active,Baden-Wuerttemberg
POL-001421,CUST-03766,Wohngebaeude,AGT-034,2023-11-30,826.86,Active,Lower Saxony
POL-001422,CUST-00125,Kfz,AGT-025,2023-07-17,1050.66,Lapsed,Saxony
POL-001423,CUST-01766,Hausrat,AGT-029,2024-03-15,115.64,Lapsed,Rhineland-Palatinate
POL-001424,CUST-00592,Wohngebaeude,AGT-032,2024-01-26,244.53,Active,Schleswig-Holstein
POL-001425,CUST-03309,Kfz,AGT-016,2023-12-09,581.64,Active,Saxony-Anhalt
POL-001426,CUST-01581,Hausrat,AGT-040,2023-10-06,236.77,Active,Hamburg
POL-001427,CUST-02412,Kfz,AGT-028,2024-06-22,886.87,Active,Schleswig-Holstein
POL-001428,CUST-01506,Wohngebaeude,AGT-008,2025-03-29,401.59,Active,Hamburg
POL-001429,CUST-01693,Hausrat,AGT-038,2023-10-07,61.1,Active,Hamburg
POL-001430,CUST-03518,Kfz,AGT-008,2024-12-29,1325.25,Active,North Rhine-Westphalia
POL-001431,CUST-03588,Wohngebaeude,AGT-027,2022-09-16,725.49,Active,Saxony
POL-001432,CUST-02877,Haftpflicht,AGT-002,2023-04-19,99.18,Active,Berlin
POL-001433,CUST-00299,Kfz,AGT-009,2023-07-06,1259.8,Active,Brandenburg
POL-001434,CUST-00763,Haftpflicht,AGT-010,2024-01-31,112.08,Lapsed,Brandenburg
POL-001435,CUST-03511,Wohngebaeude,AGT-001,2024-08-03,585.07,Active,Saxony-Anhalt
POL-001436,CUST-03594,Lebensversicherung,AGT-009,2025-03-07,1320.01,Active,Brandenburg
POL-001437,CUST-00834,Hausrat,AGT-015,2022-04-17,147.2,Active,Hesse
POL-001438,CUST-03445,Kfz,AGT-010,2024-07-16,933.28,Active,Berlin
POL-001439,CUST-03795,Haftpflicht,AGT-037,2022-11-16,95.47,Active,Schleswig-Holstein
POL-001440,CUST-03138,Kfz,AGT-029,2024-03-19,862.65,Active,Berlin
POL-001441,CUST-03477,Haftpflicht,AGT-034,2023-03-26,93.67,Active,Bavaria
POL-001442,CUST-03382,Kfz,AGT-010,2022-10-11,1277.44,Active,North Rhine-Westphalia
POL-001443,CUST-03761,Wohngebaeude,AGT-018,2024-11-26,404.52,Active,Schleswig-Holstein
POL-001444,CUST-03084,Hausrat,AGT-014,2025-01-17,98.67,Active,Bremen
POL-001445,CUST-03236,Hausrat,AGT-033,2024-02-20,64.36,Active,Mecklenburg-Vorpommern
POL-001446,CUST-01562,Haftpflicht,AGT-001,2022-06-25,95.78,Lapsed,Schleswig-Holstein
POL-001447,CUST-03591,Hausrat,AGT-039,2023-08-09,229.22,Active,Saxony-Anhalt
POL-001448,CUST-03416,Wohngebaeude,AGT-004,2023-07-28,597.78,Active,Berlin
POL-001449,CUST-03552,Kfz,AGT-006,2025-06-27,738.07,Lapsed,Berlin
POL-001450,CUST-03682,Haftpflicht,AGT-022,2022-01-02,46.2,Active,Lower Saxony
POL-001451,CUST-03665,Haftpflicht,AGT-004,2024-12-22,97.23,Active,North Rhine-Westphalia
POL-001452,CUST-02364,Kfz,AGT-003,2024-12-08,1120.44,Active,Baden-Wuerttemberg
POL-001453,CUST-00262,Kfz,AGT-023,2022-05-06,635.54,Active,Thuringia
POL-001454,CUST-00783,Kfz,AGT-034,2023-03-14,1225.32,Active,Lower Saxony
POL-001455,CUST-01877,Kfz,AGT-021,2023-03-21,851.18,Active,North Rhine-Westphalia
POL-001456,CUST-01652,Kfz,AGT-034,2022-01-25,458.26,Cancelled,Mecklenburg-Vorpommern
POL-001457,CUST-03341,Kfz,AGT-029,2022-08-14,861.41,Active,North Rhine-Westphalia
POL-001458,CUST-03640,Kfz,AGT-030,2025-05-30,389.06,Lapsed,Lower Saxony
POL-001459,CUST-02289,Haftpflicht,AGT-014,2025-05-26,82.17,Active,Lower Saxony
POL-001460,CUST-03801,Haftpflicht,AGT-025,2022-08-07,69.27,Active,Hamburg
POL-001461,CUST-03386,Kfz,AGT-025,2025-03-10,949.85,Active,Berlin
POL-001462,CUST-01952,Hausrat,AGT-003,2022-11-24,138.63,Active,Bavaria
POL-001463,CUST-00777,Kfz,AGT-017,2025-01-03,567.75,Active,Baden-Wuerttemberg
POL-001464,CUST-02891,Haftpflicht,AGT-010,2024-05-14,66.17,Active,Rhineland-Palatinate
POL-001465,CUST-02370,Haftpflicht,AGT-038,2023-05-06,118.99,Active,Saxony
POL-001466,CUST-00582,Kfz,AGT-007,2024-03-05,770.19,Active,Saarland
POL-001467,CUST-01353,Kfz,AGT-035,2022-03-30,419.86,Lapsed,Hamburg
POL-001468,CUST-00853,Haftpflicht,AGT-001,2024-09-20,88.38,Lapsed,Berlin
POL-001469,CUST-00646,Kfz,AGT-030,2024-11-21,708.02,Active,Mecklenburg-Vorpommern
POL-001470,CUST-00910,Haftpflicht,AGT-017,2025-02-21,104.89,Active,Saxony-Anhalt
POL-001471,CUST-00516,Wohngebaeude,AGT-034,2022-05-06,315.22,Active,Brandenburg
POL-001472,CUST-02230,Haftpflicht,AGT-030,2023-05-04,40.35,Lapsed,Bavaria
POL-001473,CUST-00513,Haftpflicht,AGT-001,2025-03-01,113.91,Active,Rhineland-Palatinate
POL-001474,CUST-03250,Haftpflicht,AGT-031,2022-12-08,116.01,Active,Lower Saxony
POL-001475,CUST-01307,Kfz,AGT-009,2024-10-23,657.11,Active,Saarland
POL-001476,CUST-03196,Hausrat,AGT-039,2024-03-09,97.7,Active,Bremen
POL-001477,CUST-03389,Wohngebaeude,AGT-010,2022-10-27,251.23,Active,Schleswig-Holstein
POL-001478,CUST-02003,Kfz,AGT-014,2023-08-28,1058.89,Lapsed,North Rhine-Westphalia
POL-001479,CUST-02834,Kfz,AGT-029,2024-09-17,1241.2,Cancelled,Lower Saxony
POL-001480,CUST-02777,Hausrat,AGT-038,2024-05-24,237.59,Active,Saarland
POL-001481,CUST-01780,Kfz,AGT-023,2024-01-18,1095.27,Active,Mecklenburg-Vorpommern
POL-001482,CUST-02488,Hausrat,AGT-040,2024-04-12,116.24,Active,Mecklenburg-Vorpommern
POL-001483,CUST-03191,Haftpflicht,AGT-018,2023-04-26,55.58,Active,Saxony-Anhalt
POL-001484,CUST-02763,Kfz,AGT-025,2023-07-31,1342.23,Active,Saxony-Anhalt
POL-001485,CUST-03921,Kfz,AGT-012,2024-07-28,1005.35,Active,Baden-Wuerttemberg
POL-001486,CUST-02555,Haftpflicht,AGT-001,2023-06-14,59.51,Active,Saxony-Anhalt
POL-001487,CUST-01726,Hausrat,AGT-004,2024-09-06,187.63,Active,Thuringia
POL-001488,CUST-03719,Haftpflicht,AGT-022,2025-04-16,49.14,Active,Lower Saxony
POL-001489,CUST-03726,Kfz,AGT-010,2024-03-23,1094.28,Active,Bavaria
POL-001490,CUST-02296,Haftpflicht,AGT-037,2022-10-03,72.11,Active,Schleswig-Holstein
POL-001491,CUST-03537,Wohngebaeude,AGT-036,2023-11-20,618.51,Lapsed,Berlin
POL-001492,CUST-02924,Kfz,AGT-014,2023-08-15,882.98,Active,Baden-Wuerttemberg
POL-001493,CUST-01651,Hausrat,AGT-031,2022-08-09,113.9,Active,Schleswig-Holstein
POL-001494,CUST-02596,Haftpflicht,AGT-025,2024-10-31,113.93,Lapsed,Rhineland-Palatinate
POL-001495,CUST-00376,Wohngebaeude,AGT-032,2022-02-16,813.62,Active,Hamburg
POL-001496,CUST-00582,Haftpflicht,AGT-020,2022-10-27,102.29,Active,Thuringia
POL-001497,CUST-02952,Kfz,AGT-032,2025-04-27,1296.72,Active,Brandenburg
POL-001498,CUST-03010,Kfz,AGT-010,2022-03-12,1073.67,Active,Mecklenburg-Vorpommern
POL-001499,CUST-03057,Hausrat,AGT-025,2022-06-26,117.8,Lapsed,Thuringia
POL-001500,CUST-01385,Kfz,AGT-018,2022-02-19,937.45,Active,Hesse
POL-001501,CUST-02670,Haftpflicht,AGT-013,2022-08-23,72.05,Active,Berlin
POL-001502,CUST-03462,Lebensversicherung,AGT-014,2023-10-18,2276.92,Active,Berlin
POL-001503,CUST-00233,Wohngebaeude,AGT-003,2022-07-03,834.95,Active,Rhineland-Palatinate
POL-001504,CUST-02979,Kfz,AGT-001,2024-06-27,897.09,Lapsed,Brandenburg
POL-001505,CUST-00711,Wohngebaeude,AGT-034,2024-12-24,877.02,Active,Rhineland-Palatinate
POL-001506,CUST-02228,Kfz,AGT-039,2023-07-25,417.69,Active,North Rhine-Westphalia
POL-001507,CUST-01076,Hausrat,AGT-015,2023-04-17,69.38,Active,Hamburg
POL-001508,CUST-01614,Haftpflicht,AGT-011,2023-05-12,101.63,Active,Bavaria
POL-001509,CUST-00562,Haftpflicht,AGT-028,2022-06-18,51.23,Active,Saxony-Anhalt
POL-001510,CUST-01880,Wohngebaeude,AGT-017,2025-03-17,412.17,Active,Bavaria
POL-001511,CUST-03393,Wohngebaeude,AGT-006,2023-03-28,251.56,Active,Saxony-Anhalt
POL-001512,CUST-03038,Hausrat,AGT-016,2023-03-11,188.13,Active,Hamburg
POL-001513,CUST-02535,Haftpflicht,AGT-033,2023-02-20,88.37,Active,Hesse
POL-001514,CUST-03060,Kfz,AGT-020,2025-04-12,1386.81,Active,Hamburg
POL-001515,CUST-03005,Hausrat,AGT-023,2024-08-29,249.75,Active,Lower Saxony
POL-001516,CUST-02827,Haftpflicht,AGT-007,2024-09-21,74.17,Active,Saarland
POL-001517,CUST-02223,Haftpflicht,AGT-014,2022-09-14,92.66,Active,Rhineland-Palatinate
POL-001518,CUST-02732,Haftpflicht,AGT-023,2024-12-13,112.48,Active,Mecklenburg-Vorpommern
POL-001519,CUST-01645,Wohngebaeude,AGT-012,2022-11-27,521.92,Active,Saxony
POL-001520,CUST-03403,Haftpflicht,AGT-033,2024-06-09,75.51,Active,Berlin
POL-001521,CUST-01619,Haftpflicht,AGT-021,2024-03-24,46.85,Active,Bavaria
POL-001522,CUST-03312,Haftpflicht,AGT-021,2025-04-04,86.7,Active,Lower Saxony
POL-001523,CUST-01968,Kfz,AGT-030,2023-12-01,1003.61,Active,Thuringia
POL-001524,CUST-00103,Lebensversicherung,AGT-036,2024-10-12,1136.4,Lapsed,Saxony-Anhalt
POL-001525,CUST-00121,Lebensversicherung,AGT-005,2024-12-25,354.2,Lapsed,Brandenburg
POL-001526,CUST-03880,Kfz,AGT-025,2024-06-21,464.83,Active,Berlin
POL-001527,CUST-03888,Haftpflicht,AGT-023,2022-10-12,87.22,Lapsed,Saxony-Anhalt
POL-001528,CUST-00329,Wohngebaeude,AGT-008,2024-12-30,573.01,Lapsed,Brandenburg
POL-001529,CUST-02669,Haftpflicht,AGT-024,2022-03-22,44.49,Active,Bavaria
POL-001530,CUST-02435,Hausrat,AGT-012,2023-01-12,109.76,Active,Bremen
POL-001531,CUST-01897,Haftpflicht,AGT-004,2024-10-03,67.97,Active,Bavaria
POL-001532,CUST-00506,Hausrat,AGT-007,2025-04-22,97.27,Active,Hesse
POL-001533,CUST-02078,Kfz,AGT-026,2022-01-28,417.0,Lapsed,North Rhine-Westphalia
POL-001534,CUST-03970,Haftpflicht,AGT-002,2022-12-17,85.73,Active,Saxony-Anhalt
POL-001535,CUST-03486,Kfz,AGT-013,2023-01-07,520.15,Active,Berlin
POL-001536,CUST-00689,Wohngebaeude,AGT-003,2025-02-22,210.97,Active,Saarland
POL-001537,CUST-03328,Hausrat,AGT-017,2022-02-10,238.68,Lapsed,Mecklenburg-Vorpommern
POL-001538,CUST-02875,Hausrat,AGT-037,2024-05-17,86.39,Active,Rhineland-Palatinate
POL-001539,CUST-02857,Haftpflicht,AGT-021,2023-08-14,119.53,Active,Baden-Wuerttemberg
POL-001540,CUST-03875,Wohngebaeude,AGT-039,2023-07-22,413.55,Active,Hamburg
POL-001541,CUST-02951,Hausrat,AGT-025,2024-10-12,108.59,Active,Saarland
POL-001542,CUST-01037,Wohngebaeude,AGT-024,2024-01-12,652.16,Active,Thuringia
POL-001543,CUST-01758,Hausrat,AGT-036,2023-07-29,132.36,Cancelled,Hamburg
POL-001544,CUST-03062,Haftpflicht,AGT-018,2024-11-18,55.89,Active,Brandenburg
POL-001545,CUST-03797,Haftpflicht,AGT-023,2023-04-14,92.91,Active,Hamburg
POL-001546,CUST-00885,Hausrat,AGT-028,2024-05-02,218.1,Cancelled,Brandenburg
POL-001547,CUST-03526,Haftpflicht,AGT-030,2023-05-08,52.34,Active,Saarland
POL-001548,CUST-01191,Kfz,AGT-016,2024-11-06,1296.15,Active,Hamburg
POL-001549,CUST-02691,Hausrat,AGT-017,2025-06-03,166.56,Active,Hamburg
POL-001550,CUST-00130,Lebensversicherung,AGT-023,2023-11-22,2206.35,Active,Brandenburg
POL-001551,CUST-02953,Kfz,AGT-003,2022-05-03,729.24,Active,Schleswig-Holstein
POL-001552,CUST-00034,Haftpflicht,AGT-004,2022-12-05,98.63,Active,Schleswig-Holstein
POL-001553,CUST-02324,Kfz,AGT-003,2025-05-20,1146.41,Active,Bremen
POL-001554,CUST-03460,Kfz,AGT-038,2024-09-30,1302.33,Active,Saxony-Anhalt
POL-001555,CUST-03791,Hausrat,AGT-002,2022-01-10,105.92,Active,Hesse
POL-001556,CUST-00158,Kfz,AGT-009,2023-12-21,465.44,Active,Bavaria
POL-001557,CUST-00758,Kfz,AGT-036,2023-12-05,374.32,Active,Berlin
POL-001558,CUST-01901,Kfz,AGT-039,2022-05-13,496.23,Active,Rhineland-Palatinate
POL-001559,CUST-03410,Wohngebaeude,AGT-022,2024-10-03,634.31,Active,Lower Saxony
POL-001560,CUST-02360,Kfz,AGT-002,2023-05-05,1039.66,Active,Saxony
POL-001561,CUST-03347,Haftpflicht,AGT-017,2023-01-14,110.79,Active,Hamburg
POL-001562,CUST-03302,Wohngebaeude,AGT-023,2024-02-18,834.28,Active,North Rhine-Westphalia
POL-001563,CUST-00789,Haftpflicht,AGT-036,2024-10-12,57.88,Active,Saxony-Anhalt
POL-001564,CUST-01064,Kfz,AGT-028,2023-12-02,1352.29,Cancelled,Baden-Wuerttemberg
POL-001565,CUST-01953,Haftpflicht,AGT-020,2023-10-26,47.5,Active,Saxony-Anhalt
POL-001566,CUST-02862,Kfz,AGT-003,2023-03-27,1073.07,Cancelled,Hamburg
POL-001567,CUST-00441,Kfz,AGT-027,2023-01-17,921.01,Active,Rhineland-Palatinate
POL-001568,CUST-03455,Haftpflicht,AGT-009,2024-02-29,47.64,Lapsed,Thuringia
POL-001569,CUST-02946,Wohngebaeude,AGT-011,2024-02-07,874.33,Active,Schleswig-Holstein
POL-001570,CUST-00118,Wohngebaeude,AGT-033,2022-12-22,727.28,Active,Lower Saxony
POL-001571,CUST-00058,Haftpflicht,AGT-038,2024-06-24,71.38,Active,North Rhine-Westphalia
POL-001572,CUST-03409,Haftpflicht,AGT-028,2023-04-25,46.71,Active,Rhineland-Palatinate
POL-001573,CUST-00303,Lebensversicherung,AGT-028,2025-05-09,1039.26,Active,North Rhine-Westphalia
POL-001574,CUST-02954,Kfz,AGT-040,2022-03-08,1097.89,Lapsed,Hesse
POL-001575,CUST-02884,Wohngebaeude,AGT-027,2022-09-14,840.07,Active,Lower Saxony
POL-001576,CUST-00939,Lebensversicherung,AGT-034,2023-03-17,916.87,Lapsed,North Rhine-Westphalia
POL-001577,CUST-00371,Kfz,AGT-019,2023-12-06,1242.72,Active,North Rhine-Westphalia
POL-001578,CUST-01642,Kfz,AGT-020,2025-05-29,1206.71,Active,Hesse
POL-001579,CUST-01046,Haftpflicht,AGT-009,2023-05-02,48.57,Active,Saxony-Anhalt
POL-001580,CUST-02498,Haftpflicht,AGT-005,2024-08-13,54.78,Active,Thuringia
POL-001581,CUST-02576,Kfz,AGT-017,2022-02-19,1135.91,Active,Baden-Wuerttemberg
POL-001582,CUST-01019,Haftpflicht,AGT-028,2023-02-20,91.75,Lapsed,Saxony-Anhalt
POL-001583,CUST-02809,Kfz,AGT-011,2022-06-23,1280.93,Active,Saarland
POL-001584,CUST-01672,Haftpflicht,AGT-010,2022-08-08,65.66,Active,Lower Saxony
POL-001585,CUST-01597,Lebensversicherung,AGT-022,2024-08-15,1630.9,Lapsed,Bremen
POL-001586,CUST-03449,Kfz,AGT-028,2022-11-28,884.7,Active,Baden-Wuerttemberg
POL-001587,CUST-03360,Hausrat,AGT-040,2024-10-28,152.94,Active,Lower Saxony
POL-001588,CUST-03686,Haftpflicht,AGT-005,2023-05-20,71.77,Lapsed,Bremen
POL-001589,CUST-01983,Kfz,AGT-008,2024-08-01,806.91,Active,Saxony-Anhalt
POL-001590,CUST-01997,Kfz,AGT-001,2024-11-18,1066.57,Active,Brandenburg
POL-001591,CUST-03443,Kfz,AGT-006,2025-05-03,1127.51,Active,Berlin
POL-001592,CUST-00043,Kfz,AGT-012,2023-07-16,683.69,Active,Mecklenburg-Vorpommern
POL-001593,CUST-02025,Hausrat,AGT-036,2024-12-02,106.37,Active,Berlin
POL-001594,CUST-03607,Hausrat,AGT-004,2023-09-27,181.21,Active,Thuringia
POL-001595,CUST-00194,Haftpflicht,AGT-016,2024-07-15,100.9,Active,North Rhine-Westphalia
POL-001596,CUST-03231,Kfz,AGT-014,2025-05-23,1169.91,Active,Bremen
POL-001597,CUST-02198,Hausrat,AGT-010,2023-09-02,178.83,Active,Hamburg
POL-001598,CUST-03640,Haftpflicht,AGT-016,2022-07-17,43.57,Lapsed,Hesse
POL-001599,CUST-03074,Haftpflicht,AGT-021,2022-05-27,43.88,Active,Rhineland-Palatinate
POL-001600,CUST-01272,Kfz,AGT-011,2022-05-04,455.58,Active,Lower Saxony
POL-001601,CUST-03261,Kfz,AGT-016,2025-01-25,527.51,Active,Berlin
POL-001602,CUST-02753,Hausrat,AGT-025,2022-06-07,227.48,Active,Hamburg
POL-001603,CUST-02316,Kfz,AGT-006,2022-01-19,599.44,Active,Saarland
POL-001604,CUST-01909,Lebensversicherung,AGT-033,2024-02-19,1620.51,Active,Brandenburg
POL-001605,CUST-00190,Hausrat,AGT-003,2024-05-27,151.61,Active,Hesse
POL-001606,CUST-03959,Kfz,AGT-031,2022-07-24,1169.57,Lapsed,Bremen
POL-001607,CUST-01496,Kfz,AGT-002,2023-05-10,632.44,Lapsed,Thuringia
POL-001608,CUST-02168,Kfz,AGT-024,2023-03-20,831.72,Active,Lower Saxony
POL-001609,CUST-02549,Wohngebaeude,AGT-017,2025-04-11,727.43,Lapsed,Brandenburg
POL-001610,CUST-01936,Haftpflicht,AGT-010,2024-01-15,73.63,Active,Saxony-Anhalt
POL-001611,CUST-01858,Kfz,AGT-028,2022-08-24,980.04,Active,Rhineland-Palatinate
POL-001612,CUST-02768,Haftpflicht,AGT-033,2022-08-27,95.05,Active,Hesse
POL-001613,CUST-01642,Wohngebaeude,AGT-007,2023-05-08,609.26,Active,Mecklenburg-Vorpommern
POL-001614,CUST-01805,Hausrat,AGT-035,2024-02-21,235.5,Active,Bavaria
POL-001615,CUST-00404,Haftpflicht,AGT-013,2024-10-09,56.6,Active,Saarland
POL-001616,CUST-00573,Hausrat,AGT-014,2022-04-06,91.52,Active,Brandenburg
POL-001617,CUST-03226,Hausrat,AGT-026,2022-05-21,117.37,Lapsed,Saxony
POL-001618,CUST-00004,Haftpflicht,AGT-019,2023-02-24,98.2,Cancelled,Lower Saxony
POL-001619,CUST-00397,Kfz,AGT-020,2024-07-25,786.9,Active,Lower Saxony
POL-001620,CUST-00462,Haftpflicht,AGT-039,2023-08-29,80.91,Active,Hamburg
POL-001621,CUST-00112,Kfz,AGT-017,2024-05-01,625.03,Active,Mecklenburg-Vorpommern
POL-001622,CUST-02092,Haftpflicht,AGT-031,2025-03-03,71.0,Cancelled,Berlin
POL-001623,CUST-00948,Haftpflicht,AGT-001,2025-02-18,102.35,Active,Rhineland-Palatinate
POL-001624,CUST-00934,Haftpflicht,AGT-026,2025-05-20,113.64,Active,Baden-Wuerttemberg
POL-001625,CUST-03059,Hausrat,AGT-010,2025-03-26,245.35,Active,Lower Saxony
POL-001626,CUST-00237,Hausrat,AGT-025,2022-12-10,151.69,Active,Rhineland-Palatinate
POL-001627,CUST-00205,Kfz,AGT-025,2022-03-31,1303.23,Active,Hesse
POL-001628,CUST-00698,Haftpflicht,AGT-009,2022-06-17,83.46,Active,Schleswig-Holstein
POL-001629,CUST-00359,Haftpflicht,AGT-035,2024-11-28,55.41,Active,Mecklenburg-Vorpommern
POL-001630,CUST-01836,Hausrat,AGT-034,2024-09-10,123.59,Active,Schleswig-Holstein
POL-001631,CUST-02383,Wohngebaeude,AGT-040,2024-09-04,826.07,Active,North Rhine-Westphalia
POL-001632,CUST-00509,Kfz,AGT-008,2022-10-04,461.78,Active,Hamburg
POL-001633,CUST-03022,Wohngebaeude,AGT-007,2024-05-05,449.16,Active,Lower Saxony
POL-001634,CUST-02018,Lebensversicherung,AGT-014,2022-01-20,1251.87,Active,Thuringia
POL-001635,CUST-01671,Haftpflicht,AGT-013,2023-05-14,47.58,Lapsed,Saxony
POL-001636,CUST-01838,Haftpflicht,AGT-012,2024-01-21,106.62,Active,Hamburg
POL-001637,CUST-01682,Kfz,AGT-014,2025-05-07,670.34,Active,Baden-Wuerttemberg
POL-001638,CUST-02826,Kfz,AGT-038,2023-03-09,901.83,Active,North Rhine-Westphalia
POL-001639,CUST-00467,Haftpflicht,AGT-014,2022-12-08,95.82,Active,Bavaria
POL-001640,CUST-01426,Haftpflicht,AGT-013,2024-05-22,119.29,Lapsed,Saxony
POL-001641,CUST-02831,Kfz,AGT-013,2023-03-31,1192.6,Active,Lower Saxony
POL-001642,CUST-02515,Wohngebaeude,AGT-034,2023-05-11,253.82,Active,North Rhine-Westphalia
POL-001643,CUST-02467,Hausrat,AGT-004,2022-04-03,118.99,Active,Saxony
POL-001644,CUST-03181,Hausrat,AGT-022,2023-08-29,130.6,Active,Thuringia
POL-001645,CUST-03757,Hausrat,AGT-038,2023-04-26,189.22,Active,Lower Saxony
POL-001646,CUST-00893,Kfz,AGT-039,2023-07-25,1399.15,Active,Hesse
POL-001647,CUST-03313,Wohngebaeude,AGT-018,2023-12-02,274.09,Active,Saxony
POL-001648,CUST-03454,Kfz,AGT-017,2022-05-17,1010.82,Lapsed,Hamburg
POL-001649,CUST-00747,Wohngebaeude,AGT-013,2022-08-06,773.23,Active,North Rhine-Westphalia
POL-001650,CUST-02341,Kfz,AGT-039,2025-01-15,764.92,Active,Schleswig-Holstein
POL-001651,CUST-02273,Kfz,AGT-017,2023-03-02,1109.49,Active,Lower Saxony
POL-001652,CUST-02471,Kfz,AGT-016,2023-03-22,1164.78,Active,Saarland
POL-001653,CUST-01384,Haftpflicht,AGT-040,2024-12-03,92.92,Active,Hamburg
POL-001654,CUST-03229,Hausrat,AGT-038,2023-09-19,128.85,Active,Hesse
POL-001655,CUST-03069,Hausrat,AGT-040,2022-03-07,166.86,Active,Saxony
POL-001656,CUST-03181,Hausrat,AGT-013,2024-08-01,151.86,Active,Baden-Wuerttemberg
POL-001657,CUST-03594,Haftpflicht,AGT-014,2024-11-06,45.15,Active,Saarland
POL-001658,CUST-01959,Kfz,AGT-009,2024-05-28,825.46,Active,Rhineland-Palatinate
POL-001659,CUST-00739,Hausrat,AGT-020,2022-01-23,194.21,Active,Saxony
POL-001660,CUST-02527,Hausrat,AGT-034,2023-07-08,77.87,Lapsed,Rhineland-Palatinate
POL-001661,CUST-03738,Wohngebaeude,AGT-016,2022-05-06,488.26,Active,Rhineland-Palatinate
POL-001662,CUST-00386,Haftpflicht,AGT-035,2023-09-24,112.14,Active,Brandenburg
POL-001663,CUST-03982,Kfz,AGT-036,2022-12-11,661.36,Lapsed,Schleswig-Holstein
POL-001664,CUST-01145,Kfz,AGT-016,2022-03-05,515.21,Lapsed,Saxony-Anhalt
POL-001665,CUST-01685,Kfz,AGT-023,2025-05-15,673.03,Active,Baden-Wuerttemberg
POL-001666,CUST-00267,Kfz,AGT-022,2024-11-20,797.09,Active,Schleswig-Holstein
POL-001667,CUST-01266,Kfz,AGT-032,2025-03-25,649.26,Active,Baden-Wuerttemberg
POL-001668,CUST-01275,Wohngebaeude,AGT-009,2024-08-15,227.25,Active,Thuringia
POL-001669,CUST-03378,Lebensversicherung,AGT-012,2022-04-25,1418.86,Active,Baden-Wuerttemberg
POL-001670,CUST-00818,Hausrat,AGT-021,2022-05-25,65.16,Active,Schleswig-Holstein
POL-001671,CUST-00719,Kfz,AGT-003,2025-03-29,973.31,Active,Saxony
POL-001672,CUST-01773,Kfz,AGT-038,2024-02-22,1096.68,Active,Hamburg
POL-001673,CUST-00958,Haftpflicht,AGT-015,2022-12-10,85.59,Active,Baden-Wuerttemberg
POL-001674,CUST-02561,Haftpflicht,AGT-035,2022-07-10,106.78,Lapsed,Berlin
POL-001675,CUST-03249,Hausrat,AGT-015,2022-02-03,218.8,Lapsed,Brandenburg
POL-001676,CUST-01551,Kfz,AGT-028,2022-11-01,658.76,Active,Berlin
POL-001677,CUST-01229,Kfz,AGT-034,2023-01-27,561.65,Active,Rhineland-Palatinate
POL-001678,CUST-01520,Lebensversicherung,AGT-007,2023-06-12,759.11,Cancelled,Mecklenburg-Vorpommern
POL-001679,CUST-00153,Haftpflicht,AGT-033,2025-06-07,60.35,Active,Saxony-Anhalt
POL-001680,CUST-02980,Wohngebaeude,AGT-036,2022-12-26,399.0,Active,Hesse
POL-001681,CUST-01102,Haftpflicht,AGT-014,2023-12-05,41.67,Active,Bavaria
POL-001682,CUST-03110,Haftpflicht,AGT-036,2023-12-13,53.05,Active,Saxony-Anhalt
POL-001683,CUST-03546,Hausrat,AGT-001,2024-09-09,220.27,Active,Hamburg
POL-001684,CUST-01729,Wohngebaeude,AGT-019,2025-05-24,811.54,Active,Thuringia
POL-001685,CUST-00184,Hausrat,AGT-017,2024-08-21,136.92,Active,Berlin
POL-001686,CUST-01394,Kfz,AGT-018,2025-04-27,1188.08,Active,Bremen
POL-001687,CUST-03030,Kfz,AGT-040,2023-07-17,1385.25,Active,Mecklenburg-Vorpommern
POL-001688,CUST-02413,Haftpflicht,AGT-035,2024-06-07,74.38,Active,Schleswig-Holstein
POL-001689,CUST-01875,Haftpflicht,AGT-002,2024-04-16,96.06,Lapsed,Hamburg
POL-001690,CUST-02545,Haftpflicht,AGT-029,2022-06-24,107.7,Lapsed,Baden-Wuerttemberg
POL-001691,CUST-01068,Kfz,AGT-029,2023-03-17,1188.34,Active,Mecklenburg-Vorpommern
POL-001692,CUST-02982,Haftpflicht,AGT-021,2024-01-05,73.51,Active,Thuringia
POL-001693,CUST-00082,Kfz,AGT-007,2024-10-31,793.5,Active,Brandenburg
POL-001694,CUST-02844,Kfz,AGT-014,2023-01-06,564.63,Cancelled,Saxony-Anhalt
POL-001695,CUST-01343,Hausrat,AGT-002,2024-06-09,169.34,Lapsed,Schleswig-Holstein
POL-001696,CUST-03202,Kfz,AGT-027,2022-02-04,1028.0,Active,Rhineland-Palatinate
POL-001697,CUST-03379,Haftpflicht,AGT-017,2023-09-29,43.64,Lapsed,Hamburg
POL-001698,CUST-03685,Kfz,AGT-022,2025-01-04,967.22,Lapsed,Lower Saxony
POL-001699,CUST-01354,Kfz,AGT-004,2022-03-10,1236.71,Cancelled,Rhineland-Palatinate
POL-001700,CUST-00707,Haftpflicht,AGT-025,2024-10-01,74.23,Lapsed,Brandenburg
POL-001701,CUST-03116,Haftpflicht,AGT-016,2022-05-27,90.33,Active,Brandenburg
POL-001702,CUST-03557,Haftpflicht,AGT-004,2024-04-13,108.76,Active,Berlin
POL-001703,CUST-02950,Kfz,AGT-006,2023-12-20,581.77,Active,Baden-Wuerttemberg
POL-001704,CUST-02368,Wohngebaeude,AGT-025,2022-10-17,507.49,Active,Baden-Wuerttemberg
POL-001705,CUST-00007,Lebensversicherung,AGT-019,2025-06-04,1726.75,Active,Saxony-Anhalt
POL-001706,CUST-02148,Kfz,AGT-025,2024-09-29,832.65,Active,North Rhine-Westphalia
POL-001707,CUST-00601,Wohngebaeude,AGT-004,2024-03-04,429.28,Cancelled,Hamburg
POL-001708,CUST-00866,Kfz,AGT-039,2023-09-15,1064.0,Active,Mecklenburg-Vorpommern
POL-001709,CUST-02201,Hausrat,AGT-005,2023-05-16,104.2,Active,Hesse
POL-001710,CUST-01728,Kfz,AGT-006,2024-01-30,811.73,Active,North Rhine-Westphalia
POL-001711,CUST-03629,Haftpflicht,AGT-029,2023-03-27,107.06,Active,Saxony-Anhalt
POL-001712,CUST-01694,Haftpflicht,AGT-009,2024-05-26,53.84,Active,Mecklenburg-Vorpommern
POL-001713,CUST-02087,Haftpflicht,AGT-040,2023-10-04,95.73,Lapsed,Saarland
POL-001714,CUST-03958,Wohngebaeude,AGT-024,2023-06-27,748.49,Active,Brandenburg
POL-001715,CUST-02920,Hausrat,AGT-022,2023-08-08,219.47,Active,Saxony-Anhalt
POL-001716,CUST-03225,Wohngebaeude,AGT-017,2024-07-02,724.93,Lapsed,Bavaria
POL-001717,CUST-01908,Lebensversicherung,AGT-027,2023-05-07,1347.64,Active,Brandenburg
POL-001718,CUST-03550,Kfz,AGT-031,2022-11-04,373.65,Active,Saxony-Anhalt
POL-001719,CUST-00819,Kfz,AGT-020,2025-05-07,817.41,Active,Thuringia
POL-001720,CUST-00852,Hausrat,AGT-004,2023-03-02,183.83,Active,North Rhine-Westphalia
POL-001721,CUST-01138,Wohngebaeude,AGT-003,2022-04-06,599.68,Lapsed,Saxony-Anhalt
POL-001722,CUST-03051,Haftpflicht,AGT-019,2024-11-02,52.0,Active,Thuringia
POL-001723,CUST-01732,Kfz,AGT-024,2023-11-15,1037.43,Active,Saxony
POL-001724,CUST-01761,Wohngebaeude,AGT-003,2022-09-24,859.04,Active,Bavaria
POL-001725,CUST-00119,Wohngebaeude,AGT-037,2022-03-17,382.16,Active,Baden-Wuerttemberg
POL-001726,CUST-02396,Kfz,AGT-024,2023-05-18,1205.68,Lapsed,Baden-Wuerttemberg
POL-001727,CUST-02424,Kfz,AGT-026,2025-05-09,876.96,Lapsed,Baden-Wuerttemberg
POL-001728,CUST-01304,Kfz,AGT-033,2022-07-28,1066.99,Active,Bremen
POL-001729,CUST-00314,Wohngebaeude,AGT-020,2023-07-21,481.26,Active,Saarland
POL-001730,CUST-03130,Haftpflicht,AGT-027,2022-07-10,80.86,Active,Bavaria
POL-001731,CUST-01686,Kfz,AGT-026,2024-08-03,1119.73,Active,Mecklenburg-Vorpommern
POL-001732,CUST-00065,Haftpflicht,AGT-024,2022-10-29,96.65,Active,Saxony-Anhalt
POL-001733,CUST-00069,Haftpflicht,AGT-034,2025-05-14,86.89,Active,Baden-Wuerttemberg
POL-001734,CUST-02834,Kfz,AGT-015,2022-12-03,1086.45,Active,Saxony
POL-001735,CUST-03721,Haftpflicht,AGT-019,2023-01-16,79.71,Lapsed,Thuringia
POL-001736,CUST-02553,Kfz,AGT-035,2024-09-12,1064.43,Active,Hesse
POL-001737,CUST-00886,Kfz,AGT-006,2022-04-23,722.28,Active,Mecklenburg-Vorpommern
POL-001738,CUST-03554,Kfz,AGT-016,2024-09-19,672.9,Active,Baden-Wuerttemberg
POL-001739,CUST-01070,Kfz,AGT-030,2024-10-21,706.56,Active,Brandenburg
POL-001740,CUST-02481,Wohngebaeude,AGT-017,2022-01-06,331.58,Active,Bavaria
POL-001741,CUST-00926,Lebensversicherung,AGT-033,2022-12-07,2315.91,Active,Rhineland-Palatinate
POL-001742,CUST-03063,Wohngebaeude,AGT-027,2022-06-18,576.09,Active,Saarland
POL-001743,CUST-03971,Haftpflicht,AGT-014,2022-07-15,56.3,Lapsed,Baden-Wuerttemberg
POL-001744,CUST-01456,Haftpflicht,AGT-033,2023-01-20,40.69,Active,Schleswig-Holstein
POL-001745,CUST-02190,Wohngebaeude,AGT-006,2024-05-06,740.71,Active,Saxony-Anhalt
POL-001746,CUST-02468,Hausrat,AGT-021,2022-09-01,152.9,Active,North Rhine-Westphalia
POL-001747,CUST-03630,Wohngebaeude,AGT-005,2024-12-06,412.51,Lapsed,Mecklenburg-Vorpommern
POL-001748,CUST-03986,Kfz,AGT-008,2024-11-28,1231.48,Active,Saxony-Anhalt
POL-001749,CUST-00842,Hausrat,AGT-007,2022-12-31,100.88,Active,Brandenburg
POL-001750,CUST-03652,Haftpflicht,AGT-003,2025-03-17,47.34,Active,Berlin
POL-001751,CUST-03548,Lebensversicherung,AGT-025,2022-05-14,2102.07,Active,Hesse
POL-001752,CUST-00644,Hausrat,AGT-007,2022-12-21,119.23,Active,Saxony-Anhalt
POL-001753,CUST-03470,Haftpflicht,AGT-004,2023-05-11,118.25,Lapsed,Lower Saxony
POL-001754,CUST-01935,Kfz,AGT-013,2024-11-20,680.11,Active,Baden-Wuerttemberg
POL-001755,CUST-01022,Kfz,AGT-006,2024-04-02,442.53,Active,Saxony-Anhalt
POL-001756,CUST-01314,Haftpflicht,AGT-015,2022-04-21,116.18,Active,North Rhine-Westphalia
POL-001757,CUST-01807,Wohngebaeude,AGT-035,2023-08-31,207.18,Active,Lower Saxony
POL-001758,CUST-03033,Wohngebaeude,AGT-027,2025-06-16,899.87,Active,Brandenburg
POL-001759,CUST-01667,Hausrat,AGT-028,2023-10-03,120.76,Active,Brandenburg
POL-001760,CUST-02288,Kfz,AGT-012,2023-09-14,475.66,Active,Lower Saxony
POL-001761,CUST-02450,Kfz,AGT-018,2025-06-11,1250.57,Active,North Rhine-Westphalia
POL-001762,CUST-03758,Haftpflicht,AGT-007,2022-06-18,114.79,Active,Lower Saxony
POL-001763,CUST-01559,Wohngebaeude,AGT-040,2024-02-23,887.54,Active,North Rhine-Westphalia
POL-001764,CUST-00656,Wohngebaeude,AGT-017,2024-12-14,645.51,Active,Lower Saxony
POL-001765,CUST-02063,Haftpflicht,AGT-009,2022-10-17,73.39,Active,Baden-Wuerttemberg
POL-001766,CUST-02614,Hausrat,AGT-026,2024-10-19,127.61,Active,Mecklenburg-Vorpommern
POL-001767,CUST-03911,Wohngebaeude,AGT-010,2025-03-10,745.37,Active,Berlin
POL-001768,CUST-03820,Hausrat,AGT-006,2024-10-13,168.86,Active,Bavaria
POL-001769,CUST-03276,Kfz,AGT-023,2023-04-17,496.11,Active,Hesse
POL-001770,CUST-00825,Haftpflicht,AGT-011,2024-07-22,43.93,Active,North Rhine-Westphalia
POL-001771,CUST-01095,Lebensversicherung,AGT-036,2024-08-06,2308.31,Active,Saarland
POL-001772,CUST-02280,Hausrat,AGT-030,2023-06-05,212.96,Cancelled,Hesse
POL-001773,CUST-00763,Hausrat,AGT-003,2022-06-30,116.1,Active,Bavaria
POL-001774,CUST-03882,Hausrat,AGT-034,2022-10-29,233.57,Active,Mecklenburg-Vorpommern
POL-001775,CUST-03242,Kfz,AGT-012,2025-02-05,380.11,Active,Hamburg
POL-001776,CUST-01080,Wohngebaeude,AGT-029,2023-09-08,820.49,Cancelled,Mecklenburg-Vorpommern
POL-001777,CUST-00171,Hausrat,AGT-038,2025-05-28,243.55,Active,Baden-Wuerttemberg
POL-001778,CUST-01785,Hausrat,AGT-026,2025-04-11,155.96,Cancelled,Schleswig-Holstein
POL-001779,CUST-01349,Kfz,AGT-023,2022-07-12,1295.61,Active,Hesse
POL-001780,CUST-02084,Kfz,AGT-033,2025-02-18,866.74,Active,Mecklenburg-Vorpommern
POL-001781,CUST-00974,Kfz,AGT-005,2025-06-10,1004.61,Active,North Rhine-Westphalia
POL-001782,CUST-00566,Haftpflicht,AGT-038,2022-09-20,110.8,Active,Baden-Wuerttemberg
POL-001783,CUST-00038,Lebensversicherung,AGT-018,2023-02-01,1523.23,Active,Schleswig-Holstein
POL-001784,CUST-00327,Hausrat,AGT-037,2024-07-04,231.48,Active,Berlin
POL-001785,CUST-03113,Haftpflicht,AGT-017,2023-03-01,66.34,Lapsed,Thuringia
POL-001786,CUST-02942,Hausrat,AGT-037,2025-02-21,92.01,Active,Baden-Wuerttemberg
POL-001787,CUST-03314,Haftpflicht,AGT-037,2022-09-07,60.77,Active,Saxony-Anhalt
POL-001788,CUST-00981,Kfz,AGT-038,2024-06-21,484.55,Active,Baden-Wuerttemberg
POL-001789,CUST-02620,Lebensversicherung,AGT-004,2024-04-17,1343.31,Lapsed,Thuringia
POL-001790,CUST-01614,Hausrat,AGT-032,2022-09-16,184.93,Active,Schleswig-Holstein
POL-001791,CUST-02568,Wohngebaeude,AGT-034,2024-11-24,482.81,Active,Hamburg
POL-001792,CUST-02707,Wohngebaeude,AGT-010,2023-11-11,466.0,Active,Saxony
POL-001793,CUST-03575,Haftpflicht,AGT-011,2024-12-31,93.08,Active,Saxony
POL-001794,CUST-00454,Hausrat,AGT-034,2022-01-04,204.43,Active,Rhineland-Palatinate
POL-001795,CUST-02089,Haftpflicht,AGT-033,2022-03-27,74.94,Active,Brandenburg
POL-001796,CUST-01678,Hausrat,AGT-032,2024-05-15,152.14,Active,Mecklenburg-Vorpommern
POL-001797,CUST-03988,Kfz,AGT-018,2025-02-03,579.75,Active,Thuringia
POL-001798,CUST-00326,Wohngebaeude,AGT-015,2024-08-30,434.31,Active,Berlin
POL-001799,CUST-01412,Kfz,AGT-022,2024-09-05,688.5,Active,Saxony
POL-001800,CUST-02202,Lebensversicherung,AGT-030,2025-06-29,1374.8,Cancelled,Baden-Wuerttemberg
POL-001801,CUST-01193,Lebensversicherung,AGT-034,2022-05-12,1852.66,Active,Saxony
POL-001802,CUST-03437,Haftpflicht,AGT-008,2023-10-24,100.85,Lapsed,Saarland
POL-001803,CUST-02512,Haftpflicht,AGT-027,2023-11-17,57.92,Active,Thuringia
POL-001804,CUST-01786,Kfz,AGT-020,2024-01-04,1167.58,Lapsed,Mecklenburg-Vorpommern
POL-001805,CUST-03832,Haftpflicht,AGT-001,2025-05-11,74.14,Lapsed,North Rhine-Westphalia
POL-001806,CUST-02066,Haftpflicht,AGT-012,2023-02-28,68.08,Active,Lower Saxony
POL-001807,CUST-00352,Haftpflicht,AGT-021,2023-01-28,106.97,Active,Hesse
POL-001808,CUST-02148,Kfz,AGT-018,2023-07-30,501.81,Active,Berlin
POL-001809,CUST-01563,Kfz,AGT-027,2025-05-14,525.76,Active,Schleswig-Holstein
POL-001810,CUST-03296,Haftpflicht,AGT-033,2022-04-11,116.39,Cancelled,Schleswig-Holstein
POL-001811,CUST-01229,Kfz,AGT-036,2023-02-22,556.36,Active,Thuringia
POL-001812,CUST-01535,Wohngebaeude,AGT-034,2024-06-17,723.43,Active,Saarland
POL-001813,CUST-01117,Kfz,AGT-027,2023-12-10,692.61,Lapsed,Saxony-Anhalt
POL-001814,CUST-00168,Kfz,AGT-040,2022-11-12,1287.12,Lapsed,Saarland
POL-001815,CUST-00565,Wohngebaeude,AGT-032,2024-04-05,643.09,Active,Thuringia
POL-001816,CUST-03493,Hausrat,AGT-020,2024-03-20,235.78,Active,Baden-Wuerttemberg
POL-001817,CUST-03363,Kfz,AGT-023,2022-11-10,1096.13,Active,Hesse
POL-001818,CUST-00700,Wohngebaeude,AGT-006,2024-01-17,716.5,Lapsed,Saxony-Anhalt
POL-001819,CUST-03527,Lebensversicherung,AGT-002,2023-03-22,1525.58,Active,Bremen
POL-001820,CUST-00366,Kfz,AGT-011,2023-10-18,926.47,Active,Hamburg
POL-001821,CUST-01957,Kfz,AGT-033,2025-05-28,739.32,Active,Mecklenburg-Vorpommern
POL-001822,CUST-03409,Kfz,AGT-002,2025-02-23,989.99,Lapsed,Thuringia
POL-001823,CUST-03843,Kfz,AGT-007,2025-02-26,1081.82,Active,Baden-Wuerttemberg
POL-001824,CUST-00628,Haftpflicht,AGT-037,2024-02-07,69.63,Active,Schleswig-Holstein
POL-001825,CUST-00677,Kfz,AGT-022,2023-09-21,984.22,Active,Lower Saxony
POL-001826,CUST-00729,Haftpflicht,AGT-034,2023-07-19,89.59,Active,Rhineland-Palatinate
POL-001827,CUST-01950,Haftpflicht,AGT-018,2023-11-20,93.04,Active,Hamburg
POL-001828,CUST-00151,Haftpflicht,AGT-031,2023-10-16,86.59,Active,Thuringia
POL-001829,CUST-03252,Kfz,AGT-014,2025-06-08,626.49,Active,Brandenburg
POL-001830,CUST-02693,Kfz,AGT-032,2024-06-03,913.9,Active,Hamburg
POL-001831,CUST-02974,Wohngebaeude,AGT-001,2022-12-24,865.52,Lapsed,Schleswig-Holstein
POL-001832,CUST-03878,Hausrat,AGT-016,2022-04-21,152.51,Active,Lower Saxony
POL-001833,CUST-01912,Kfz,AGT-008,2024-01-08,973.43,Cancelled,North Rhine-Westphalia
POL-001834,CUST-01894,Kfz,AGT-030,2023-11-14,1025.62,Lapsed,Brandenburg
POL-001835,CUST-00294,Hausrat,AGT-017,2023-06-23,105.67,Active,Saarland
POL-001836,CUST-01919,Kfz,AGT-033,2023-12-23,1339.71,Active,Schleswig-Holstein
POL-001837,CUST-03959,Kfz,AGT-032,2023-12-03,633.88,Active,Mecklenburg-Vorpommern
POL-001838,CUST-02538,Haftpflicht,AGT-021,2024-02-06,77.41,Active,Hesse
POL-001839,CUST-00073,Haftpflicht,AGT-038,2024-02-03,67.96,Lapsed,Saxony-Anhalt
POL-001840,CUST-01999,Haftpflicht,AGT-024,2025-05-09,64.11,Cancelled,Lower Saxony
POL-001841,CUST-03226,Hausrat,AGT-034,2024-04-04,68.42,Active,Schleswig-Holstein
POL-001842,CUST-01682,Hausrat,AGT-011,2022-08-29,207.57,Active,Brandenburg
POL-001843,CUST-00417,Haftpflicht,AGT-017,2023-09-08,41.46,Active,Bremen
POL-001844,CUST-02019,Hausrat,AGT-038,2022-07-16,108.35,Active,Rhineland-Palatinate
POL-001845,CUST-02924,Lebensversicherung,AGT-021,2022-09-12,1523.14,Active,North Rhine-Westphalia
POL-001846,CUST-01161,Haftpflicht,AGT-024,2023-03-20,79.95,Active,Mecklenburg-Vorpommern
POL-001847,CUST-02493,Kfz,AGT-025,2024-08-03,376.67,Active,Baden-Wuerttemberg
POL-001848,CUST-02700,Haftpflicht,AGT-003,2025-06-15,94.22,Active,Bremen
POL-001849,CUST-03239,Hausrat,AGT-018,2024-02-24,147.4,Active,Saarland
POL-001850,CUST-02167,Haftpflicht,AGT-021,2025-05-08,54.25,Active,Lower Saxony
POL-001851,CUST-03270,Haftpflicht,AGT-024,2022-11-16,48.79,Active,Rhineland-Palatinate
POL-001852,CUST-01646,Hausrat,AGT-016,2025-04-13,140.6,Active,Berlin
POL-001853,CUST-01508,Wohngebaeude,AGT-023,2024-09-23,899.9,Active,Hamburg
POL-001854,CUST-00545,Kfz,AGT-035,2022-04-29,827.18,Active,Schleswig-Holstein
POL-001855,CUST-01415,Hausrat,AGT-007,2023-03-14,103.79,Active,Bavaria
POL-001856,CUST-01918,Kfz,AGT-020,2023-01-24,399.48,Active,Brandenburg
POL-001857,CUST-03486,Lebensversicherung,AGT-015,2023-04-10,1250.87,Active,Hamburg
POL-001858,CUST-01098,Haftpflicht,AGT-034,2022-05-09,116.06,Cancelled,Berlin
POL-001859,CUST-03745,Hausrat,AGT-030,2022-01-23,186.2,Active,Rhineland-Palatinate
POL-001860,CUST-02297,Wohngebaeude,AGT-010,2024-06-13,790.44,Active,Bavaria
POL-001861,CUST-02742,Haftpflicht,AGT-027,2023-12-03,54.52,Active,Saarland
POL-001862,CUST-03277,Wohngebaeude,AGT-005,2023-06-26,695.28,Active,Mecklenburg-Vorpommern
POL-001863,CUST-03319,Haftpflicht,AGT-009,2025-04-09,48.29,Active,Berlin
POL-001864,CUST-02567,Wohngebaeude,AGT-011,2022-12-07,252.89,Active,Saxony
POL-001865,CUST-02399,Wohngebaeude,AGT-032,2022-06-19,846.29,Lapsed,Hesse
POL-001866,CUST-01616,Wohngebaeude,AGT-021,2025-06-21,805.6,Active,Schleswig-Holstein
POL-001867,CUST-01525,Hausrat,AGT-014,2023-07-13,131.73,Active,Thuringia
POL-001868,CUST-00400,Kfz,AGT-035,2022-06-06,464.84,Active,Thuringia
POL-001869,CUST-00769,Kfz,AGT-033,2024-02-22,1317.43,Cancelled,Thuringia
POL-001870,CUST-02655,Kfz,AGT-035,2023-02-27,930.25,Active,Berlin
POL-001871,CUST-03197,Haftpflicht,AGT-007,2024-05-28,81.04,Active,Schleswig-Holstein
POL-001872,CUST-02748,Wohngebaeude,AGT-009,2022-06-14,382.12,Active,Baden-Wuerttemberg
POL-001873,CUST-00996,Kfz,AGT-021,2024-12-05,606.02,Active,North Rhine-Westphalia
POL-001874,CUST-00693,Wohngebaeude,AGT-035,2022-08-16,329.21,Active,Mecklenburg-Vorpommern
POL-001875,CUST-03599,Kfz,AGT-026,2022-01-04,883.57,Cancelled,Bremen
POL-001876,CUST-00044,Wohngebaeude,AGT-027,2022-04-05,712.62,Active,Saarland
POL-001877,CUST-01905,Haftpflicht,AGT-025,2025-01-18,58.98,Active,Saxony-Anhalt
POL-001878,CUST-02823,Kfz,AGT-005,2024-05-12,1036.92,Active,Saxony
POL-001879,CUST-01155,Lebensversicherung,AGT-035,2024-10-18,624.02,Active,Mecklenburg-Vorpommern
POL-001880,CUST-01598,Haftpflicht,AGT-037,2023-09-06,48.24,Active,Rhineland-Palatinate
POL-001881,CUST-01219,Wohngebaeude,AGT-022,2022-11-28,470.99,Lapsed,Schleswig-Holstein
POL-001882,CUST-02412,Hausrat,AGT-040,2024-08-14,116.72,Active,North Rhine-Westphalia
POL-001883,CUST-00084,Kfz,AGT-025,2023-04-18,989.69,Lapsed,Schleswig-Holstein
POL-001884,CUST-02313,Wohngebaeude,AGT-032,2025-03-11,223.23,Active,Rhineland-Palatinate
POL-001885,CUST-00469,Kfz,AGT-039,2023-11-20,1205.07,Active,North Rhine-Westphalia
POL-001886,CUST-01531,Kfz,AGT-036,2022-05-22,1124.26,Active,Berlin
POL-001887,CUST-01603,Haftpflicht,AGT-030,2025-01-20,51.38,Cancelled,Bremen
POL-001888,CUST-03778,Kfz,AGT-016,2022-08-30,1358.76,Active,Rhineland-Palatinate
POL-001889,CUST-03199,Hausrat,AGT-022,2024-03-26,198.44,Cancelled,Mecklenburg-Vorpommern
POL-001890,CUST-01735,Wohngebaeude,AGT-037,2022-10-15,321.96,Active,Bavaria
POL-001891,CUST-03247,Haftpflicht,AGT-018,2024-11-10,76.44,Active,Hesse
POL-001892,CUST-03165,Wohngebaeude,AGT-024,2025-05-20,362.33,Active,Brandenburg
POL-001893,CUST-00018,Kfz,AGT-027,2025-06-26,1020.72,Active,Rhineland-Palatinate
POL-001894,CUST-01967,Wohngebaeude,AGT-020,2023-10-31,795.9,Active,Schleswig-Holstein
POL-001895,CUST-02892,Haftpflicht,AGT-023,2023-03-22,101.72,Active,Saxony
POL-001896,CUST-03309,Hausrat,AGT-006,2023-09-16,68.95,Active,Rhineland-Palatinate
POL-001897,CUST-02103,Kfz,AGT-038,2025-03-16,696.94,Active,Bavaria
POL-001898,CUST-03533,Lebensversicherung,AGT-039,2023-11-26,2077.66,Active,Saarland
POL-001899,CUST-02865,Lebensversicherung,AGT-002,2022-06-16,2185.44,Active,Saxony-Anhalt
POL-001900,CUST-03659,Haftpflicht,AGT-037,2024-07-14,112.6,Active,Hesse
POL-001901,CUST-00382,Kfz,AGT-026,2024-02-22,355.05,Active,Rhineland-Palatinate
POL-001902,CUST-00856,Hausrat,AGT-016,2025-02-11,172.21,Active,Schleswig-Holstein
POL-001903,CUST-03411,Kfz,AGT-026,2025-02-15,826.22,Active,Hamburg
POL-001904,CUST-00920,Wohngebaeude,AGT-020,2022-01-20,471.44,Active,Bremen
POL-001905,CUST-02618,Hausrat,AGT-031,2023-04-23,220.12,Active,North Rhine-Westphalia
POL-001906,CUST-03241,Kfz,AGT-027,2022-12-29,627.41,Active,Bremen
POL-001907,CUST-01082,Kfz,AGT-022,2024-10-20,1290.94,Active,Bavaria
POL-001908,CUST-03518,Kfz,AGT-003,2023-07-30,1291.75,Active,Bremen
POL-001909,CUST-02218,Hausrat,AGT-006,2023-03-21,220.3,Cancelled,Mecklenburg-Vorpommern
POL-001910,CUST-00665,Kfz,AGT-031,2023-11-30,1237.38,Active,Saxony-Anhalt
POL-001911,CUST-01694,Wohngebaeude,AGT-008,2023-09-05,761.92,Active,North Rhine-Westphalia
POL-001912,CUST-01257,Haftpflicht,AGT-029,2025-03-25,77.81,Active,Saxony-Anhalt
POL-001913,CUST-02316,Haftpflicht,AGT-030,2024-08-02,51.99,Active,Mecklenburg-Vorpommern
POL-001914,CUST-01384,Hausrat,AGT-018,2023-03-07,116.25,Cancelled,Bavaria
POL-001915,CUST-02079,Hausrat,AGT-017,2025-04-02,61.98,Cancelled,Mecklenburg-Vorpommern
POL-001916,CUST-00047,Haftpflicht,AGT-028,2023-12-16,99.33,Active,Saxony
POL-001917,CUST-02128,Lebensversicherung,AGT-009,2024-04-15,448.89,Cancelled,Saarland
POL-001918,CUST-03647,Kfz,AGT-030,2024-06-25,1277.31,Active,Saxony-Anhalt
POL-001919,CUST-03659,Haftpflicht,AGT-027,2023-02-25,85.56,Active,Rhineland-Palatinate
POL-001920,CUST-03054,Haftpflicht,AGT-029,2025-04-21,54.7,Active,Baden-Wuerttemberg
POL-001921,CUST-01465,Kfz,AGT-008,2024-06-15,1147.25,Active,Hamburg
POL-001922,CUST-03961,Kfz,AGT-011,2022-03-08,777.21,Active,Saxony
POL-001923,CUST-00587,Kfz,AGT-014,2023-05-11,404.48,Active,Rhineland-Palatinate
POL-001924,CUST-01644,Kfz,AGT-002,2024-02-16,373.69,Lapsed,Mecklenburg-Vorpommern
POL-001925,CUST-02786,Haftpflicht,AGT-001,2023-06-14,96.62,Active,Saxony-Anhalt
POL-001926,CUST-02203,Hausrat,AGT-026,2023-01-26,124.79,Active,Hesse
POL-001927,CUST-01408,Haftpflicht,AGT-016,2022-07-05,50.92,Active,North Rhine-Westphalia
POL-001928,CUST-01086,Kfz,AGT-017,2024-02-23,1254.56,Active,Thuringia
POL-001929,CUST-01396,Kfz,AGT-016,2024-09-07,1168.87,Active,Bavaria
POL-001930,CUST-01274,Kfz,AGT-010,2024-01-12,717.57,Active,Bavaria
POL-001931,CUST-01240,Kfz,AGT-009,2024-06-28,780.71,Active,Bavaria
POL-001932,CUST-02612,Haftpflicht,AGT-029,2024-05-18,84.05,Active,Bavaria
POL-001933,CUST-02418,Hausrat,AGT-009,2022-03-28,103.45,Active,Rhineland-Palatinate
POL-001934,CUST-03684,Wohngebaeude,AGT-006,2024-09-11,223.93,Active,Thuringia
POL-001935,CUST-03898,Haftpflicht,AGT-038,2024-04-29,113.8,Active,Hesse
POL-001936,CUST-03182,Haftpflicht,AGT-031,2024-08-24,85.27,Active,Saarland
POL-001937,CUST-00646,Kfz,AGT-020,2022-06-06,614.18,Active,Hamburg
POL-001938,CUST-02731,Kfz,AGT-037,2022-08-20,847.58,Active,Brandenburg
POL-001939,CUST-03114,Kfz,AGT-012,2022-01-18,596.18,Active,Bavaria
POL-001940,CUST-02874,Haftpflicht,AGT-003,2022-02-09,65.93,Active,Saarland
POL-001941,CUST-00087,Kfz,AGT-010,2022-06-12,507.57,Active,Bavaria
POL-001942,CUST-01502,Kfz,AGT-018,2024-09-28,728.89,Active,Schleswig-Holstein
POL-001943,CUST-03543,Haftpflicht,AGT-005,2025-06-22,51.0,Active,Schleswig-Holstein
POL-001944,CUST-01309,Haftpflicht,AGT-002,2022-09-27,109.96,Active,Saxony-Anhalt
POL-001945,CUST-01130,Kfz,AGT-011,2025-03-15,819.68,Lapsed,Rhineland-Palatinate
POL-001946,CUST-02190,Wohngebaeude,AGT-022,2024-03-26,238.78,Active,Berlin
POL-001947,CUST-02080,Kfz,AGT-032,2025-03-19,1365.98,Active,Rhineland-Palatinate
POL-001948,CUST-02897,Hausrat,AGT-001,2023-03-19,135.6,Active,Baden-Wuerttemberg
POL-001949,CUST-02435,Wohngebaeude,AGT-010,2023-11-19,511.8,Active,Mecklenburg-Vorpommern
POL-001950,CUST-02178,Haftpflicht,AGT-022,2023-07-03,99.32,Active,Lower Saxony
POL-001951,CUST-01495,Hausrat,AGT-003,2024-07-31,61.32,Active,Hamburg
POL-001952,CUST-00114,Haftpflicht,AGT-040,2024-09-16,93.54,Active,Baden-Wuerttemberg
POL-001953,CUST-02304,Haftpflicht,AGT-010,2022-04-05,49.53,Active,Saxony-Anhalt
POL-001954,CUST-03972,Kfz,AGT-037,2023-04-10,1090.28,Active,Bavaria
POL-001955,CUST-00810,Wohngebaeude,AGT-031,2025-03-24,653.21,Active,Saxony
POL-001956,CUST-03952,Haftpflicht,AGT-024,2022-07-31,67.49,Lapsed,Lower Saxony
POL-001957,CUST-02646,Kfz,AGT-029,2023-03-09,1192.18,Active,Saxony
POL-001958,CUST-03836,Lebensversicherung,AGT-030,2024-08-13,1035.34,Active,Lower Saxony
POL-001959,CUST-01225,Lebensversicherung,AGT-036,2023-09-27,2312.43,Lapsed,Rhineland-Palatinate
POL-001960,CUST-01417,Haftpflicht,AGT-039,2022-11-21,70.84,Active,Rhineland-Palatinate
POL-001961,CUST-02356,Hausrat,AGT-031,2022-12-31,117.07,Active,Rhineland-Palatinate
POL-001962,CUST-01889,Hausrat,AGT-031,2024-06-08,194.57,Active,Schleswig-Holstein
POL-001963,CUST-03619,Kfz,AGT-022,2023-09-19,557.43,Lapsed,Bremen
POL-001964,CUST-03552,Haftpflicht,AGT-025,2022-12-04,88.29,Active,Lower Saxony
POL-001965,CUST-03488,Kfz,AGT-020,2024-04-11,1140.32,Active,North Rhine-Westphalia
POL-001966,CUST-00193,Wohngebaeude,AGT-015,2025-06-10,841.05,Active,Bavaria
POL-001967,CUST-02381,Hausrat,AGT-027,2022-09-14,115.67,Cancelled,Bavaria
POL-001968,CUST-02464,Hausrat,AGT-005,2025-03-08,114.55,Active,Saxony-Anhalt
POL-001969,CUST-01180,Haftpflicht,AGT-011,2024-09-05,73.22,Active,Hesse
POL-001970,CUST-03780,Kfz,AGT-003,2023-06-20,973.59,Active,Rhineland-Palatinate
POL-001971,CUST-01100,Kfz,AGT-004,2022-06-23,1103.72,Lapsed,Thuringia
POL-001972,CUST-02912,Kfz,AGT-008,2023-05-11,464.17,Active,Saxony
POL-001973,CUST-00270,Wohngebaeude,AGT-017,2024-03-22,417.52,Active,Thuringia
POL-001974,CUST-02598,Haftpflicht,AGT-005,2022-01-27,110.3,Active,Hesse
POL-001975,CUST-01352,Wohngebaeude,AGT-040,2023-04-02,352.2,Active,Schleswig-Holstein
POL-001976,CUST-02357,Haftpflicht,AGT-035,2023-09-20,53.09,Active,Thuringia
POL-001977,CUST-01972,Hausrat,AGT-031,2024-04-30,233.2,Lapsed,Baden-Wuerttemberg
POL-001978,CUST-00082,Lebensversicherung,AGT-011,2023-05-26,2198.7,Active,Saxony
POL-001979,CUST-00968,Hausrat,AGT-026,2024-08-10,198.43,Active,North Rhine-Westphalia
POL-001980,CUST-00066,Hausrat,AGT-037,2022-10-21,174.97,Active,North Rhine-Westphalia
POL-001981,CUST-03542,Haftpflicht,AGT-020,2024-07-17,72.53,Active,Bremen
POL-001982,CUST-02891,Haftpflicht,AGT-021,2023-05-26,107.36,Active,North Rhine-Westphalia
POL-001983,CUST-01019,Hausrat,AGT-008,2023-08-05,93.45,Active,Saarland
POL-001984,CUST-01815,Haftpflicht,AGT-024,2022-05-06,98.78,Lapsed,Schleswig-Holstein
POL-001985,CUST-01253,Lebensversicherung,AGT-015,2023-04-06,1668.34,Active,Mecklenburg-Vorpommern
POL-001986,CUST-00869,Haftpflicht,AGT-038,2023-07-22,65.56,Lapsed,Saxony-Anhalt
POL-001987,CUST-00912,Kfz,AGT-022,2024-08-18,935.83,Active,Rhineland-Palatinate
POL-001988,CUST-00907,Wohngebaeude,AGT-016,2024-11-12,269.03,Active,Saarland
POL-001989,CUST-03679,Kfz,AGT-014,2023-11-29,610.98,Active,Rhineland-Palatinate
POL-001990,CUST-00625,Haftpflicht,AGT-019,2022-07-27,107.61,Active,Schleswig-Holstein
POL-001991,CUST-00782,Kfz,AGT-030,2025-03-13,915.67,Active,Rhineland-Palatinate
POL-001992,CUST-00298,Kfz,AGT-026,2022-04-02,690.41,Active,Rhineland-Palatinate
POL-001993,CUST-00117,Wohngebaeude,AGT-032,2023-10-31,267.09,Active,Saxony-Anhalt
POL-001994,CUST-02043,Lebensversicherung,AGT-004,2023-10-27,1475.51,Lapsed,Schleswig-Holstein
POL-001995,CUST-00624,Hausrat,AGT-020,2022-04-18,111.94,Cancelled,Mecklenburg-Vorpommern
POL-001996,CUST-00641,Kfz,AGT-024,2022-06-11,973.42,Lapsed,Baden-Wuerttemberg
POL-001997,CUST-03329,Kfz,AGT-003,2023-04-22,886.23,Cancelled,Baden-Wuerttemberg
POL-001998,CUST-03002,Haftpflicht,AGT-023,2023-05-26,105.78,Lapsed,Saxony-Anhalt
POL-001999,CUST-01271,Hausrat,AGT-040,2023-04-03,198.55,Cancelled,Baden-Wuerttemberg
POL-002000,CUST-02835,Hausrat,AGT-032,2024-08-21,80.91,Lapsed,Thuringia
POL-002001,CUST-01607,Haftpflicht,AGT-028,2022-09-06,111.53,Lapsed,Saxony
POL-002002,CUST-01678,Lebensversicherung,AGT-016,2022-09-27,2457.46,Active,Hamburg
POL-002003,CUST-03491,Kfz,AGT-005,2024-04-20,490.83,Active,Saxony-Anhalt
POL-002004,CUST-00539,Wohngebaeude,AGT-001,2024-06-04,366.21,Lapsed,Bavaria
POL-002005,CUST-01185,Haftpflicht,AGT-010,2022-05-30,65.01,Active,Mecklenburg-Vorpommern
POL-002006,CUST-01721,Haftpflicht,AGT-039,2024-01-05,93.41,Active,Baden-Wuerttemberg
POL-002007,CUST-01731,Kfz,AGT-002,2023-03-18,1077.37,Lapsed,North Rhine-Westphalia
POL-002008,CUST-00181,Hausrat,AGT-006,2025-04-29,67.21,Lapsed,Hamburg
POL-002009,CUST-02458,Hausrat,AGT-010,2022-04-13,199.21,Active,Lower Saxony
POL-002010,CUST-03274,Haftpflicht,AGT-026,2023-03-01,43.06,Active,Mecklenburg-Vorpommern
POL-002011,CUST-01670,Lebensversicherung,AGT-033,2025-02-10,1450.61,Active,Saxony-Anhalt
POL-002012,CUST-03814,Kfz,AGT-039,2023-12-25,1329.23,Active,Saxony-Anhalt
POL-002013,CUST-01640,Hausrat,AGT-036,2025-04-25,132.54,Active,Saxony
POL-002014,CUST-00050,Haftpflicht,AGT-031,2022-12-27,81.92,Cancelled,Saarland
POL-002015,CUST-02270,Kfz,AGT-008,2022-01-04,1110.2,Active,Brandenburg
POL-002016,CUST-01441,Haftpflicht,AGT-027,2023-01-31,76.65,Active,Bremen
POL-002017,CUST-00910,Haftpflicht,AGT-004,2022-02-28,116.75,Active,Bremen
POL-002018,CUST-02393,Lebensversicherung,AGT-037,2024-12-01,1972.52,Active,Schleswig-Holstein
POL-002019,CUST-00838,Kfz,AGT-027,2023-08-05,987.94,Active,Baden-Wuerttemberg
POL-002020,CUST-00145,Kfz,AGT-028,2024-09-11,626.61,Active,Hamburg
POL-002021,CUST-01383,Haftpflicht,AGT-032,2022-05-21,109.47,Lapsed,Baden-Wuerttemberg
POL-002022,CUST-01439,Haftpflicht,AGT-039,2023-12-27,74.49,Lapsed,Mecklenburg-Vorpommern
POL-002023,CUST-03075,Kfz,AGT-006,2023-09-14,611.39,Active,Bremen
POL-002024,CUST-00133,Kfz,AGT-009,2022-10-28,367.07,Active,Saxony-Anhalt
POL-002025,CUST-01924,Haftpflicht,AGT-031,2023-03-15,59.22,Active,Rhineland-Palatinate
POL-002026,CUST-02029,Kfz,AGT-036,2023-02-14,454.39,Active,Saxony
POL-002027,CUST-02243,Wohngebaeude,AGT-031,2022-08-09,459.82,Active,Bavaria
POL-002028,CUST-00236,Wohngebaeude,AGT-009,2022-10-22,383.83,Cancelled,Brandenburg
POL-002029,CUST-01402,Kfz,AGT-019,2022-02-18,1041.09,Active,North Rhine-Westphalia
POL-002030,CUST-02401,Haftpflicht,AGT-036,2022-03-16,93.26,Lapsed,Saarland
POL-002031,CUST-02089,Haftpflicht,AGT-031,2024-07-27,58.95,Active,Mecklenburg-Vorpommern
POL-002032,CUST-03270,Kfz,AGT-019,2023-03-16,363.85,Active,Rhineland-Palatinate
POL-002033,CUST-02377,Hausrat,AGT-006,2022-05-02,65.22,Active,Thuringia
POL-002034,CUST-00926,Kfz,AGT-002,2023-09-22,999.38,Active,Schleswig-Holstein
POL-002035,CUST-02638,Kfz,AGT-027,2025-03-09,944.71,Active,Schleswig-Holstein
POL-002036,CUST-02537,Haftpflicht,AGT-032,2024-03-04,52.21,Active,Saxony-Anhalt
POL-002037,CUST-00643,Kfz,AGT-010,2025-05-25,1188.37,Active,Bremen
POL-002038,CUST-00680,Hausrat,AGT-009,2024-04-07,70.58,Active,Hesse
POL-002039,CUST-01566,Kfz,AGT-030,2023-08-11,390.9,Active,Lower Saxony
POL-002040,CUST-02125,Kfz,AGT-037,2022-06-11,1042.26,Active,Schleswig-Holstein
POL-002041,CUST-00680,Kfz,AGT-033,2024-11-23,1243.38,Lapsed,Bavaria
POL-002042,CUST-00178,Kfz,AGT-035,2024-04-25,772.67,Lapsed,Saxony
POL-002043,CUST-02267,Kfz,AGT-019,2022-09-18,862.19,Active,Saarland
POL-002044,CUST-01564,Hausrat,AGT-013,2022-03-10,170.9,Active,Thuringia
POL-002045,CUST-03397,Kfz,AGT-036,2024-03-11,992.07,Lapsed,Brandenburg
POL-002046,CUST-00656,Kfz,AGT-017,2022-11-15,365.55,Active,Hesse
POL-002047,CUST-00784,Kfz,AGT-005,2025-01-19,1228.21,Active,Bremen
POL-002048,CUST-00171,Kfz,AGT-015,2022-06-07,665.21,Cancelled,Lower Saxony
POL-002049,CUST-01558,Wohngebaeude,AGT-025,2022-03-06,686.82,Active,Lower Saxony
POL-002050,CUST-01019,Lebensversicherung,AGT-037,2022-09-06,1629.42,Active,Mecklenburg-Vorpommern
POL-002051,CUST-03206,Kfz,AGT-006,2023-06-25,826.91,Lapsed,Lower Saxony
POL-002052,CUST-02522,Wohngebaeude,AGT-009,2025-04-03,762.97,Active,Mecklenburg-Vorpommern
POL-002053,CUST-01245,Lebensversicherung,AGT-032,2025-05-12,614.63,Active,Berlin
POL-002054,CUST-00322,Kfz,AGT-018,2022-04-03,581.47,Active,Baden-Wuerttemberg
POL-002055,CUST-03502,Haftpflicht,AGT-036,2022-08-16,115.51,Active,Brandenburg
POL-002056,CUST-02857,Kfz,AGT-015,2023-12-02,1317.71,Active,Lower Saxony
POL-002057,CUST-01269,Haftpflicht,AGT-020,2025-04-17,93.48,Active,Saxony-Anhalt
POL-002058,CUST-03246,Haftpflicht,AGT-004,2025-03-18,99.59,Lapsed,Mecklenburg-Vorpommern
POL-002059,CUST-02062,Haftpflicht,AGT-030,2023-08-30,92.85,Active,Baden-Wuerttemberg
POL-002060,CUST-03307,Kfz,AGT-023,2022-08-03,625.81,Active,Mecklenburg-Vorpommern
POL-002061,CUST-03132,Kfz,AGT-010,2024-08-28,481.4,Active,Saarland
POL-002062,CUST-01097,Haftpflicht,AGT-002,2022-04-22,76.4,Active,Bremen
POL-002063,CUST-02513,Kfz,AGT-034,2025-06-20,1008.76,Active,Rhineland-Palatinate
POL-002064,CUST-01611,Kfz,AGT-040,2022-08-07,1093.42,Active,Saxony
POL-002065,CUST-00291,Wohngebaeude,AGT-001,2024-04-08,874.43,Lapsed,Bavaria
POL-002066,CUST-01847,Kfz,AGT-023,2024-05-23,1147.03,Active,Baden-Wuerttemberg
POL-002067,CUST-02003,Hausrat,AGT-026,2025-02-13,68.64,Active,North Rhine-Westphalia
POL-002068,CUST-02638,Kfz,AGT-022,2024-12-29,982.69,Active,Lower Saxony
POL-002069,CUST-01592,Kfz,AGT-019,2023-04-08,765.97,Active,Schleswig-Holstein
POL-002070,CUST-02456,Haftpflicht,AGT-020,2024-12-03,72.0,Lapsed,Mecklenburg-Vorpommern
POL-002071,CUST-02421,Hausrat,AGT-018,2025-04-10,215.1,Active,Baden-Wuerttemberg
POL-002072,CUST-00437,Haftpflicht,AGT-002,2023-05-20,72.42,Cancelled,Bremen
POL-002073,CUST-01821,Wohngebaeude,AGT-032,2022-01-09,727.45,Cancelled,Rhineland-Palatinate
POL-002074,CUST-01270,Hausrat,AGT-039,2023-10-04,169.08,Active,Berlin
POL-002075,CUST-00423,Wohngebaeude,AGT-008,2022-03-17,510.91,Cancelled,Baden-Wuerttemberg
POL-002076,CUST-01734,Haftpflicht,AGT-004,2025-03-21,96.28,Cancelled,Schleswig-Holstein
POL-002077,CUST-01098,Hausrat,AGT-019,2022-12-15,235.16,Active,Saxony-Anhalt
POL-002078,CUST-01145,Kfz,AGT-015,2025-04-27,794.02,Active,Brandenburg
POL-002079,CUST-03792,Hausrat,AGT-022,2024-04-13,247.14,Active,Saxony
POL-002080,CUST-02785,Kfz,AGT-002,2022-08-12,854.05,Lapsed,Rhineland-Palatinate
POL-002081,CUST-03102,Haftpflicht,AGT-004,2022-01-03,110.11,Active,Saxony
POL-002082,CUST-00879,Haftpflicht,AGT-025,2024-04-07,118.4,Active,Saarland
POL-002083,CUST-01862,Hausrat,AGT-014,2024-07-23,104.72,Cancelled,Brandenburg
POL-002084,CUST-02029,Hausrat,AGT-010,2022-11-13,111.88,Cancelled,Berlin
POL-002085,CUST-03465,Wohngebaeude,AGT-034,2025-02-21,775.88,Active,Thuringia
POL-002086,CUST-00629,Lebensversicherung,AGT-031,2023-05-14,2138.31,Active,Mecklenburg-Vorpommern
POL-002087,CUST-00321,Haftpflicht,AGT-016,2022-07-09,60.86,Active,Berlin
POL-002088,CUST-01600,Wohngebaeude,AGT-029,2024-09-13,842.19,Cancelled,Hamburg
POL-002089,CUST-00415,Kfz,AGT-031,2024-01-16,937.18,Lapsed,Thuringia
POL-002090,CUST-02938,Haftpflicht,AGT-008,2022-09-14,49.48,Active,Thuringia
POL-002091,CUST-00770,Kfz,AGT-024,2025-04-18,935.16,Active,Mecklenburg-Vorpommern
POL-002092,CUST-02192,Kfz,AGT-039,2023-03-04,1210.59,Active,Lower Saxony
POL-002093,CUST-00021,Lebensversicherung,AGT-015,2023-11-03,1093.36,Active,Rhineland-Palatinate
POL-002094,CUST-03441,Kfz,AGT-007,2022-09-28,849.21,Active,Mecklenburg-Vorpommern
POL-002095,CUST-01484,Haftpflicht,AGT-021,2025-04-09,117.19,Active,North Rhine-Westphalia
POL-002096,CUST-01596,Kfz,AGT-004,2025-06-26,1320.11,Active,Baden-Wuerttemberg
POL-002097,CUST-03072,Wohngebaeude,AGT-004,2022-08-16,667.06,Active,Thuringia
POL-002098,CUST-02398,Haftpflicht,AGT-030,2024-04-30,45.63,Active,Schleswig-Holstein
POL-002099,CUST-00336,Wohngebaeude,AGT-009,2025-06-30,638.76,Cancelled,Rhineland-Palatinate
POL-002100,CUST-02684,Kfz,AGT-013,2025-02-12,887.59,Active,Brandenburg
POL-002101,CUST-02558,Hausrat,AGT-004,2024-02-08,218.12,Active,Mecklenburg-Vorpommern
POL-002102,CUST-00894,Haftpflicht,AGT-005,2023-02-07,93.91,Active,Schleswig-Holstein
POL-002103,CUST-03867,Haftpflicht,AGT-030,2024-10-08,94.1,Cancelled,Rhineland-Palatinate
POL-002104,CUST-03845,Hausrat,AGT-024,2024-04-25,222.65,Cancelled,Hamburg
POL-002105,CUST-00295,Kfz,AGT-034,2022-10-11,482.77,Active,Hesse
POL-002106,CUST-02156,Kfz,AGT-026,2023-03-13,1138.19,Lapsed,Lower Saxony
POL-002107,CUST-02570,Haftpflicht,AGT-015,2022-05-10,91.05,Lapsed,Hesse
POL-002108,CUST-02828,Kfz,AGT-028,2023-06-21,1152.81,Active,Hamburg
POL-002109,CUST-02497,Haftpflicht,AGT-038,2023-10-11,113.04,Active,Bremen
POL-002110,CUST-00604,Haftpflicht,AGT-015,2022-01-31,106.93,Lapsed,Baden-Wuerttemberg
POL-002111,CUST-01407,Hausrat,AGT-009,2023-04-13,185.13,Lapsed,Hesse
POL-002112,CUST-03734,Wohngebaeude,AGT-007,2024-04-03,763.53,Active,Rhineland-Palatinate
POL-002113,CUST-02559,Haftpflicht,AGT-037,2023-06-17,88.4,Active,Saxony
POL-002114,CUST-02519,Lebensversicherung,AGT-027,2023-10-04,707.02,Active,Schleswig-Holstein
POL-002115,CUST-03939,Kfz,AGT-016,2024-12-01,642.34,Lapsed,Hamburg
POL-002116,CUST-00463,Hausrat,AGT-008,2025-01-15,142.65,Active,Rhineland-Palatinate
POL-002117,CUST-02479,Kfz,AGT-034,2024-05-22,620.38,Active,Saarland
POL-002118,CUST-01425,Haftpflicht,AGT-039,2023-11-15,65.38,Active,North Rhine-Westphalia
POL-002119,CUST-00684,Hausrat,AGT-031,2024-03-06,192.73,Active,North Rhine-Westphalia
POL-002120,CUST-02819,Kfz,AGT-010,2023-12-31,955.98,Active,Schleswig-Holstein
POL-002121,CUST-00477,Lebensversicherung,AGT-027,2023-04-28,1329.52,Active,Mecklenburg-Vorpommern
POL-002122,CUST-00780,Haftpflicht,AGT-021,2022-02-16,57.31,Active,Baden-Wuerttemberg
POL-002123,CUST-01309,Haftpflicht,AGT-023,2022-01-14,54.02,Active,Saarland
POL-002124,CUST-03974,Haftpflicht,AGT-037,2023-04-11,97.72,Active,Saxony-Anhalt
POL-002125,CUST-01419,Lebensversicherung,AGT-005,2025-03-31,994.86,Active,Hesse
POL-002126,CUST-00350,Kfz,AGT-005,2024-07-13,632.9,Active,Berlin
POL-002127,CUST-02911,Lebensversicherung,AGT-034,2024-07-22,326.07,Active,Saxony-Anhalt
POL-002128,CUST-00427,Haftpflicht,AGT-007,2024-08-06,109.03,Active,Brandenburg
POL-002129,CUST-00126,Hausrat,AGT-001,2022-11-25,99.0,Active,Saxony-Anhalt
POL-002130,CUST-03882,Haftpflicht,AGT-033,2023-05-26,42.57,Active,Saxony
POL-002131,CUST-01911,Hausrat,AGT-015,2025-02-18,86.47,Cancelled,Saxony
POL-002132,CUST-02798,Wohngebaeude,AGT-034,2022-03-22,821.58,Active,Baden-Wuerttemberg
POL-002133,CUST-01749,Kfz,AGT-023,2024-06-22,591.0,Active,Brandenburg
POL-002134,CUST-01934,Haftpflicht,AGT-009,2022-11-02,54.71,Active,Bremen
POL-002135,CUST-02232,Wohngebaeude,AGT-031,2025-02-01,406.45,Active,Baden-Wuerttemberg
POL-002136,CUST-02860,Haftpflicht,AGT-028,2022-11-25,79.2,Active,Berlin
POL-002137,CUST-02559,Hausrat,AGT-021,2023-10-31,72.58,Active,Baden-Wuerttemberg
POL-002138,CUST-01489,Hausrat,AGT-006,2022-02-09,63.48,Active,Lower Saxony
POL-002139,CUST-02909,Hausrat,AGT-009,2025-01-06,206.03,Active,Saxony
POL-002140,CUST-01714,Kfz,AGT-001,2022-04-08,363.51,Cancelled,Hesse
POL-002141,CUST-03055,Kfz,AGT-034,2023-10-22,390.2,Active,Berlin
POL-002142,CUST-02621,Hausrat,AGT-018,2022-10-19,226.66,Active,Bremen
POL-002143,CUST-01781,Kfz,AGT-037,2023-02-24,953.03,Active,Bavaria
POL-002144,CUST-02906,Wohngebaeude,AGT-026,2022-08-18,809.84,Active,Hamburg
POL-002145,CUST-03425,Wohngebaeude,AGT-036,2024-05-23,628.55,Active,Brandenburg
POL-002146,CUST-01042,Kfz,AGT-024,2023-02-27,1251.03,Active,Schleswig-Holstein
POL-002147,CUST-01786,Kfz,AGT-026,2022-02-08,759.01,Active,Bremen
POL-002148,CUST-03231,Kfz,AGT-022,2025-01-24,651.76,Active,Lower Saxony
POL-002149,CUST-01227,Kfz,AGT-010,2022-07-14,864.29,Active,Hamburg
POL-002150,CUST-02402,Wohngebaeude,AGT-009,2022-12-15,561.01,Active,Lower Saxony
POL-002151,CUST-02680,Haftpflicht,AGT-040,2023-10-13,105.45,Cancelled,Hamburg
POL-002152,CUST-02945,Hausrat,AGT-013,2024-05-01,78.76,Active,Saxony
POL-002153,CUST-01002,Hausrat,AGT-011,2024-02-02,90.36,Active,North Rhine-Westphalia
POL-002154,CUST-01868,Kfz,AGT-029,2025-01-27,552.76,Active,Rhineland-Palatinate
POL-002155,CUST-03911,Kfz,AGT-020,2023-07-10,1127.18,Active,Mecklenburg-Vorpommern
POL-002156,CUST-02771,Kfz,AGT-013,2023-11-28,1133.46,Active,North Rhine-Westphalia
POL-002157,CUST-01351,Hausrat,AGT-011,2022-06-28,82.0,Lapsed,Thuringia
POL-002158,CUST-01897,Haftpflicht,AGT-029,2024-06-10,106.79,Active,Saxony
POL-002159,CUST-01824,Haftpflicht,AGT-018,2023-03-29,46.6,Active,Bavaria
POL-002160,CUST-03948,Lebensversicherung,AGT-023,2022-02-10,860.4,Lapsed,Bavaria
POL-002161,CUST-03428,Hausrat,AGT-035,2025-04-29,149.47,Active,Brandenburg
POL-002162,CUST-03658,Wohngebaeude,AGT-015,2022-09-26,324.66,Active,Thuringia
POL-002163,CUST-01493,Lebensversicherung,AGT-039,2023-08-28,1753.65,Lapsed,North Rhine-Westphalia
POL-002164,CUST-01815,Kfz,AGT-021,2023-12-24,941.71,Active,Baden-Wuerttemberg
POL-002165,CUST-02427,Kfz,AGT-036,2023-01-21,1174.52,Active,Brandenburg
POL-002166,CUST-00585,Hausrat,AGT-029,2024-08-15,138.22,Lapsed,Thuringia
POL-002167,CUST-01594,Hausrat,AGT-001,2022-08-02,76.67,Active,Saxony-Anhalt
POL-002168,CUST-03886,Lebensversicherung,AGT-003,2025-03-14,1322.46,Lapsed,Lower Saxony
POL-002169,CUST-03181,Wohngebaeude,AGT-014,2022-12-10,327.07,Active,Mecklenburg-Vorpommern
POL-002170,CUST-01879,Kfz,AGT-028,2024-11-18,555.55,Active,Baden-Wuerttemberg
POL-002171,CUST-03638,Kfz,AGT-034,2024-11-05,1017.4,Active,Rhineland-Palatinate
POL-002172,CUST-03697,Kfz,AGT-007,2024-10-12,644.8,Active,Rhineland-Palatinate
POL-002173,CUST-02618,Hausrat,AGT-031,2025-03-17,174.82,Active,Hesse
POL-002174,CUST-03830,Haftpflicht,AGT-004,2023-11-04,95.67,Lapsed,Rhineland-Palatinate
POL-002175,CUST-03613,Kfz,AGT-034,2024-09-21,1135.58,Active,Hesse
POL-002176,CUST-02098,Haftpflicht,AGT-026,2025-02-22,108.86,Active,Lower Saxony
POL-002177,CUST-03970,Haftpflicht,AGT-037,2023-06-13,102.08,Active,Rhineland-Palatinate
POL-002178,CUST-00017,Kfz,AGT-031,2025-03-10,358.98,Active,Brandenburg
POL-002179,CUST-03862,Hausrat,AGT-020,2025-06-06,221.43,Lapsed,Thuringia
POL-002180,CUST-01269,Haftpflicht,AGT-018,2023-06-02,109.56,Active,North Rhine-Westphalia
POL-002181,CUST-00698,Haftpflicht,AGT-028,2025-04-05,112.45,Active,Thuringia
POL-002182,CUST-01852,Kfz,AGT-023,2023-04-21,662.6,Cancelled,Lower Saxony
POL-002183,CUST-03005,Hausrat,AGT-017,2022-03-05,237.97,Active,Berlin
POL-002184,CUST-02567,Lebensversicherung,AGT-037,2024-11-22,1024.66,Active,Bremen
POL-002185,CUST-01491,Wohngebaeude,AGT-033,2025-03-18,876.29,Lapsed,Bremen
POL-002186,CUST-02036,Haftpflicht,AGT-022,2023-04-02,113.75,Active,Baden-Wuerttemberg
POL-002187,CUST-03375,Haftpflicht,AGT-014,2024-12-13,64.75,Cancelled,North Rhine-Westphalia
POL-002188,CUST-01814,Haftpflicht,AGT-007,2023-03-08,44.54,Lapsed,Bremen
POL-002189,CUST-03774,Haftpflicht,AGT-013,2024-03-05,47.51,Active,Bavaria
POL-002190,CUST-02190,Hausrat,AGT-014,2022-01-06,153.47,Active,Saxony
POL-002191,CUST-02053,Kfz,AGT-021,2023-02-09,1101.27,Active,Rhineland-Palatinate
POL-002192,CUST-02475,Wohngebaeude,AGT-022,2024-04-17,607.15,Active,Thuringia
POL-002193,CUST-00919,Hausrat,AGT-006,2022-03-30,198.33,Active,Hesse
POL-002194,CUST-00650,Lebensversicherung,AGT-030,2024-03-15,993.13,Active,Thuringia
POL-002195,CUST-00639,Wohngebaeude,AGT-017,2023-08-07,636.15,Active,North Rhine-Westphalia
POL-002196,CUST-01975,Kfz,AGT-032,2022-09-20,607.95,Active,Hamburg
POL-002197,CUST-02397,Wohngebaeude,AGT-016,2023-11-07,820.36,Active,Thuringia
POL-002198,CUST-00172,Haftpflicht,AGT-010,2024-07-13,118.94,Active,Hamburg
POL-002199,CUST-01713,Kfz,AGT-020,2023-05-31,427.33,Active,Saxony-Anhalt
POL-002200,CUST-00456,Haftpflicht,AGT-011,2024-08-20,103.94,Active,Rhineland-Palatinate
POL-002201,CUST-02601,Lebensversicherung,AGT-010,2025-05-07,505.14,Active,Bavaria
POL-002202,CUST-03011,Wohngebaeude,AGT-026,2023-10-28,220.76,Active,Hesse
POL-002203,CUST-02217,Kfz,AGT-016,2022-11-03,1301.67,Active,Bavaria
POL-002204,CUST-02284,Haftpflicht,AGT-023,2023-08-30,62.66,Active,Bavaria
POL-002205,CUST-03323,Lebensversicherung,AGT-022,2024-01-30,1113.38,Active,North Rhine-Westphalia
POL-002206,CUST-01364,Kfz,AGT-028,2024-04-15,572.86,Active,Saarland
POL-002207,CUST-02754,Haftpflicht,AGT-020,2025-01-08,88.46,Cancelled,Berlin
POL-002208,CUST-03514,Kfz,AGT-013,2022-10-08,862.57,Active,North Rhine-Westphalia
POL-002209,CUST-02129,Kfz,AGT-012,2024-04-21,387.13,Active,Rhineland-Palatinate
POL-002210,CUST-03358,Haftpflicht,AGT-010,2024-02-12,97.67,Cancelled,Hamburg
POL-002211,CUST-03879,Wohngebaeude,AGT-012,2025-02-26,212.16,Active,Bremen
POL-002212,CUST-01641,Haftpflicht,AGT-007,2023-11-22,94.12,Active,North Rhine-Westphalia
POL-002213,CUST-02955,Haftpflicht,AGT-005,2024-08-04,41.9,Cancelled,Lower Saxony
POL-002214,CUST-03475,Kfz,AGT-014,2022-04-25,567.57,Active,North Rhine-Westphalia
POL-002215,CUST-00671,Haftpflicht,AGT-008,2025-05-12,78.05,Active,Baden-Wuerttemberg
POL-002216,CUST-03093,Haftpflicht,AGT-015,2023-02-01,94.87,Active,Baden-Wuerttemberg
POL-002217,CUST-01548,Hausrat,AGT-040,2022-11-19,169.82,Active,Bavaria
POL-002218,CUST-00349,Wohngebaeude,AGT-011,2023-04-05,217.42,Active,Hamburg
POL-002219,CUST-00516,Kfz,AGT-010,2022-04-24,1292.6,Active,Bremen
POL-002220,CUST-03193,Haftpflicht,AGT-004,2023-07-27,54.55,Active,Thuringia
POL-002221,CUST-01823,Haftpflicht,AGT-011,2025-01-13,82.84,Lapsed,Hesse
POL-002222,CUST-02839,Kfz,AGT-034,2023-02-01,508.26,Lapsed,Bavaria
POL-002223,CUST-02364,Lebensversicherung,AGT-036,2022-12-09,1227.05,Active,Brandenburg
POL-002224,CUST-02375,Kfz,AGT-021,2024-05-08,733.96,Active,Schleswig-Holstein
POL-002225,CUST-01708,Haftpflicht,AGT-002,2022-01-27,107.57,Active,Schleswig-Holstein
POL-002226,CUST-01404,Haftpflicht,AGT-012,2023-06-11,113.35,Active,Berlin
POL-002227,CUST-01923,Haftpflicht,AGT-032,2024-08-11,95.59,Active,Schleswig-Holstein
POL-002228,CUST-02864,Kfz,AGT-039,2022-01-08,1200.99,Active,Thuringia
POL-002229,CUST-00217,Haftpflicht,AGT-028,2024-07-27,102.03,Active,Bremen
POL-002230,CUST-00636,Lebensversicherung,AGT-026,2022-11-10,1500.66,Active,Hesse
POL-002231,CUST-02815,Haftpflicht,AGT-005,2022-10-28,111.49,Active,Mecklenburg-Vorpommern
POL-002232,CUST-01400,Kfz,AGT-013,2024-06-15,378.19,Lapsed,Baden-Wuerttemberg
POL-002233,CUST-01586,Hausrat,AGT-026,2024-05-18,66.32,Active,Bavaria
POL-002234,CUST-03948,Wohngebaeude,AGT-026,2022-06-02,682.98,Active,Saarland
POL-002235,CUST-02605,Lebensversicherung,AGT-005,2025-03-28,2143.85,Active,Berlin
POL-002236,CUST-01076,Wohngebaeude,AGT-009,2022-12-23,732.68,Active,Saxony-Anhalt
POL-002237,CUST-01107,Kfz,AGT-006,2024-02-04,1055.86,Lapsed,Bavaria
POL-002238,CUST-02527,Kfz,AGT-036,2025-05-21,439.88,Active,Bavaria
POL-002239,CUST-00486,Haftpflicht,AGT-031,2022-01-06,114.48,Active,Mecklenburg-Vorpommern
POL-002240,CUST-00162,Haftpflicht,AGT-031,2022-07-30,69.36,Active,Lower Saxony
POL-002241,CUST-01169,Hausrat,AGT-004,2022-04-23,149.55,Active,Rhineland-Palatinate
POL-002242,CUST-02999,Haftpflicht,AGT-029,2025-01-27,86.32,Active,Bremen
POL-002243,CUST-02744,Hausrat,AGT-004,2023-08-25,138.33,Active,Baden-Wuerttemberg
POL-002244,CUST-00210,Kfz,AGT-031,2025-03-14,1321.41,Active,Lower Saxony
POL-002245,CUST-00724,Haftpflicht,AGT-001,2024-01-12,42.25,Active,Hesse
POL-002246,CUST-00670,Kfz,AGT-015,2023-08-15,943.61,Active,Saxony
POL-002247,CUST-00706,Kfz,AGT-040,2022-01-25,1389.25,Lapsed,Saarland
POL-002248,CUST-02656,Haftpflicht,AGT-030,2025-05-20,77.87,Active,Thuringia
POL-002249,CUST-02438,Hausrat,AGT-029,2025-05-12,140.23,Active,Schleswig-Holstein
POL-002250,CUST-01572,Wohngebaeude,AGT-040,2022-12-09,442.58,Active,Schleswig-Holstein
POL-002251,CUST-00342,Hausrat,AGT-026,2022-12-06,70.67,Active,Saxony-Anhalt
POL-002252,CUST-00162,Hausrat,AGT-024,2023-03-09,143.75,Active,Berlin
POL-002253,CUST-03557,Kfz,AGT-029,2025-06-08,1155.72,Lapsed,Mecklenburg-Vorpommern
POL-002254,CUST-02186,Hausrat,AGT-008,2025-05-30,144.98,Active,Mecklenburg-Vorpommern
POL-002255,CUST-01312,Hausrat,AGT-022,2022-01-10,219.12,Active,Baden-Wuerttemberg
POL-002256,CUST-02693,Wohngebaeude,AGT-003,2024-07-26,410.83,Lapsed,Brandenburg
POL-002257,CUST-00323,Hausrat,AGT-018,2024-03-11,158.08,Active,North Rhine-Westphalia
POL-002258,CUST-03265,Haftpflicht,AGT-022,2023-03-10,116.48,Active,Saxony
POL-002259,CUST-01820,Kfz,AGT-017,2022-04-03,1057.53,Active,Bavaria
POL-002260,CUST-00857,Haftpflicht,AGT-012,2025-03-28,84.63,Active,Rhineland-Palatinate
POL-002261,CUST-00448,Kfz,AGT-007,2024-06-22,1123.47,Lapsed,Baden-Wuerttemberg
POL-002262,CUST-02123,Hausrat,AGT-024,2022-04-27,233.1,Lapsed,Baden-Wuerttemberg
POL-002263,CUST-01738,Lebensversicherung,AGT-033,2023-05-28,1202.79,Active,Thuringia
POL-002264,CUST-01463,Haftpflicht,AGT-037,2022-12-06,46.11,Active,Berlin
POL-002265,CUST-00814,Kfz,AGT-018,2024-07-18,1109.37,Active,Bavaria
POL-002266,CUST-00606,Wohngebaeude,AGT-027,2022-03-23,819.32,Active,Saxony-Anhalt
POL-002267,CUST-00550,Hausrat,AGT-001,2024-10-11,185.91,Active,Thuringia
POL-002268,CUST-02118,Kfz,AGT-031,2022-12-02,1213.77,Cancelled,Lower Saxony
POL-002269,CUST-03498,Hausrat,AGT-019,2022-10-16,243.99,Active,Schleswig-Holstein
POL-002270,CUST-01250,Hausrat,AGT-025,2025-01-10,113.21,Active,Saxony
POL-002271,CUST-01974,Haftpflicht,AGT-036,2024-07-22,116.67,Lapsed,Saarland
POL-002272,CUST-01761,Lebensversicherung,AGT-006,2023-01-05,477.33,Active,Saarland
POL-002273,CUST-01410,Kfz,AGT-010,2022-04-08,1199.11,Active,Saxony
POL-002274,CUST-02063,Haftpflicht,AGT-034,2024-05-26,89.57,Active,Bremen
POL-002275,CUST-03854,Haftpflicht,AGT-031,2025-01-14,81.98,Active,Schleswig-Holstein
POL-002276,CUST-03107,Kfz,AGT-019,2023-06-13,1277.65,Cancelled,Rhineland-Palatinate
POL-002277,CUST-03794,Kfz,AGT-009,2022-08-25,1313.97,Active,Berlin
POL-002278,CUST-03943,Haftpflicht,AGT-039,2022-01-07,95.3,Active,Bremen
POL-002279,CUST-02382,Kfz,AGT-014,2022-05-12,1387.26,Active,Rhineland-Palatinate
POL-002280,CUST-03442,Haftpflicht,AGT-018,2022-02-25,48.87,Lapsed,Brandenburg
POL-002281,CUST-01729,Wohngebaeude,AGT-023,2024-09-07,622.83,Active,Baden-Wuerttemberg
POL-002282,CUST-01647,Lebensversicherung,AGT-009,2024-04-18,1519.65,Active,Rhineland-Palatinate
POL-002283,CUST-03324,Wohngebaeude,AGT-030,2022-05-08,876.26,Active,Hamburg
POL-002284,CUST-03549,Kfz,AGT-021,2023-06-01,894.38,Cancelled,Lower Saxony
POL-002285,CUST-01842,Haftpflicht,AGT-020,2022-09-26,96.52,Active,North Rhine-Westphalia
POL-002286,CUST-00722,Kfz,AGT-032,2024-06-20,1358.23,Active,Hamburg
POL-002287,CUST-01871,Hausrat,AGT-023,2022-11-28,114.01,Active,Baden-Wuerttemberg
POL-002288,CUST-00314,Wohngebaeude,AGT-014,2022-08-04,291.04,Active,Bavaria
POL-002289,CUST-02000,Haftpflicht,AGT-035,2023-01-16,84.61,Active,North Rhine-Westphalia
POL-002290,CUST-02855,Wohngebaeude,AGT-020,2024-05-02,254.3,Active,Thuringia
POL-002291,CUST-01774,Haftpflicht,AGT-021,2024-02-11,58.53,Active,Brandenburg
POL-002292,CUST-03501,Kfz,AGT-036,2022-02-28,523.51,Active,Saxony
POL-002293,CUST-03748,Kfz,AGT-034,2022-06-05,1335.05,Active,Mecklenburg-Vorpommern
POL-002294,CUST-01295,Haftpflicht,AGT-040,2022-03-26,112.91,Active,Brandenburg
POL-002295,CUST-02838,Kfz,AGT-035,2024-10-24,1285.09,Cancelled,Bremen
POL-002296,CUST-00994,Wohngebaeude,AGT-006,2023-11-04,307.88,Active,Saxony
POL-002297,CUST-03706,Wohngebaeude,AGT-030,2025-01-11,588.84,Active,Saxony
POL-002298,CUST-00852,Kfz,AGT-028,2022-11-23,1313.86,Cancelled,Hamburg
POL-002299,CUST-03808,Lebensversicherung,AGT-031,2022-09-17,2032.83,Active,Hesse
POL-002300,CUST-03186,Haftpflicht,AGT-022,2025-01-14,96.19,Active,Hesse
POL-002301,CUST-02959,Haftpflicht,AGT-016,2024-02-15,118.52,Active,Saarland
POL-002302,CUST-01793,Haftpflicht,AGT-006,2023-04-09,106.49,Cancelled,Bavaria
POL-002303,CUST-00909,Haftpflicht,AGT-018,2025-01-04,58.2,Active,Saxony-Anhalt
POL-002304,CUST-01402,Wohngebaeude,AGT-028,2024-01-25,536.24,Active,Hesse
POL-002305,CUST-02924,Wohngebaeude,AGT-003,2024-07-16,549.79,Active,Thuringia
POL-002306,CUST-02393,Kfz,AGT-031,2024-12-22,724.28,Active,Hesse
POL-002307,CUST-02742,Hausrat,AGT-009,2023-03-28,201.64,Active,Saxony-Anhalt
POL-002308,CUST-00093,Wohngebaeude,AGT-020,2024-07-06,845.95,Active,Schleswig-Holstein
POL-002309,CUST-01384,Kfz,AGT-019,2022-11-09,697.62,Lapsed,Rhineland-Palatinate
POL-002310,CUST-01877,Lebensversicherung,AGT-003,2024-07-10,2263.22,Active,Lower Saxony
POL-002311,CUST-03909,Haftpflicht,AGT-005,2025-02-16,82.99,Active,Hamburg
POL-002312,CUST-02642,Hausrat,AGT-030,2023-08-08,135.95,Active,Mecklenburg-Vorpommern
POL-002313,CUST-00042,Wohngebaeude,AGT-020,2023-12-05,466.08,Cancelled,Schleswig-Holstein
POL-002314,CUST-01767,Haftpflicht,AGT-032,2023-06-26,99.69,Active,Berlin
POL-002315,CUST-00289,Kfz,AGT-011,2023-01-01,1004.78,Active,Thuringia
POL-002316,CUST-01793,Haftpflicht,AGT-002,2024-08-10,113.44,Active,Hamburg
POL-002317,CUST-01073,Wohngebaeude,AGT-021,2023-05-05,674.17,Active,Schleswig-Holstein
POL-002318,CUST-02000,Lebensversicherung,AGT-027,2024-05-13,904.09,Active,Thuringia
POL-002319,CUST-02943,Kfz,AGT-004,2022-06-24,485.21,Active,Rhineland-Palatinate
POL-002320,CUST-00989,Haftpflicht,AGT-033,2022-03-01,95.5,Active,Mecklenburg-Vorpommern
POL-002321,CUST-01738,Kfz,AGT-036,2023-04-04,610.14,Active,Thuringia
POL-002322,CUST-00311,Wohngebaeude,AGT-003,2025-01-27,742.54,Active,Bavaria
POL-002323,CUST-00847,Lebensversicherung,AGT-030,2024-01-20,2100.94,Active,Berlin
POL-002324,CUST-02605,Kfz,AGT-029,2024-07-27,372.23,Active,Bremen
POL-002325,CUST-01499,Kfz,AGT-039,2023-10-15,1322.3,Active,Saxony-Anhalt
POL-002326,CUST-01212,Haftpflicht,AGT-023,2025-04-05,93.42,Cancelled,Thuringia
POL-002327,CUST-03999,Haftpflicht,AGT-024,2025-06-06,85.6,Active,Thuringia
POL-002328,CUST-01585,Kfz,AGT-009,2023-05-07,1072.75,Active,Baden-Wuerttemberg
POL-002329,CUST-03586,Haftpflicht,AGT-019,2023-09-08,81.12,Lapsed,Rhineland-Palatinate
POL-002330,CUST-00537,Hausrat,AGT-024,2022-11-25,191.04,Active,North Rhine-Westphalia
POL-002331,CUST-02051,Lebensversicherung,AGT-011,2024-12-20,1719.52,Active,Baden-Wuerttemberg
POL-002332,CUST-00275,Haftpflicht,AGT-040,2023-10-04,47.7,Active,Saxony
POL-002333,CUST-02911,Kfz,AGT-019,2024-02-06,866.0,Active,North Rhine-Westphalia
POL-002334,CUST-02724,Wohngebaeude,AGT-009,2022-03-24,752.64,Active,Mecklenburg-Vorpommern
POL-002335,CUST-00106,Hausrat,AGT-033,2023-06-21,148.01,Active,Hesse
POL-002336,CUST-02986,Kfz,AGT-024,2022-04-27,547.98,Active,Rhineland-Palatinate
POL-002337,CUST-03023,Kfz,AGT-019,2022-07-07,1175.06,Lapsed,Brandenburg
POL-002338,CUST-03166,Kfz,AGT-028,2022-12-21,961.89,Active,Bavaria
POL-002339,CUST-02935,Haftpflicht,AGT-006,2022-07-04,54.08,Lapsed,North Rhine-Westphalia
POL-002340,CUST-02342,Haftpflicht,AGT-021,2022-12-04,68.29,Active,North Rhine-Westphalia
POL-002341,CUST-01960,Hausrat,AGT-039,2023-08-02,235.76,Lapsed,Baden-Wuerttemberg
POL-002342,CUST-01331,Kfz,AGT-020,2023-04-30,1299.45,Active,Baden-Wuerttemberg
POL-002343,CUST-03959,Haftpflicht,AGT-008,2025-05-02,46.96,Active,Brandenburg
POL-002344,CUST-02058,Hausrat,AGT-024,2023-04-23,109.78,Active,Berlin
POL-002345,CUST-00721,Kfz,AGT-030,2025-06-30,804.03,Active,Hamburg
POL-002346,CUST-03357,Kfz,AGT-009,2024-10-07,601.18,Active,Lower Saxony
POL-002347,CUST-03617,Kfz,AGT-014,2022-12-05,1000.21,Active,Rhineland-Palatinate
POL-002348,CUST-01251,Kfz,AGT-036,2023-08-17,971.67,Active,North Rhine-Westphalia
POL-002349,CUST-02370,Haftpflicht,AGT-025,2024-12-17,96.91,Active,Brandenburg
POL-002350,CUST-03378,Wohngebaeude,AGT-037,2022-11-20,331.78,Active,North Rhine-Westphalia
POL-002351,CUST-00788,Haftpflicht,AGT-021,2022-05-24,93.66,Active,Berlin
POL-002352,CUST-01766,Kfz,AGT-026,2022-11-07,595.18,Active,Brandenburg
POL-002353,CUST-00349,Lebensversicherung,AGT-001,2022-05-22,2304.82,Lapsed,Berlin
POL-002354,CUST-00472,Hausrat,AGT-033,2025-02-27,77.53,Lapsed,Saarland
POL-002355,CUST-00124,Kfz,AGT-008,2023-10-20,1203.8,Active,Berlin
POL-002356,CUST-01020,Wohngebaeude,AGT-018,2022-02-16,734.41,Cancelled,Schleswig-Holstein
POL-002357,CUST-02020,Haftpflicht,AGT-005,2024-05-30,42.23,Active,Saarland
POL-002358,CUST-02931,Hausrat,AGT-032,2023-12-08,71.03,Active,Hesse
POL-002359,CUST-00309,Haftpflicht,AGT-025,2024-07-29,52.16,Active,Berlin
POL-002360,CUST-02713,Kfz,AGT-032,2022-02-23,1227.01,Cancelled,Baden-Wuerttemberg
POL-002361,CUST-03641,Kfz,AGT-029,2022-04-23,681.23,Cancelled,Bavaria
POL-002362,CUST-03522,Lebensversicherung,AGT-014,2025-03-20,1646.51,Active,Mecklenburg-Vorpommern
POL-002363,CUST-02433,Wohngebaeude,AGT-039,2022-02-16,209.56,Active,Mecklenburg-Vorpommern
POL-002364,CUST-02932,Haftpflicht,AGT-009,2025-05-23,59.65,Cancelled,Rhineland-Palatinate
POL-002365,CUST-02020,Kfz,AGT-007,2024-08-02,412.23,Active,Thuringia
POL-002366,CUST-02376,Haftpflicht,AGT-032,2022-01-19,102.51,Lapsed,Baden-Wuerttemberg
POL-002367,CUST-00811,Kfz,AGT-016,2022-04-10,937.4,Active,Brandenburg
POL-002368,CUST-01664,Kfz,AGT-022,2022-03-04,1189.04,Lapsed,Saarland
POL-002369,CUST-02262,Kfz,AGT-013,2025-01-14,1078.16,Active,Saxony
POL-002370,CUST-00022,Kfz,AGT-037,2023-11-18,979.77,Active,Hesse
POL-002371,CUST-03435,Haftpflicht,AGT-010,2023-10-28,113.07,Active,Thuringia
POL-002372,CUST-03565,Hausrat,AGT-008,2023-12-31,120.11,Active,Lower Saxony
POL-002373,CUST-03948,Wohngebaeude,AGT-014,2024-05-11,747.21,Lapsed,Saxony
POL-002374,CUST-02223,Hausrat,AGT-036,2023-04-27,141.39,Lapsed,Saarland
POL-002375,CUST-00789,Kfz,AGT-010,2025-02-26,1233.25,Cancelled,Bavaria
POL-002376,CUST-01799,Kfz,AGT-024,2023-04-28,781.75,Active,Hamburg
POL-002377,CUST-03024,Haftpflicht,AGT-031,2023-07-15,81.38,Cancelled,Schleswig-Holstein
POL-002378,CUST-00362,Kfz,AGT-009,2023-04-18,865.65,Active,Rhineland-Palatinate
POL-002379,CUST-00691,Kfz,AGT-037,2023-11-13,712.47,Active,Mecklenburg-Vorpommern
POL-002380,CUST-01237,Kfz,AGT-001,2023-06-17,726.27,Active,Lower Saxony
POL-002381,CUST-00326,Hausrat,AGT-024,2023-07-06,108.08,Active,Lower Saxony
POL-002382,CUST-03653,Hausrat,AGT-005,2023-03-15,193.58,Active,Mecklenburg-Vorpommern
POL-002383,CUST-00128,Kfz,AGT-013,2023-09-21,756.05,Lapsed,Baden-Wuerttemberg
POL-002384,CUST-03066,Kfz,AGT-002,2025-05-29,524.71,Lapsed,Thuringia
POL-002385,CUST-01437,Kfz,AGT-017,2023-07-07,748.04,Active,Mecklenburg-Vorpommern
POL-002386,CUST-03085,Haftpflicht,AGT-017,2023-05-21,70.38,Cancelled,Rhineland-Palatinate
POL-002387,CUST-03306,Haftpflicht,AGT-002,2022-07-03,119.09,Active,Schleswig-Holstein
POL-002388,CUST-01385,Hausrat,AGT-037,2023-10-07,113.35,Active,Hamburg
POL-002389,CUST-00029,Wohngebaeude,AGT-006,2022-02-28,206.21,Active,Hamburg
POL-002390,CUST-03177,Hausrat,AGT-010,2022-10-09,88.92,Cancelled,Mecklenburg-Vorpommern
POL-002391,CUST-02814,Wohngebaeude,AGT-009,2024-08-23,834.97,Active,Bremen
POL-002392,CUST-02173,Hausrat,AGT-015,2023-03-02,134.21,Active,North Rhine-Westphalia
POL-002393,CUST-02585,Lebensversicherung,AGT-029,2023-10-28,2143.01,Active,Berlin
POL-002394,CUST-01665,Kfz,AGT-024,2025-05-23,952.27,Active,Lower Saxony
POL-002395,CUST-03239,Kfz,AGT-017,2024-04-23,1193.7,Lapsed,Bavaria
POL-002396,CUST-02302,Kfz,AGT-018,2024-12-16,1009.78,Active,Saarland
POL-002397,CUST-01721,Wohngebaeude,AGT-012,2022-03-11,210.92,Lapsed,Thuringia
POL-002398,CUST-02908,Hausrat,AGT-008,2025-03-26,123.72,Active,Saxony
POL-002399,CUST-02512,Haftpflicht,AGT-025,2023-12-29,60.41,Active,Thuringia
POL-002400,CUST-03079,Kfz,AGT-031,2022-06-23,1380.02,Lapsed,Saxony-Anhalt
POL-002401,CUST-00691,Wohngebaeude,AGT-033,2022-09-25,532.26,Active,Bavaria
POL-002402,CUST-01831,Kfz,AGT-014,2022-05-17,1030.78,Active,Bremen
POL-002403,CUST-01307,Haftpflicht,AGT-038,2023-08-06,95.77,Active,Thuringia
POL-002404,CUST-02257,Hausrat,AGT-015,2024-04-18,195.2,Lapsed,Hamburg
POL-002405,CUST-02943,Kfz,AGT-006,2024-11-19,986.34,Active,North Rhine-Westphalia
POL-002406,CUST-02279,Kfz,AGT-007,2024-06-30,363.4,Active,Brandenburg
POL-002407,CUST-03900,Hausrat,AGT-005,2023-11-23,145.21,Active,Rhineland-Palatinate
POL-002408,CUST-03188,Kfz,AGT-037,2023-07-09,1267.65,Active,Brandenburg
POL-002409,CUST-02891,Kfz,AGT-016,2023-08-14,532.42,Active,Saxony-Anhalt
POL-002410,CUST-00874,Hausrat,AGT-031,2025-01-14,98.38,Active,Saarland
POL-002411,CUST-02351,Hausrat,AGT-036,2024-04-10,185.1,Active,Berlin
POL-002412,CUST-01335,Kfz,AGT-025,2022-10-11,785.28,Active,Bremen
POL-002413,CUST-00340,Lebensversicherung,AGT-022,2024-08-25,510.88,Active,Hesse
POL-002414,CUST-03545,Wohngebaeude,AGT-030,2022-05-13,785.05,Cancelled,Schleswig-Holstein
POL-002415,CUST-02363,Kfz,AGT-008,2022-01-05,862.02,Active,Hamburg
POL-002416,CUST-01056,Kfz,AGT-017,2023-09-08,1329.68,Active,Baden-Wuerttemberg
POL-002417,CUST-00988,Lebensversicherung,AGT-004,2025-04-08,2183.77,Active,Bremen
POL-002418,CUST-03144,Haftpflicht,AGT-020,2023-09-14,53.8,Lapsed,Saarland
POL-002419,CUST-03515,Kfz,AGT-022,2024-11-23,1313.11,Cancelled,Saxony
POL-002420,CUST-02292,Kfz,AGT-032,2024-09-15,1369.01,Active,North Rhine-Westphalia
POL-002421,CUST-02591,Haftpflicht,AGT-010,2025-02-21,110.99,Active,Saxony
POL-002422,CUST-03076,Kfz,AGT-036,2022-07-14,514.67,Lapsed,Saxony
POL-002423,CUST-03980,Hausrat,AGT-038,2024-04-11,151.78,Active,Hamburg
POL-002424,CUST-00608,Hausrat,AGT-035,2024-04-23,198.32,Active,Berlin
POL-002425,CUST-02649,Haftpflicht,AGT-024,2023-03-17,106.32,Active,Hamburg
POL-002426,CUST-00445,Kfz,AGT-001,2024-12-20,490.28,Lapsed,Berlin
POL-002427,CUST-03101,Hausrat,AGT-038,2024-08-25,61.83,Lapsed,Bavaria
POL-002428,CUST-03182,Haftpflicht,AGT-004,2023-05-19,78.99,Active,Hamburg
POL-002429,CUST-03848,Wohngebaeude,AGT-038,2024-06-09,726.02,Active,North Rhine-Westphalia
POL-002430,CUST-03643,Haftpflicht,AGT-033,2022-03-13,85.65,Active,Schleswig-Holstein
POL-002431,CUST-01248,Haftpflicht,AGT-035,2024-06-10,79.34,Active,Hamburg
POL-002432,CUST-01424,Lebensversicherung,AGT-004,2022-12-27,1654.52,Lapsed,Brandenburg
POL-002433,CUST-01618,Hausrat,AGT-021,2023-07-05,214.29,Active,Hamburg
POL-002434,CUST-00368,Haftpflicht,AGT-039,2024-01-09,94.16,Active,Lower Saxony
POL-002435,CUST-01953,Haftpflicht,AGT-037,2025-04-15,61.72,Active,North Rhine-Westphalia
POL-002436,CUST-03092,Kfz,AGT-010,2023-11-15,1152.95,Active,Hamburg
POL-002437,CUST-00925,Lebensversicherung,AGT-004,2024-03-24,1645.2,Active,Mecklenburg-Vorpommern
POL-002438,CUST-03904,Hausrat,AGT-024,2023-06-08,125.61,Cancelled,Rhineland-Palatinate
POL-002439,CUST-03109,Kfz,AGT-003,2025-06-06,1306.05,Cancelled,Bremen
POL-002440,CUST-00161,Hausrat,AGT-025,2023-06-13,207.36,Active,Baden-Wuerttemberg
POL-002441,CUST-00609,Haftpflicht,AGT-018,2023-12-04,51.73,Active,Saarland
POL-002442,CUST-02286,Haftpflicht,AGT-013,2022-09-14,67.41,Active,Bavaria
POL-002443,CUST-03604,Kfz,AGT-014,2024-01-04,1232.59,Active,Hamburg
POL-002444,CUST-02018,Hausrat,AGT-028,2023-03-04,96.88,Active,Schleswig-Holstein
POL-002445,CUST-02856,Kfz,AGT-026,2024-12-27,1340.86,Active,Rhineland-Palatinate
POL-002446,CUST-00724,Haftpflicht,AGT-012,2023-03-25,79.78,Active,Berlin
POL-002447,CUST-02939,Kfz,AGT-031,2023-04-23,1200.41,Lapsed,North Rhine-Westphalia
POL-002448,CUST-02683,Kfz,AGT-014,2025-04-11,677.8,Active,North Rhine-Westphalia
POL-002449,CUST-00810,Kfz,AGT-013,2024-07-01,361.7,Active,Berlin
POL-002450,CUST-02108,Hausrat,AGT-014,2025-01-05,228.58,Active,Saxony-Anhalt
POL-002451,CUST-02645,Haftpflicht,AGT-032,2022-06-18,50.23,Lapsed,Bavaria
POL-002452,CUST-02427,Kfz,AGT-034,2023-03-25,811.88,Lapsed,Saxony-Anhalt
POL-002453,CUST-01725,Hausrat,AGT-037,2022-08-21,150.73,Active,Bavaria
POL-002454,CUST-03458,Wohngebaeude,AGT-023,2024-03-01,407.05,Active,Hesse
POL-002455,CUST-02210,Kfz,AGT-015,2024-09-29,1048.97,Active,Saxony
POL-002456,CUST-02922,Haftpflicht,AGT-010,2022-03-03,65.86,Active,Bremen
POL-002457,CUST-02169,Kfz,AGT-024,2025-05-18,800.11,Active,Schleswig-Holstein
POL-002458,CUST-02278,Hausrat,AGT-014,2022-09-29,159.97,Active,North Rhine-Westphalia
POL-002459,CUST-02488,Kfz,AGT-030,2024-07-24,994.29,Lapsed,Berlin
POL-002460,CUST-00094,Hausrat,AGT-016,2022-06-14,191.74,Active,Saxony-Anhalt
POL-002461,CUST-03269,Hausrat,AGT-024,2024-05-11,243.15,Active,Bavaria
POL-002462,CUST-01780,Kfz,AGT-034,2022-01-24,765.93,Active,North Rhine-Westphalia
POL-002463,CUST-01220,Haftpflicht,AGT-032,2024-07-26,57.85,Active,Baden-Wuerttemberg
POL-002464,CUST-02179,Wohngebaeude,AGT-028,2025-03-09,603.9,Active,Saxony-Anhalt
POL-002465,CUST-00004,Hausrat,AGT-015,2022-07-02,229.21,Active,Saxony
POL-002466,CUST-00626,Kfz,AGT-007,2024-08-19,750.19,Active,Mecklenburg-Vorpommern
POL-002467,CUST-02347,Kfz,AGT-027,2024-06-23,659.7,Active,Schleswig-Holstein
POL-002468,CUST-00824,Hausrat,AGT-036,2025-05-06,114.92,Active,Thuringia
POL-002469,CUST-01784,Wohngebaeude,AGT-024,2023-08-09,490.33,Active,Saarland
POL-002470,CUST-00220,Kfz,AGT-010,2024-10-01,578.06,Active,Baden-Wuerttemberg
POL-002471,CUST-03871,Kfz,AGT-030,2022-10-27,1123.12,Cancelled,Mecklenburg-Vorpommern
POL-002472,CUST-03986,Hausrat,AGT-011,2023-03-30,189.75,Active,Mecklenburg-Vorpommern
POL-002473,CUST-02886,Hausrat,AGT-012,2024-08-02,98.93,Active,Berlin
POL-002474,CUST-02312,Kfz,AGT-014,2024-10-31,824.62,Active,Baden-Wuerttemberg
POL-002475,CUST-00394,Haftpflicht,AGT-038,2024-03-12,40.41,Active,Bavaria
POL-002476,CUST-02950,Kfz,AGT-002,2024-11-29,802.33,Active,Berlin
POL-002477,CUST-01247,Lebensversicherung,AGT-029,2022-11-12,1209.37,Active,Berlin
POL-002478,CUST-01488,Hausrat,AGT-018,2024-11-18,127.91,Active,Hamburg
POL-002479,CUST-02456,Wohngebaeude,AGT-013,2025-06-16,669.63,Active,Hamburg
POL-002480,CUST-02291,Kfz,AGT-007,2024-01-20,1020.43,Active,Saxony-Anhalt
POL-002481,CUST-01715,Hausrat,AGT-028,2023-05-21,196.0,Cancelled,Brandenburg
POL-002482,CUST-02821,Kfz,AGT-015,2024-10-08,1182.41,Active,North Rhine-Westphalia
POL-002483,CUST-03865,Hausrat,AGT-037,2023-10-29,84.85,Active,Thuringia
POL-002484,CUST-00360,Haftpflicht,AGT-036,2023-12-08,113.47,Active,Brandenburg
POL-002485,CUST-02166,Hausrat,AGT-035,2024-06-25,77.21,Active,Bremen
POL-002486,CUST-02484,Kfz,AGT-026,2023-06-25,722.5,Active,Berlin
POL-002487,CUST-01325,Haftpflicht,AGT-004,2024-03-20,52.62,Active,North Rhine-Westphalia
POL-002488,CUST-03395,Haftpflicht,AGT-025,2025-03-14,91.59,Active,Saxony
POL-002489,CUST-03584,Kfz,AGT-015,2023-04-01,663.08,Active,Mecklenburg-Vorpommern
POL-002490,CUST-00765,Haftpflicht,AGT-007,2022-12-29,119.74,Active,Mecklenburg-Vorpommern
POL-002491,CUST-00261,Kfz,AGT-001,2023-04-27,879.62,Active,North Rhine-Westphalia
POL-002492,CUST-01191,Kfz,AGT-025,2023-09-28,790.59,Active,Brandenburg
POL-002493,CUST-01649,Haftpflicht,AGT-017,2022-05-01,56.96,Active,Bremen
POL-002494,CUST-03038,Haftpflicht,AGT-006,2025-04-08,49.8,Active,Saxony
POL-002495,CUST-03091,Kfz,AGT-016,2023-11-24,396.49,Active,Mecklenburg-Vorpommern
POL-002496,CUST-01675,Hausrat,AGT-033,2023-12-21,164.74,Active,Baden-Wuerttemberg
POL-002497,CUST-03394,Hausrat,AGT-020,2022-04-01,68.06,Active,Rhineland-Palatinate
POL-002498,CUST-02228,Kfz,AGT-027,2024-02-03,487.57,Active,Mecklenburg-Vorpommern
POL-002499,CUST-01293,Kfz,AGT-001,2023-04-03,891.41,Active,Bavaria
POL-002500,CUST-01974,Kfz,AGT-013,2023-11-25,1174.67,Lapsed,Bavaria
POL-002501,CUST-03505,Kfz,AGT-019,2022-03-05,422.01,Lapsed,Bremen
POL-002502,CUST-01536,Kfz,AGT-036,2025-01-14,447.27,Active,Baden-Wuerttemberg
POL-002503,CUST-02370,Haftpflicht,AGT-008,2025-05-29,85.46,Active,Mecklenburg-Vorpommern
POL-002504,CUST-01460,Hausrat,AGT-022,2024-02-05,66.87,Active,Lower Saxony
POL-002505,CUST-03804,Hausrat,AGT-037,2025-04-29,102.3,Active,Bremen
POL-002506,CUST-02018,Kfz,AGT-005,2024-06-05,1184.7,Active,Bavaria
POL-002507,CUST-02448,Hausrat,AGT-014,2025-06-03,240.1,Active,Saxony-Anhalt
POL-002508,CUST-00343,Kfz,AGT-010,2022-07-27,980.17,Cancelled,Rhineland-Palatinate
POL-002509,CUST-00798,Kfz,AGT-018,2022-10-15,427.94,Active,Saxony
POL-002510,CUST-03859,Lebensversicherung,AGT-017,2022-03-28,1537.58,Active,North Rhine-Westphalia
POL-002511,CUST-02770,Lebensversicherung,AGT-005,2023-03-13,1351.6,Cancelled,Saarland
POL-002512,CUST-01579,Haftpflicht,AGT-010,2024-12-05,84.45,Active,Schleswig-Holstein
POL-002513,CUST-00280,Haftpflicht,AGT-012,2024-03-06,71.95,Lapsed,Hesse
POL-002514,CUST-01591,Hausrat,AGT-038,2023-04-16,234.2,Cancelled,Saxony-Anhalt
POL-002515,CUST-02760,Lebensversicherung,AGT-006,2024-05-29,999.6,Active,Lower Saxony
POL-002516,CUST-00260,Haftpflicht,AGT-035,2022-04-09,106.52,Active,Lower Saxony
POL-002517,CUST-02911,Hausrat,AGT-015,2022-09-27,224.06,Lapsed,Rhineland-Palatinate
POL-002518,CUST-02391,Kfz,AGT-033,2023-01-08,690.77,Active,Hesse
POL-002519,CUST-03239,Kfz,AGT-019,2022-11-05,582.22,Lapsed,Thuringia
POL-002520,CUST-02069,Hausrat,AGT-039,2025-02-10,185.04,Cancelled,Lower Saxony
POL-002521,CUST-02594,Wohngebaeude,AGT-007,2025-04-08,692.72,Active,Mecklenburg-Vorpommern
POL-002522,CUST-01472,Wohngebaeude,AGT-002,2022-04-10,876.82,Active,Baden-Wuerttemberg
POL-002523,CUST-03247,Kfz,AGT-028,2022-04-11,1234.68,Active,Lower Saxony
POL-002524,CUST-03857,Haftpflicht,AGT-036,2023-07-16,102.08,Active,Schleswig-Holstein
POL-002525,CUST-03590,Kfz,AGT-035,2024-04-13,1231.83,Active,Saarland
POL-002526,CUST-03173,Wohngebaeude,AGT-036,2023-06-10,226.7,Lapsed,Schleswig-Holstein
POL-002527,CUST-02319,Haftpflicht,AGT-023,2023-10-29,61.09,Active,Mecklenburg-Vorpommern
POL-002528,CUST-03735,Kfz,AGT-033,2023-11-12,1220.07,Active,Hesse
POL-002529,CUST-01632,Hausrat,AGT-028,2024-07-24,109.83,Active,Rhineland-Palatinate
POL-002530,CUST-01427,Hausrat,AGT-037,2025-01-23,233.76,Active,Saarland
POL-002531,CUST-00321,Kfz,AGT-020,2025-05-30,1381.94,Active,Bavaria
POL-002532,CUST-03521,Kfz,AGT-029,2024-01-06,827.02,Lapsed,Saxony
POL-002533,CUST-02569,Kfz,AGT-035,2023-01-26,1058.21,Active,Mecklenburg-Vorpommern
POL-002534,CUST-02460,Hausrat,AGT-023,2025-05-23,76.26,Active,Lower Saxony
POL-002535,CUST-02149,Haftpflicht,AGT-026,2023-08-09,79.63,Active,Brandenburg
POL-002536,CUST-01312,Hausrat,AGT-038,2024-02-08,229.13,Lapsed,Hesse
POL-002537,CUST-03304,Lebensversicherung,AGT-029,2024-03-04,584.85,Cancelled,Baden-Wuerttemberg
POL-002538,CUST-03149,Kfz,AGT-035,2024-03-10,756.29,Active,Bavaria
POL-002539,CUST-00523,Hausrat,AGT-018,2023-09-24,173.39,Lapsed,Mecklenburg-Vorpommern
POL-002540,CUST-03220,Wohngebaeude,AGT-027,2025-05-02,842.24,Active,North Rhine-Westphalia
POL-002541,CUST-03438,Kfz,AGT-032,2024-01-27,747.4,Active,Brandenburg
POL-002542,CUST-03367,Kfz,AGT-032,2022-05-09,1291.69,Cancelled,Berlin
POL-002543,CUST-01121,Kfz,AGT-012,2022-10-30,688.4,Cancelled,Thuringia
POL-002544,CUST-00003,Kfz,AGT-034,2024-03-10,1222.7,Active,Brandenburg
POL-002545,CUST-00443,Hausrat,AGT-024,2022-05-09,146.0,Cancelled,North Rhine-Westphalia
POL-002546,CUST-01475,Kfz,AGT-015,2022-11-04,358.67,Active,Baden-Wuerttemberg
POL-002547,CUST-01522,Kfz,AGT-027,2022-09-01,890.79,Active,Rhineland-Palatinate
POL-002548,CUST-00520,Kfz,AGT-008,2022-11-02,604.31,Active,Baden-Wuerttemberg
POL-002549,CUST-01058,Wohngebaeude,AGT-015,2025-03-31,389.61,Active,Schleswig-Holstein
POL-002550,CUST-00127,Wohngebaeude,AGT-035,2022-06-03,396.73,Cancelled,Saarland
POL-002551,CUST-03279,Haftpflicht,AGT-013,2023-06-28,95.57,Active,Bremen
POL-002552,CUST-02229,Wohngebaeude,AGT-010,2024-09-13,614.22,Active,Brandenburg
POL-002553,CUST-00471,Kfz,AGT-028,2022-11-01,451.5,Cancelled,Hesse
POL-002554,CUST-03852,Kfz,AGT-037,2023-03-21,866.69,Lapsed,Baden-Wuerttemberg
POL-002555,CUST-03294,Haftpflicht,AGT-037,2022-02-01,116.81,Active,Brandenburg
POL-002556,CUST-01898,Kfz,AGT-034,2024-04-16,710.99,Active,Hamburg
POL-002557,CUST-01940,Wohngebaeude,AGT-029,2023-11-12,453.14,Cancelled,Saxony-Anhalt
POL-002558,CUST-02877,Wohngebaeude,AGT-020,2024-05-04,349.24,Active,Hesse
POL-002559,CUST-00611,Kfz,AGT-021,2024-10-08,1215.16,Active,Saxony
POL-002560,CUST-00479,Kfz,AGT-005,2023-10-22,562.73,Lapsed,Saxony
POL-002561,CUST-01023,Haftpflicht,AGT-017,2023-11-10,43.68,Active,Rhineland-Palatinate
POL-002562,CUST-03942,Haftpflicht,AGT-031,2024-12-15,54.94,Active,Schleswig-Holstein
POL-002563,CUST-03749,Haftpflicht,AGT-025,2024-08-26,74.81,Active,Hesse
POL-002564,CUST-02895,Haftpflicht,AGT-033,2024-10-11,63.94,Active,Hesse
POL-002565,CUST-00296,Kfz,AGT-014,2024-08-25,679.08,Active,Mecklenburg-Vorpommern
POL-002566,CUST-01522,Haftpflicht,AGT-009,2025-05-22,55.17,Active,Lower Saxony
POL-002567,CUST-01211,Hausrat,AGT-006,2022-03-12,151.35,Active,Schleswig-Holstein
POL-002568,CUST-01588,Kfz,AGT-006,2022-09-07,365.99,Active,Brandenburg
POL-002569,CUST-02448,Haftpflicht,AGT-025,2025-04-25,103.08,Cancelled,Saxony-Anhalt
POL-002570,CUST-00839,Hausrat,AGT-014,2023-10-01,111.53,Active,Saarland
POL-002571,CUST-01485,Kfz,AGT-015,2022-09-08,1067.7,Active,Rhineland-Palatinate
POL-002572,CUST-00675,Wohngebaeude,AGT-040,2025-04-04,852.99,Active,Bremen
POL-002573,CUST-03057,Kfz,AGT-014,2022-02-21,1137.51,Lapsed,Brandenburg
POL-002574,CUST-02033,Kfz,AGT-024,2023-09-10,979.74,Active,Saxony-Anhalt
POL-002575,CUST-03006,Wohngebaeude,AGT-034,2024-04-26,638.83,Active,Baden-Wuerttemberg
POL-002576,CUST-00220,Wohngebaeude,AGT-009,2024-09-02,558.21,Active,Hesse
POL-002577,CUST-01791,Haftpflicht,AGT-015,2023-06-07,57.39,Active,Saarland
POL-002578,CUST-03902,Wohngebaeude,AGT-014,2025-04-09,807.24,Active,Saxony
POL-002579,CUST-01317,Kfz,AGT-017,2023-04-15,1264.49,Active,Bremen
POL-002580,CUST-00482,Kfz,AGT-020,2024-07-11,567.08,Active,Berlin
POL-002581,CUST-01884,Wohngebaeude,AGT-031,2025-02-11,524.33,Active,Saarland
POL-002582,CUST-01650,Kfz,AGT-025,2024-07-29,368.9,Active,Saxony-Anhalt
POL-002583,CUST-01841,Haftpflicht,AGT-025,2022-01-08,93.78,Cancelled,Hesse
POL-002584,CUST-00493,Kfz,AGT-012,2025-01-30,1245.12,Lapsed,Hesse
POL-002585,CUST-02063,Kfz,AGT-027,2023-03-12,1251.65,Lapsed,Saxony
POL-002586,CUST-00548,Haftpflicht,AGT-028,2023-06-20,101.0,Active,Berlin
POL-002587,CUST-03713,Haftpflicht,AGT-020,2023-02-09,108.04,Active,Saxony-Anhalt
POL-002588,CUST-02713,Hausrat,AGT-003,2024-06-01,168.28,Lapsed,Mecklenburg-Vorpommern
POL-002589,CUST-01119,Hausrat,AGT-035,2024-03-24,66.17,Active,Rhineland-Palatinate
POL-002590,CUST-03745,Kfz,AGT-017,2023-02-19,614.99,Active,Thuringia
POL-002591,CUST-02304,Haftpflicht,AGT-006,2023-07-22,86.26,Active,Brandenburg
POL-002592,CUST-00631,Lebensversicherung,AGT-017,2024-06-05,1073.27,Active,Bavaria
POL-002593,CUST-02795,Wohngebaeude,AGT-006,2023-04-27,527.38,Active,Bavaria
POL-002594,CUST-01034,Kfz,AGT-034,2023-04-07,1178.75,Active,Hamburg
POL-002595,CUST-01481,Hausrat,AGT-036,2025-04-01,126.43,Lapsed,Saxony-Anhalt
POL-002596,CUST-02551,Haftpflicht,AGT-016,2023-06-13,53.35,Active,Berlin
POL-002597,CUST-01680,Lebensversicherung,AGT-013,2023-03-04,1978.74,Lapsed,Mecklenburg-Vorpommern
POL-002598,CUST-01638,Kfz,AGT-030,2024-10-13,536.13,Active,Saarland
POL-002599,CUST-01479,Haftpflicht,AGT-036,2024-01-20,85.44,Active,Berlin
POL-002600,CUST-01053,Wohngebaeude,AGT-039,2023-09-25,262.51,Active,Saxony-Anhalt
POL-002601,CUST-02244,Kfz,AGT-035,2025-02-11,374.66,Lapsed,Saxony
POL-002602,CUST-00787,Haftpflicht,AGT-013,2024-10-03,108.4,Active,Bavaria
POL-002603,CUST-00471,Hausrat,AGT-024,2024-09-30,221.41,Lapsed,North Rhine-Westphalia
POL-002604,CUST-00436,Kfz,AGT-022,2022-06-17,585.14,Active,Bavaria
POL-002605,CUST-01691,Kfz,AGT-017,2023-01-11,1136.85,Active,Saxony
POL-002606,CUST-02473,Hausrat,AGT-001,2023-06-20,248.64,Active,Mecklenburg-Vorpommern
POL-002607,CUST-03717,Kfz,AGT-017,2024-02-27,1166.2,Lapsed,Bavaria
POL-002608,CUST-00367,Kfz,AGT-022,2025-05-19,949.22,Cancelled,Saarland
POL-002609,CUST-02512,Kfz,AGT-037,2022-02-24,750.49,Active,Rhineland-Palatinate
POL-002610,CUST-02393,Haftpflicht,AGT-026,2023-01-07,118.22,Active,Saxony
POL-002611,CUST-01252,Hausrat,AGT-015,2024-07-27,94.43,Active,North Rhine-Westphalia
POL-002612,CUST-01798,Haftpflicht,AGT-011,2024-03-03,85.41,Lapsed,Saxony-Anhalt
POL-002613,CUST-03459,Hausrat,AGT-024,2024-08-18,79.68,Active,Bremen
POL-002614,CUST-02003,Hausrat,AGT-030,2022-11-18,205.96,Active,Lower Saxony
POL-002615,CUST-00393,Hausrat,AGT-030,2023-09-24,188.79,Active,Berlin
POL-002616,CUST-03482,Hausrat,AGT-027,2023-01-10,198.73,Active,Hamburg
POL-002617,CUST-02818,Haftpflicht,AGT-035,2024-04-12,80.67,Lapsed,Hamburg
POL-002618,CUST-02146,Hausrat,AGT-022,2022-03-13,236.3,Active,Saarland
POL-002619,CUST-03966,Kfz,AGT-031,2023-12-12,876.0,Lapsed,Brandenburg
POL-002620,CUST-01683,Wohngebaeude,AGT-018,2023-02-03,895.0,Active,Saarland
POL-002621,CUST-02008,Kfz,AGT-026,2024-02-23,560.8,Lapsed,Hamburg
POL-002622,CUST-03312,Wohngebaeude,AGT-017,2023-12-20,616.17,Active,Bremen
POL-002623,CUST-01063,Hausrat,AGT-038,2024-03-04,133.15,Active,Bremen
POL-002624,CUST-02574,Hausrat,AGT-016,2023-12-16,127.18,Active,Bremen
POL-002625,CUST-02937,Wohngebaeude,AGT-009,2023-10-17,653.44,Active,Saxony-Anhalt
POL-002626,CUST-02652,Kfz,AGT-001,2024-10-11,528.14,Active,Schleswig-Holstein
POL-002627,CUST-01290,Hausrat,AGT-015,2024-12-09,176.12,Active,Schleswig-Holstein
POL-002628,CUST-03297,Kfz,AGT-023,2022-02-25,598.87,Active,North Rhine-Westphalia
POL-002629,CUST-01535,Hausrat,AGT-015,2024-09-14,159.75,Active,Berlin
POL-002630,CUST-02378,Hausrat,AGT-013,2024-02-01,235.73,Active,Lower Saxony
POL-002631,CUST-03998,Kfz,AGT-034,2025-05-15,748.76,Active,Schleswig-Holstein
POL-002632,CUST-01879,Wohngebaeude,AGT-014,2022-03-01,532.3,Active,Schleswig-Holstein
POL-002633,CUST-01583,Kfz,AGT-014,2022-01-03,1107.8,Active,Schleswig-Holstein
POL-002634,CUST-03286,Wohngebaeude,AGT-010,2023-10-06,272.35,Active,Rhineland-Palatinate
POL-002635,CUST-01769,Wohngebaeude,AGT-014,2024-07-14,642.15,Active,Brandenburg
POL-002636,CUST-01750,Lebensversicherung,AGT-018,2024-08-14,918.49,Active,Mecklenburg-Vorpommern
POL-002637,CUST-03485,Wohngebaeude,AGT-009,2022-03-18,373.35,Lapsed,Berlin
POL-002638,CUST-01084,Wohngebaeude,AGT-008,2025-03-14,633.53,Active,Hesse
POL-002639,CUST-03342,Wohngebaeude,AGT-005,2025-03-24,398.57,Active,Baden-Wuerttemberg
POL-002640,CUST-01979,Kfz,AGT-035,2024-09-28,808.02,Active,Thuringia
POL-002641,CUST-01075,Kfz,AGT-038,2023-09-05,1375.59,Lapsed,Saarland
POL-002642,CUST-00805,Haftpflicht,AGT-016,2024-08-19,56.17,Lapsed,Bavaria
POL-002643,CUST-03644,Haftpflicht,AGT-021,2023-06-24,60.13,Active,Saxony-Anhalt
POL-002644,CUST-00862,Kfz,AGT-022,2024-08-26,904.51,Active,Saxony-Anhalt
POL-002645,CUST-00761,Hausrat,AGT-030,2023-01-11,137.88,Active,Mecklenburg-Vorpommern
POL-002646,CUST-03098,Wohngebaeude,AGT-031,2024-08-21,433.88,Active,Baden-Wuerttemberg
POL-002647,CUST-00491,Hausrat,AGT-011,2025-01-14,189.24,Active,Rhineland-Palatinate
POL-002648,CUST-03534,Wohngebaeude,AGT-014,2024-03-28,845.71,Active,Hesse
POL-002649,CUST-02451,Kfz,AGT-038,2024-08-03,616.23,Active,Brandenburg
POL-002650,CUST-03957,Lebensversicherung,AGT-014,2022-07-29,1839.74,Lapsed,Rhineland-Palatinate
POL-002651,CUST-01370,Haftpflicht,AGT-033,2024-10-22,75.67,Active,Bavaria
POL-002652,CUST-02573,Haftpflicht,AGT-026,2022-05-16,100.68,Lapsed,Saxony-Anhalt
POL-002653,CUST-01095,Kfz,AGT-003,2022-03-03,1209.6,Active,Bremen
POL-002654,CUST-01235,Haftpflicht,AGT-029,2025-01-06,94.46,Active,Schleswig-Holstein
POL-002655,CUST-00934,Haftpflicht,AGT-017,2023-02-06,104.44,Active,Saxony-Anhalt
POL-002656,CUST-01346,Haftpflicht,AGT-019,2024-06-05,114.38,Active,Bavaria
POL-002657,CUST-01963,Wohngebaeude,AGT-012,2023-06-22,634.13,Active,Bavaria
POL-002658,CUST-03356,Kfz,AGT-033,2024-07-14,931.79,Active,Mecklenburg-Vorpommern
POL-002659,CUST-03884,Wohngebaeude,AGT-006,2023-06-09,371.99,Active,Thuringia
POL-002660,CUST-03884,Hausrat,AGT-017,2024-10-26,217.44,Cancelled,North Rhine-Westphalia
POL-002661,CUST-03042,Haftpflicht,AGT-038,2025-03-18,112.08,Active,Berlin
POL-002662,CUST-03636,Lebensversicherung,AGT-024,2022-03-10,1314.57,Active,Thuringia
POL-002663,CUST-00222,Kfz,AGT-008,2025-06-22,1006.24,Active,Saxony
POL-002664,CUST-02487,Kfz,AGT-039,2022-03-19,1293.88,Active,Mecklenburg-Vorpommern
POL-002665,CUST-02460,Haftpflicht,AGT-011,2023-03-25,41.71,Lapsed,Saxony-Anhalt
POL-002666,CUST-03970,Wohngebaeude,AGT-001,2024-03-29,446.84,Cancelled,Bavaria
POL-002667,CUST-01447,Haftpflicht,AGT-018,2025-04-29,49.39,Lapsed,North Rhine-Westphalia
POL-002668,CUST-00670,Wohngebaeude,AGT-002,2024-08-06,345.94,Active,Saxony-Anhalt
POL-002669,CUST-01337,Kfz,AGT-001,2025-02-17,1375.21,Active,Hesse
POL-002670,CUST-00160,Kfz,AGT-025,2024-12-24,497.03,Cancelled,Hesse
POL-002671,CUST-03582,Wohngebaeude,AGT-008,2022-04-24,410.67,Lapsed,North Rhine-Westphalia
POL-002672,CUST-01420,Haftpflicht,AGT-020,2022-04-25,112.76,Active,Bremen
POL-002673,CUST-03099,Kfz,AGT-032,2024-11-23,726.86,Active,Berlin
POL-002674,CUST-00616,Haftpflicht,AGT-018,2024-12-12,115.29,Lapsed,Thuringia
POL-002675,CUST-03400,Hausrat,AGT-007,2023-11-02,104.97,Active,Baden-Wuerttemberg
POL-002676,CUST-02780,Haftpflicht,AGT-013,2024-09-22,51.63,Active,Hesse
POL-002677,CUST-02404,Haftpflicht,AGT-023,2023-07-17,108.16,Lapsed,Lower Saxony
POL-002678,CUST-01496,Haftpflicht,AGT-030,2023-01-14,109.67,Active,Baden-Wuerttemberg
POL-002679,CUST-00999,Kfz,AGT-004,2023-11-25,971.34,Cancelled,Lower Saxony
POL-002680,CUST-01243,Haftpflicht,AGT-017,2025-06-24,66.27,Active,Bremen
POL-002681,CUST-02903,Haftpflicht,AGT-019,2023-11-25,41.19,Active,Brandenburg
POL-002682,CUST-03463,Haftpflicht,AGT-021,2022-08-24,110.78,Active,Hesse
POL-002683,CUST-01190,Hausrat,AGT-003,2023-08-14,137.37,Active,Thuringia
POL-002684,CUST-01480,Kfz,AGT-023,2024-04-25,975.44,Lapsed,Berlin
POL-002685,CUST-00319,Haftpflicht,AGT-004,2023-11-13,80.66,Active,Hesse
POL-002686,CUST-01351,Hausrat,AGT-020,2024-07-03,143.34,Active,Bremen
POL-002687,CUST-02353,Hausrat,AGT-012,2024-10-06,111.59,Active,Lower Saxony
POL-002688,CUST-03488,Kfz,AGT-019,2024-11-19,819.75,Active,Rhineland-Palatinate
POL-002689,CUST-00070,Haftpflicht,AGT-032,2024-08-20,89.26,Active,Brandenburg
POL-002690,CUST-01165,Wohngebaeude,AGT-036,2024-01-16,619.89,Lapsed,Hamburg
POL-002691,CUST-03463,Haftpflicht,AGT-007,2023-06-28,113.76,Active,Hesse
POL-002692,CUST-01728,Kfz,AGT-032,2025-02-28,707.97,Active,Thuringia
POL-002693,CUST-00123,Haftpflicht,AGT-011,2023-03-29,67.48,Active,Hamburg
POL-002694,CUST-00508,Haftpflicht,AGT-010,2022-02-12,70.05,Lapsed,Hesse
POL-002695,CUST-00809,Haftpflicht,AGT-005,2024-09-15,71.78,Cancelled,Saxony-Anhalt
POL-002696,CUST-02034,Lebensversicherung,AGT-004,2023-02-18,907.87,Active,Brandenburg
POL-002697,CUST-03238,Lebensversicherung,AGT-019,2023-11-20,1522.51,Active,Thuringia
POL-002698,CUST-03283,Wohngebaeude,AGT-012,2024-01-15,846.54,Cancelled,Hamburg
POL-002699,CUST-03254,Lebensversicherung,AGT-031,2023-03-16,747.78,Active,Hamburg
POL-002700,CUST-03205,Haftpflicht,AGT-040,2022-04-21,84.84,Active,Bavaria
POL-002701,CUST-02060,Kfz,AGT-027,2025-04-03,446.24,Active,North Rhine-Westphalia
POL-002702,CUST-01518,Kfz,AGT-022,2022-06-12,847.33,Active,Thuringia
POL-002703,CUST-02372,Hausrat,AGT-030,2022-07-11,178.89,Active,Rhineland-Palatinate
POL-002704,CUST-03189,Haftpflicht,AGT-040,2024-02-25,110.97,Active,Rhineland-Palatinate
POL-002705,CUST-02359,Wohngebaeude,AGT-034,2024-05-10,225.23,Cancelled,Saxony-Anhalt
POL-002706,CUST-00137,Hausrat,AGT-024,2022-02-20,246.11,Active,Berlin
POL-002707,CUST-03446,Haftpflicht,AGT-014,2022-07-10,48.64,Active,Saxony
POL-002708,CUST-02901,Haftpflicht,AGT-013,2022-04-10,42.64,Active,Rhineland-Palatinate
POL-002709,CUST-02048,Hausrat,AGT-038,2025-03-14,142.35,Active,Bavaria
POL-002710,CUST-02607,Hausrat,AGT-029,2023-04-29,163.24,Active,Baden-Wuerttemberg
POL-002711,CUST-01218,Haftpflicht,AGT-019,2025-06-13,56.9,Cancelled,Bremen
POL-002712,CUST-01771,Haftpflicht,AGT-026,2024-04-24,101.83,Active,Schleswig-Holstein
POL-002713,CUST-02227,Wohngebaeude,AGT-015,2022-10-04,717.4,Active,Baden-Wuerttemberg
POL-002714,CUST-01658,Kfz,AGT-028,2023-01-17,1130.0,Active,Schleswig-Holstein
POL-002715,CUST-03475,Kfz,AGT-002,2024-04-25,672.3,Active,Berlin
POL-002716,CUST-02455,Hausrat,AGT-028,2022-12-07,204.71,Active,Bremen
POL-002717,CUST-02798,Haftpflicht,AGT-036,2023-11-02,81.46,Active,Brandenburg
POL-002718,CUST-01590,Kfz,AGT-034,2025-03-06,527.2,Active,Baden-Wuerttemberg
POL-002719,CUST-02498,Kfz,AGT-014,2023-06-11,753.22,Cancelled,Thuringia
POL-002720,CUST-01791,Kfz,AGT-026,2023-11-01,696.8,Active,Hesse
POL-002721,CUST-00626,Kfz,AGT-025,2023-07-26,360.75,Lapsed,Bavaria
POL-002722,CUST-01099,Wohngebaeude,AGT-038,2025-03-03,763.64,Active,Hamburg
POL-002723,CUST-03676,Hausrat,AGT-008,2024-11-29,72.14,Active,Saxony
POL-002724,CUST-00598,Wohngebaeude,AGT-016,2025-03-26,747.05,Active,Hesse
POL-002725,CUST-00761,Kfz,AGT-004,2025-02-21,865.18,Active,Berlin
POL-002726,CUST-00219,Kfz,AGT-025,2025-02-16,1162.21,Active,Baden-Wuerttemberg
POL-002727,CUST-01233,Kfz,AGT-034,2024-04-27,866.54,Cancelled,Saarland
POL-002728,CUST-03225,Haftpflicht,AGT-022,2022-04-16,114.26,Active,Mecklenburg-Vorpommern
POL-002729,CUST-01841,Hausrat,AGT-026,2023-10-29,188.4,Active,Saxony-Anhalt
POL-002730,CUST-02301,Wohngebaeude,AGT-001,2024-07-31,551.69,Active,Saxony-Anhalt
POL-002731,CUST-02610,Kfz,AGT-031,2022-09-27,1312.39,Active,Schleswig-Holstein
POL-002732,CUST-03966,Hausrat,AGT-027,2025-05-17,110.15,Lapsed,Saxony
POL-002733,CUST-01046,Haftpflicht,AGT-028,2024-01-23,72.89,Active,Schleswig-Holstein
POL-002734,CUST-01196,Wohngebaeude,AGT-010,2022-12-30,229.62,Active,Hamburg
POL-002735,CUST-03545,Haftpflicht,AGT-024,2024-07-22,97.23,Active,Rhineland-Palatinate
POL-002736,CUST-03978,Kfz,AGT-034,2025-03-22,447.32,Active,Bavaria
POL-002737,CUST-00415,Wohngebaeude,AGT-016,2024-04-17,461.85,Active,Thuringia
POL-002738,CUST-00769,Kfz,AGT-012,2022-06-29,1007.2,Lapsed,Saarland
POL-002739,CUST-00839,Wohngebaeude,AGT-012,2024-04-21,697.15,Lapsed,North Rhine-Westphalia
POL-002740,CUST-02245,Hausrat,AGT-007,2022-09-21,99.37,Active,North Rhine-Westphalia
POL-002741,CUST-00318,Lebensversicherung,AGT-032,2024-11-01,1654.33,Active,Saxony-Anhalt
POL-002742,CUST-01095,Kfz,AGT-023,2025-05-20,435.6,Active,Brandenburg
POL-002743,CUST-02452,Haftpflicht,AGT-002,2024-04-12,68.95,Active,Hesse
POL-002744,CUST-02542,Haftpflicht,AGT-028,2023-01-05,68.11,Active,Lower Saxony
POL-002745,CUST-02064,Wohngebaeude,AGT-013,2023-03-18,421.57,Active,Bavaria
POL-002746,CUST-03040,Hausrat,AGT-024,2024-09-08,199.0,Active,North Rhine-Westphalia
POL-002747,CUST-00628,Haftpflicht,AGT-009,2022-01-23,87.63,Active,Bremen
POL-002748,CUST-00452,Kfz,AGT-019,2023-02-16,1214.26,Cancelled,Rhineland-Palatinate
POL-002749,CUST-01007,Lebensversicherung,AGT-006,2022-11-14,396.2,Active,Bremen
POL-002750,CUST-01741,Kfz,AGT-027,2022-06-28,538.6,Active,North Rhine-Westphalia
POL-002751,CUST-03705,Kfz,AGT-027,2023-02-17,771.79,Cancelled,Thuringia
POL-002752,CUST-01027,Haftpflicht,AGT-030,2024-05-07,101.03,Active,Thuringia
POL-002753,CUST-03663,Kfz,AGT-004,2024-07-24,1337.19,Active,Mecklenburg-Vorpommern
POL-002754,CUST-00590,Hausrat,AGT-030,2024-08-26,202.0,Active,Lower Saxony
POL-002755,CUST-03463,Kfz,AGT-028,2023-12-31,1298.59,Active,North Rhine-Westphalia
POL-002756,CUST-03920,Haftpflicht,AGT-005,2022-01-06,65.54,Active,Saxony
POL-002757,CUST-01570,Kfz,AGT-030,2024-12-06,445.88,Lapsed,Berlin
POL-002758,CUST-03260,Wohngebaeude,AGT-013,2023-05-09,455.48,Active,Rhineland-Palatinate
POL-002759,CUST-03544,Hausrat,AGT-024,2023-04-19,63.17,Active,Brandenburg
POL-002760,CUST-03568,Hausrat,AGT-027,2023-10-17,243.98,Active,North Rhine-Westphalia
POL-002761,CUST-00596,Wohngebaeude,AGT-007,2025-04-06,407.76,Active,Rhineland-Palatinate
POL-002762,CUST-02800,Kfz,AGT-017,2023-07-10,535.47,Active,Thuringia
POL-002763,CUST-02350,Hausrat,AGT-002,2023-11-09,200.45,Active,North Rhine-Westphalia
POL-002764,CUST-01249,Kfz,AGT-035,2022-05-13,689.14,Active,Thuringia
POL-002765,CUST-01166,Kfz,AGT-026,2025-05-27,582.43,Active,Rhineland-Palatinate
POL-002766,CUST-00976,Kfz,AGT-001,2024-05-03,563.24,Active,Saxony-Anhalt
POL-002767,CUST-03566,Hausrat,AGT-004,2023-02-01,148.44,Active,Brandenburg
POL-002768,CUST-03806,Kfz,AGT-029,2023-06-24,594.95,Active,Hesse
POL-002769,CUST-03960,Kfz,AGT-018,2024-08-05,361.26,Active,Lower Saxony
POL-002770,CUST-03580,Wohngebaeude,AGT-040,2023-11-30,692.63,Active,Rhineland-Palatinate
POL-002771,CUST-00380,Wohngebaeude,AGT-029,2025-03-03,721.4,Active,Saxony-Anhalt
POL-002772,CUST-02479,Haftpflicht,AGT-029,2022-08-11,76.32,Active,Saxony-Anhalt
POL-002773,CUST-00970,Hausrat,AGT-037,2024-10-07,240.85,Active,Baden-Wuerttemberg
POL-002774,CUST-03656,Lebensversicherung,AGT-038,2023-12-12,1886.44,Active,Mecklenburg-Vorpommern
POL-002775,CUST-02939,Hausrat,AGT-005,2025-01-27,95.95,Active,Berlin
POL-002776,CUST-02047,Lebensversicherung,AGT-002,2024-02-09,932.55,Active,Schleswig-Holstein
POL-002777,CUST-02885,Hausrat,AGT-019,2022-03-30,133.28,Cancelled,Saxony-Anhalt
POL-002778,CUST-03815,Wohngebaeude,AGT-024,2023-11-16,599.65,Active,Saarland
POL-002779,CUST-00028,Wohngebaeude,AGT-037,2024-02-22,805.5,Active,Saxony
POL-002780,CUST-02655,Wohngebaeude,AGT-021,2024-08-18,576.59,Active,Saxony
POL-002781,CUST-00656,Haftpflicht,AGT-027,2025-04-04,92.93,Active,Hesse
POL-002782,CUST-03355,Lebensversicherung,AGT-005,2024-02-24,2032.8,Active,Hamburg
POL-002783,CUST-00109,Haftpflicht,AGT-039,2022-02-10,99.16,Lapsed,Rhineland-Palatinate
POL-002784,CUST-00279,Haftpflicht,AGT-038,2022-01-07,87.01,Active,Bavaria
POL-002785,CUST-00201,Wohngebaeude,AGT-004,2022-05-18,657.58,Lapsed,Hesse
POL-002786,CUST-02161,Haftpflicht,AGT-002,2024-04-11,93.34,Active,Bremen
POL-002787,CUST-03215,Haftpflicht,AGT-004,2024-10-02,108.09,Active,Bremen
POL-002788,CUST-03609,Kfz,AGT-007,2024-02-29,881.85,Active,Thuringia
POL-002789,CUST-01254,Haftpflicht,AGT-028,2025-05-13,112.7,Active,Saarland
POL-002790,CUST-01483,Haftpflicht,AGT-025,2023-10-14,116.94,Active,Lower Saxony
POL-002791,CUST-01451,Lebensversicherung,AGT-008,2022-12-09,628.45,Cancelled,Saxony-Anhalt
POL-002792,CUST-02716,Haftpflicht,AGT-030,2025-03-11,114.7,Lapsed,Saxony
POL-002793,CUST-00434,Haftpflicht,AGT-028,2022-04-10,79.68,Active,Schleswig-Holstein
POL-002794,CUST-01937,Wohngebaeude,AGT-013,2024-12-11,491.25,Active,Lower Saxony
POL-002795,CUST-02035,Haftpflicht,AGT-017,2022-08-20,79.21,Active,Brandenburg
POL-002796,CUST-03537,Haftpflicht,AGT-040,2025-05-28,59.1,Cancelled,Thuringia
POL-002797,CUST-00964,Hausrat,AGT-024,2023-09-21,101.07,Active,Saarland
POL-002798,CUST-03167,Hausrat,AGT-003,2022-12-30,126.63,Lapsed,Berlin
POL-002799,CUST-01745,Kfz,AGT-037,2024-02-18,1286.66,Active,Mecklenburg-Vorpommern
POL-002800,CUST-02329,Wohngebaeude,AGT-027,2022-08-18,604.13,Cancelled,Berlin
POL-002801,CUST-00872,Kfz,AGT-005,2023-05-05,1062.16,Active,Saarland
POL-002802,CUST-01612,Haftpflicht,AGT-034,2022-03-23,65.67,Active,Saarland
POL-002803,CUST-01358,Haftpflicht,AGT-012,2023-04-28,66.35,Active,Saxony
POL-002804,CUST-03177,Kfz,AGT-036,2025-05-10,1059.31,Cancelled,Schleswig-Holstein
POL-002805,CUST-02288,Haftpflicht,AGT-011,2022-09-11,49.1,Active,Berlin
POL-002806,CUST-00946,Kfz,AGT-037,2024-01-25,478.33,Cancelled,Hesse
POL-002807,CUST-02642,Kfz,AGT-030,2023-03-29,436.84,Active,Thuringia
POL-002808,CUST-02326,Wohngebaeude,AGT-018,2022-01-17,755.25,Active,Bremen
POL-002809,CUST-03955,Haftpflicht,AGT-031,2022-04-24,65.3,Active,Saarland
POL-002810,CUST-01232,Hausrat,AGT-014,2025-02-26,74.99,Active,Hesse
POL-002811,CUST-01308,Hausrat,AGT-014,2023-03-10,117.34,Active,Baden-Wuerttemberg
POL-002812,CUST-00130,Kfz,AGT-038,2023-11-08,869.7,Active,Bremen
POL-002813,CUST-00142,Kfz,AGT-013,2025-06-21,635.26,Active,Saxony-Anhalt
POL-002814,CUST-00764,Haftpflicht,AGT-040,2023-12-23,119.34,Active,Berlin
POL-002815,CUST-03646,Haftpflicht,AGT-030,2024-04-13,82.87,Cancelled,Thuringia
POL-002816,CUST-01116,Kfz,AGT-015,2024-03-29,951.26,Active,Schleswig-Holstein
POL-002817,CUST-02937,Kfz,AGT-005,2022-08-06,413.47,Active,Hesse
POL-002818,CUST-02549,Wohngebaeude,AGT-013,2025-04-29,531.76,Active,Hesse
POL-002819,CUST-02149,Kfz,AGT-005,2022-01-03,462.14,Active,Hamburg
POL-002820,CUST-00878,Hausrat,AGT-010,2025-06-28,181.89,Active,Rhineland-Palatinate
POL-002821,CUST-01257,Haftpflicht,AGT-033,2023-10-20,56.81,Lapsed,Baden-Wuerttemberg
POL-002822,CUST-00154,Kfz,AGT-013,2023-10-28,1102.47,Active,Saxony-Anhalt
POL-002823,CUST-03429,Haftpflicht,AGT-027,2022-07-09,109.65,Active,Saxony
POL-002824,CUST-01370,Haftpflicht,AGT-021,2023-09-11,106.57,Active,Saxony
POL-002825,CUST-03402,Kfz,AGT-015,2022-12-31,1359.59,Active,Schleswig-Holstein
POL-002826,CUST-00695,Wohngebaeude,AGT-010,2025-06-29,696.44,Active,Brandenburg
POL-002827,CUST-01009,Kfz,AGT-019,2022-06-20,1138.29,Active,Mecklenburg-Vorpommern
POL-002828,CUST-03283,Haftpflicht,AGT-040,2022-05-08,113.47,Cancelled,Schleswig-Holstein
POL-002829,CUST-00208,Haftpflicht,AGT-027,2022-04-12,97.66,Active,Rhineland-Palatinate
POL-002830,CUST-00316,Lebensversicherung,AGT-004,2024-12-12,2177.11,Active,Saxony-Anhalt
POL-002831,CUST-00306,Kfz,AGT-017,2023-01-24,704.16,Active,Baden-Wuerttemberg
POL-002832,CUST-00678,Hausrat,AGT-019,2022-01-01,233.4,Active,Saarland
POL-002833,CUST-00171,Kfz,AGT-039,2022-05-18,752.12,Active,Schleswig-Holstein
POL-002834,CUST-03909,Hausrat,AGT-022,2022-06-25,160.47,Active,Berlin
POL-002835,CUST-01474,Kfz,AGT-001,2023-02-08,806.49,Active,Thuringia
POL-002836,CUST-00276,Lebensversicherung,AGT-022,2025-05-08,2060.27,Lapsed,Thuringia
POL-002837,CUST-00406,Haftpflicht,AGT-024,2024-06-18,91.74,Active,Saxony
POL-002838,CUST-03290,Haftpflicht,AGT-020,2023-11-06,54.21,Active,Saxony
POL-002839,CUST-02635,Kfz,AGT-007,2025-04-12,1255.93,Active,Saxony
POL-002840,CUST-00463,Haftpflicht,AGT-019,2025-05-29,61.63,Active,Bavaria
POL-002841,CUST-03939,Hausrat,AGT-024,2023-03-20,214.96,Active,Mecklenburg-Vorpommern
POL-002842,CUST-00496,Wohngebaeude,AGT-019,2025-04-05,332.69,Lapsed,Hamburg
POL-002843,CUST-03395,Kfz,AGT-011,2022-01-12,1301.05,Lapsed,Bavaria
POL-002844,CUST-00624,Kfz,AGT-004,2023-09-11,1284.53,Active,Brandenburg
POL-002845,CUST-02062,Hausrat,AGT-033,2024-06-11,177.47,Cancelled,Mecklenburg-Vorpommern
POL-002846,CUST-02831,Haftpflicht,AGT-035,2023-09-01,83.5,Active,Saxony
POL-002847,CUST-02712,Lebensversicherung,AGT-025,2025-05-13,574.17,Active,Thuringia
POL-002848,CUST-01279,Lebensversicherung,AGT-018,2022-07-28,2308.91,Active,Lower Saxony
POL-002849,CUST-00613,Lebensversicherung,AGT-008,2023-10-04,721.06,Active,Bavaria
POL-002850,CUST-02120,Wohngebaeude,AGT-021,2022-07-21,333.48,Lapsed,Berlin
POL-002851,CUST-02186,Kfz,AGT-011,2024-04-04,1220.26,Lapsed,Rhineland-Palatinate
POL-002852,CUST-02930,Kfz,AGT-001,2025-01-17,613.24,Active,Hesse
POL-002853,CUST-03862,Wohngebaeude,AGT-026,2023-05-31,476.18,Active,Baden-Wuerttemberg
POL-002854,CUST-00572,Hausrat,AGT-021,2022-11-20,61.91,Active,Schleswig-Holstein
POL-002855,CUST-03277,Kfz,AGT-003,2025-01-04,795.11,Lapsed,Saarland
POL-002856,CUST-02536,Haftpflicht,AGT-013,2023-09-29,101.82,Active,Saarland
POL-002857,CUST-03728,Hausrat,AGT-031,2024-05-23,194.58,Active,Saarland
POL-002858,CUST-01839,Haftpflicht,AGT-022,2022-10-02,46.0,Active,Brandenburg
POL-002859,CUST-03411,Wohngebaeude,AGT-014,2022-04-17,214.32,Active,Saxony-Anhalt
POL-002860,CUST-03336,Wohngebaeude,AGT-039,2022-02-08,681.55,Active,Saarland
POL-002861,CUST-01893,Lebensversicherung,AGT-009,2022-10-24,924.05,Active,Saxony
POL-002862,CUST-01790,Haftpflicht,AGT-035,2023-08-16,110.83,Active,Berlin
POL-002863,CUST-01780,Haftpflicht,AGT-015,2024-09-21,119.85,Active,Thuringia
POL-002864,CUST-00424,Hausrat,AGT-036,2023-03-26,165.55,Active,Berlin
POL-002865,CUST-02567,Wohngebaeude,AGT-011,2023-01-28,879.17,Active,Bremen
POL-002866,CUST-01959,Haftpflicht,AGT-003,2024-05-23,81.28,Active,Rhineland-Palatinate
POL-002867,CUST-00947,Haftpflicht,AGT-006,2024-07-24,101.86,Active,Saxony-Anhalt
POL-002868,CUST-02972,Haftpflicht,AGT-028,2022-05-25,105.65,Active,Saxony
POL-002869,CUST-01280,Hausrat,AGT-030,2023-01-27,120.56,Active,Saxony-Anhalt
POL-002870,CUST-02685,Kfz,AGT-001,2024-08-19,1382.58,Active,Saxony-Anhalt
POL-002871,CUST-03172,Kfz,AGT-020,2025-02-17,929.16,Active,Mecklenburg-Vorpommern
POL-002872,CUST-02067,Kfz,AGT-027,2023-12-11,828.87,Active,Hamburg
POL-002873,CUST-03828,Kfz,AGT-001,2022-05-25,599.56,Lapsed,Saxony-Anhalt
POL-002874,CUST-03031,Kfz,AGT-023,2023-06-11,930.07,Active,Saxony
POL-002875,CUST-01379,Kfz,AGT-007,2024-01-30,961.83,Active,Berlin
POL-002876,CUST-01438,Hausrat,AGT-019,2023-11-02,176.34,Active,Hamburg
POL-002877,CUST-03063,Kfz,AGT-007,2023-12-27,465.22,Active,Hamburg
POL-002878,CUST-00944,Haftpflicht,AGT-028,2023-12-03,48.58,Active,Saxony-Anhalt
POL-002879,CUST-01373,Hausrat,AGT-002,2022-01-21,239.13,Active,Saarland
POL-002880,CUST-01069,Kfz,AGT-009,2022-10-19,497.7,Active,Saarland
POL-002881,CUST-03924,Wohngebaeude,AGT-003,2024-08-12,807.86,Cancelled,Berlin
POL-002882,CUST-03382,Wohngebaeude,AGT-035,2022-12-20,351.54,Active,Baden-Wuerttemberg
POL-002883,CUST-02679,Haftpflicht,AGT-037,2024-12-13,105.28,Active,Saxony-Anhalt
POL-002884,CUST-03039,Lebensversicherung,AGT-021,2023-09-22,1784.44,Lapsed,Lower Saxony
POL-002885,CUST-01300,Kfz,AGT-038,2022-11-27,813.3,Active,Saarland
POL-002886,CUST-01253,Wohngebaeude,AGT-039,2023-03-22,249.23,Lapsed,Berlin
POL-002887,CUST-02192,Kfz,AGT-033,2022-08-04,1292.55,Active,Rhineland-Palatinate
POL-002888,CUST-01370,Kfz,AGT-038,2024-06-03,1118.6,Lapsed,Bavaria
POL-002889,CUST-03282,Kfz,AGT-002,2024-12-26,450.3,Active,Hamburg
POL-002890,CUST-02776,Kfz,AGT-003,2024-02-02,1101.03,Lapsed,Hesse
POL-002891,CUST-02894,Kfz,AGT-017,2022-11-10,669.78,Active,Baden-Wuerttemberg
POL-002892,CUST-03984,Haftpflicht,AGT-028,2022-10-03,81.42,Active,Saarland
POL-002893,CUST-00264,Haftpflicht,AGT-019,2023-01-28,54.7,Active,Saarland
POL-002894,CUST-00526,Wohngebaeude,AGT-002,2022-01-23,346.74,Active,Brandenburg
POL-002895,CUST-00840,Hausrat,AGT-020,2023-06-08,100.48,Active,Lower Saxony
POL-002896,CUST-00185,Kfz,AGT-002,2024-01-10,419.66,Active,Mecklenburg-Vorpommern
POL-002897,CUST-00453,Kfz,AGT-013,2022-01-25,1010.46,Active,Thuringia
POL-002898,CUST-00546,Haftpflicht,AGT-004,2024-07-21,85.7,Active,Hesse
POL-002899,CUST-02445,Hausrat,AGT-023,2022-09-19,189.01,Active,Bremen
POL-002900,CUST-03256,Kfz,AGT-005,2022-06-24,863.58,Active,Saarland
POL-002901,CUST-01951,Hausrat,AGT-029,2024-07-18,153.31,Lapsed,Baden-Wuerttemberg
POL-002902,CUST-00314,Kfz,AGT-009,2024-09-10,837.96,Lapsed,Baden-Wuerttemberg
POL-002903,CUST-01870,Haftpflicht,AGT-011,2025-03-21,57.86,Active,Saarland
POL-002904,CUST-02405,Kfz,AGT-017,2023-07-18,729.31,Active,Hamburg
POL-002905,CUST-03238,Lebensversicherung,AGT-030,2022-06-23,1719.44,Lapsed,Rhineland-Palatinate
POL-002906,CUST-02809,Kfz,AGT-002,2025-01-07,933.3,Active,Mecklenburg-Vorpommern
POL-002907,CUST-02596,Hausrat,AGT-007,2022-03-24,107.12,Active,Saarland
POL-002908,CUST-00790,Wohngebaeude,AGT-037,2024-11-10,432.02,Active,Thuringia
POL-002909,CUST-00136,Kfz,AGT-024,2024-03-12,1106.31,Lapsed,Brandenburg
POL-002910,CUST-01836,Hausrat,AGT-006,2023-04-28,170.87,Active,Thuringia
POL-002911,CUST-01287,Kfz,AGT-027,2024-04-20,589.3,Lapsed,Bavaria
POL-002912,CUST-03947,Kfz,AGT-005,2022-04-22,1125.83,Active,Berlin
POL-002913,CUST-02814,Haftpflicht,AGT-023,2023-07-26,54.87,Active,Saxony-Anhalt
POL-002914,CUST-01094,Hausrat,AGT-019,2023-03-25,188.02,Cancelled,North Rhine-Westphalia
POL-002915,CUST-02776,Haftpflicht,AGT-027,2024-11-23,96.66,Active,Saxony
POL-002916,CUST-03273,Hausrat,AGT-007,2022-10-05,245.24,Active,North Rhine-Westphalia
POL-002917,CUST-02782,Hausrat,AGT-001,2024-07-21,208.13,Cancelled,Bavaria
POL-002918,CUST-03113,Hausrat,AGT-005,2025-06-20,118.97,Cancelled,Saxony
POL-002919,CUST-01504,Kfz,AGT-032,2022-08-05,1072.49,Active,Bavaria
POL-002920,CUST-03637,Wohngebaeude,AGT-002,2023-07-27,266.34,Cancelled,Brandenburg
POL-002921,CUST-02138,Haftpflicht,AGT-027,2024-04-17,78.68,Active,Schleswig-Holstein
POL-002922,CUST-01198,Kfz,AGT-020,2024-06-06,482.39,Lapsed,Saarland
POL-002923,CUST-01698,Kfz,AGT-031,2023-06-14,941.1,Active,Bavaria
POL-002924,CUST-03190,Lebensversicherung,AGT-001,2024-10-25,1319.01,Active,Saxony
POL-002925,CUST-02702,Kfz,AGT-019,2022-04-07,1077.59,Active,Bavaria
POL-002926,CUST-01541,Haftpflicht,AGT-028,2022-10-03,64.64,Active,Saarland
POL-002927,CUST-03322,Hausrat,AGT-004,2023-06-10,174.14,Active,North Rhine-Westphalia
POL-002928,CUST-00415,Kfz,AGT-030,2023-04-12,889.1,Active,Hesse
POL-002929,CUST-01914,Kfz,AGT-002,2025-03-20,518.89,Active,Lower Saxony
POL-002930,CUST-02096,Kfz,AGT-028,2023-01-28,412.15,Active,Brandenburg
POL-002931,CUST-01083,Kfz,AGT-023,2023-05-22,437.92,Active,Saxony-Anhalt
POL-002932,CUST-01505,Kfz,AGT-039,2022-09-13,524.35,Active,Saarland
POL-002933,CUST-03701,Kfz,AGT-030,2023-05-19,634.79,Active,Hesse
POL-002934,CUST-01922,Haftpflicht,AGT-019,2024-02-20,104.49,Active,Thuringia
POL-002935,CUST-03586,Kfz,AGT-010,2022-10-10,680.96,Active,Baden-Wuerttemberg
POL-002936,CUST-00273,Wohngebaeude,AGT-008,2023-06-13,276.45,Active,Bavaria
POL-002937,CUST-02003,Hausrat,AGT-007,2022-02-26,132.04,Active,Mecklenburg-Vorpommern
POL-002938,CUST-00136,Hausrat,AGT-024,2023-02-22,70.02,Lapsed,Saxony
POL-002939,CUST-02650,Kfz,AGT-028,2023-09-26,628.02,Lapsed,Bremen
POL-002940,CUST-01498,Hausrat,AGT-013,2023-05-16,202.17,Active,Hesse
POL-002941,CUST-03410,Kfz,AGT-027,2024-05-19,475.92,Active,Thuringia
POL-002942,CUST-02504,Hausrat,AGT-020,2025-06-26,168.47,Active,Hesse
POL-002943,CUST-03486,Haftpflicht,AGT-022,2022-06-24,82.72,Active,Bremen
POL-002944,CUST-00632,Hausrat,AGT-026,2023-10-11,161.71,Active,Saxony-Anhalt
POL-002945,CUST-02507,Kfz,AGT-038,2022-08-07,633.2,Lapsed,Brandenburg
POL-002946,CUST-00548,Lebensversicherung,AGT-013,2023-01-10,2057.96,Active,Saxony-Anhalt
POL-002947,CUST-02842,Haftpflicht,AGT-014,2023-12-14,80.89,Cancelled,Thuringia
POL-002948,CUST-00124,Wohngebaeude,AGT-022,2022-12-18,555.59,Active,Saarland
POL-002949,CUST-02083,Kfz,AGT-006,2024-10-15,1101.88,Active,Bremen
POL-002950,CUST-03236,Wohngebaeude,AGT-019,2024-01-09,381.47,Lapsed,Saxony-Anhalt
POL-002951,CUST-01977,Kfz,AGT-017,2024-08-27,866.96,Active,Schleswig-Holstein
POL-002952,CUST-01005,Haftpflicht,AGT-003,2023-06-26,103.55,Active,Brandenburg
POL-002953,CUST-01584,Wohngebaeude,AGT-037,2022-04-10,504.33,Active,Hesse
POL-002954,CUST-03934,Haftpflicht,AGT-030,2025-01-23,74.75,Active,Saxony-Anhalt
POL-002955,CUST-00934,Wohngebaeude,AGT-036,2024-10-14,523.85,Active,Brandenburg
POL-002956,CUST-00413,Hausrat,AGT-009,2024-02-17,63.93,Active,Schleswig-Holstein
POL-002957,CUST-01038,Kfz,AGT-023,2022-11-18,1252.69,Active,Hamburg
POL-002958,CUST-03416,Kfz,AGT-040,2024-06-08,413.47,Lapsed,Rhineland-Palatinate
POL-002959,CUST-01804,Kfz,AGT-037,2023-06-02,842.17,Active,Hesse
POL-002960,CUST-01216,Haftpflicht,AGT-013,2022-08-02,96.53,Active,Mecklenburg-Vorpommern
POL-002961,CUST-00241,Hausrat,AGT-015,2023-03-22,85.02,Active,Brandenburg
POL-002962,CUST-02176,Kfz,AGT-017,2025-05-08,883.94,Cancelled,Hesse
POL-002963,CUST-02809,Haftpflicht,AGT-016,2025-03-19,68.6,Active,Saarland
POL-002964,CUST-02974,Haftpflicht,AGT-017,2023-06-26,85.59,Active,Brandenburg
POL-002965,CUST-01451,Hausrat,AGT-030,2023-12-27,195.14,Active,Lower Saxony
POL-002966,CUST-02020,Kfz,AGT-019,2023-01-31,1111.93,Active,Hesse
POL-002967,CUST-00544,Haftpflicht,AGT-010,2022-08-07,82.33,Cancelled,Schleswig-Holstein
POL-002968,CUST-03953,Wohngebaeude,AGT-014,2022-11-27,349.29,Active,Hesse
POL-002969,CUST-03761,Haftpflicht,AGT-018,2022-07-29,76.93,Active,Schleswig-Holstein
POL-002970,CUST-01596,Lebensversicherung,AGT-022,2023-07-24,1902.48,Active,Lower Saxony
POL-002971,CUST-02068,Kfz,AGT-006,2025-02-05,746.66,Cancelled,Bavaria
POL-002972,CUST-03296,Haftpflicht,AGT-009,2022-10-06,96.59,Active,Saxony
POL-002973,CUST-01387,Kfz,AGT-038,2023-08-21,1063.13,Active,Hesse
POL-002974,CUST-03255,Haftpflicht,AGT-018,2024-05-10,79.23,Active,Berlin
POL-002975,CUST-03081,Kfz,AGT-015,2023-06-27,577.87,Lapsed,Bremen
POL-002976,CUST-02131,Kfz,AGT-014,2022-09-30,1101.22,Active,Saxony
POL-002977,CUST-00049,Kfz,AGT-009,2023-12-07,475.68,Active,Saarland
POL-002978,CUST-00794,Haftpflicht,AGT-017,2022-12-05,45.42,Cancelled,Mecklenburg-Vorpommern
POL-002979,CUST-01568,Lebensversicherung,AGT-022,2025-03-11,1766.26,Active,Saarland
POL-002980,CUST-00457,Kfz,AGT-002,2024-01-01,850.22,Active,Bavaria
POL-002981,CUST-02278,Haftpflicht,AGT-030,2025-02-19,55.56,Active,Saxony-Anhalt
POL-002982,CUST-00955,Kfz,AGT-030,2025-06-29,570.07,Active,Rhineland-Palatinate
POL-002983,CUST-00790,Kfz,AGT-018,2022-09-24,992.92,Cancelled,Brandenburg
POL-002984,CUST-03143,Haftpflicht,AGT-011,2022-04-16,111.5,Active,Bremen
POL-002985,CUST-03398,Hausrat,AGT-002,2024-02-04,175.24,Active,Hamburg
POL-002986,CUST-00241,Haftpflicht,AGT-031,2022-02-07,40.02,Active,Bavaria
POL-002987,CUST-00642,Haftpflicht,AGT-008,2024-09-05,46.83,Active,Schleswig-Holstein
POL-002988,CUST-02635,Kfz,AGT-021,2023-05-18,976.02,Active,North Rhine-Westphalia
POL-002989,CUST-01343,Kfz,AGT-040,2023-03-06,429.16,Lapsed,Bremen
POL-002990,CUST-01825,Lebensversicherung,AGT-040,2022-08-24,1312.54,Active,Saxony
POL-002991,CUST-00233,Kfz,AGT-028,2025-02-02,902.06,Lapsed,Brandenburg
POL-002992,CUST-00694,Lebensversicherung,AGT-018,2024-08-10,1039.68,Active,Rhineland-Palatinate
POL-002993,CUST-02562,Lebensversicherung,AGT-035,2022-04-07,1276.14,Active,Saxony-Anhalt
POL-002994,CUST-02797,Haftpflicht,AGT-035,2024-09-19,65.96,Active,Bavaria
POL-002995,CUST-01244,Haftpflicht,AGT-022,2025-03-23,100.24,Active,Bremen
POL-002996,CUST-02548,Kfz,AGT-019,2023-05-24,760.37,Active,Hesse
POL-002997,CUST-01390,Haftpflicht,AGT-007,2024-10-24,74.34,Active,Lower Saxony
POL-002998,CUST-03250,Kfz,AGT-015,2022-10-03,391.33,Active,Schleswig-Holstein
POL-002999,CUST-02794,Hausrat,AGT-017,2023-10-26,233.53,Lapsed,Hesse
POL-003000,CUST-00793,Kfz,AGT-019,2024-03-01,623.83,Active,Berlin
POL-003001,CUST-03212,Wohngebaeude,AGT-025,2023-08-10,274.63,Active,North Rhine-Westphalia
POL-003002,CUST-02847,Haftpflicht,AGT-027,2025-02-20,93.76,Active,Saxony-Anhalt
POL-003003,CUST-00309,Haftpflicht,AGT-006,2024-07-03,61.66,Active,Hamburg
POL-003004,CUST-01187,Haftpflicht,AGT-006,2022-11-06,118.27,Active,Rhineland-Palatinate
POL-003005,CUST-03657,Hausrat,AGT-021,2024-07-10,162.22,Active,Saarland
POL-003006,CUST-00872,Kfz,AGT-008,2022-11-24,642.68,Active,Schleswig-Holstein
POL-003007,CUST-00604,Haftpflicht,AGT-017,2025-05-08,81.72,Cancelled,Bremen
POL-003008,CUST-01200,Haftpflicht,AGT-003,2023-07-08,75.23,Active,Berlin
POL-003009,CUST-03433,Haftpflicht,AGT-029,2022-05-20,104.14,Active,Saxony
POL-003010,CUST-00206,Lebensversicherung,AGT-015,2025-04-22,607.04,Active,Saxony
POL-003011,CUST-03180,Haftpflicht,AGT-032,2023-03-03,117.11,Active,Saxony-Anhalt
POL-003012,CUST-00297,Haftpflicht,AGT-010,2024-09-17,119.22,Lapsed,Bavaria
POL-003013,CUST-02073,Kfz,AGT-037,2023-12-01,830.73,Active,Lower Saxony
POL-003014,CUST-00744,Haftpflicht,AGT-022,2022-10-18,96.45,Active,Mecklenburg-Vorpommern
POL-003015,CUST-02966,Kfz,AGT-001,2025-04-03,916.63,Lapsed,Thuringia
POL-003016,CUST-02677,Wohngebaeude,AGT-039,2025-01-06,349.0,Active,Berlin
POL-003017,CUST-03729,Kfz,AGT-016,2023-07-05,426.83,Lapsed,Mecklenburg-Vorpommern
POL-003018,CUST-02112,Kfz,AGT-021,2023-01-23,481.26,Active,Schleswig-Holstein
POL-003019,CUST-01818,Hausrat,AGT-029,2025-05-18,249.61,Lapsed,Bavaria
POL-003020,CUST-00102,Hausrat,AGT-032,2022-03-31,140.98,Active,Mecklenburg-Vorpommern
POL-003021,CUST-01014,Kfz,AGT-029,2023-07-24,1176.54,Active,North Rhine-Westphalia
POL-003022,CUST-03555,Wohngebaeude,AGT-032,2025-04-25,255.54,Cancelled,Brandenburg
POL-003023,CUST-02705,Kfz,AGT-025,2025-02-20,809.57,Active,Bremen
POL-003024,CUST-03654,Haftpflicht,AGT-031,2022-06-12,112.52,Active,Brandenburg
POL-003025,CUST-01535,Wohngebaeude,AGT-033,2023-10-28,378.48,Active,Lower Saxony
POL-003026,CUST-02968,Haftpflicht,AGT-032,2023-08-18,100.83,Active,Schleswig-Holstein
POL-003027,CUST-00958,Kfz,AGT-005,2024-11-02,729.63,Active,Saarland
POL-003028,CUST-02811,Kfz,AGT-037,2023-03-01,1094.24,Active,Saxony
POL-003029,CUST-02398,Kfz,AGT-034,2023-03-25,955.05,Lapsed,Saxony
POL-003030,CUST-00059,Kfz,AGT-030,2025-02-27,1174.75,Active,Lower Saxony
POL-003031,CUST-00028,Kfz,AGT-019,2022-10-11,1044.91,Active,Schleswig-Holstein
POL-003032,CUST-03784,Lebensversicherung,AGT-031,2023-12-21,1223.8,Active,Schleswig-Holstein
POL-003033,CUST-01556,Kfz,AGT-025,2024-08-09,1032.4,Active,Thuringia
POL-003034,CUST-02363,Haftpflicht,AGT-006,2025-04-21,107.03,Lapsed,Mecklenburg-Vorpommern
POL-003035,CUST-02675,Hausrat,AGT-026,2023-09-28,130.41,Active,Bremen
POL-003036,CUST-03345,Hausrat,AGT-031,2024-03-29,237.12,Active,Mecklenburg-Vorpommern
POL-003037,CUST-01615,Haftpflicht,AGT-003,2023-05-31,78.45,Active,Hesse
POL-003038,CUST-00573,Kfz,AGT-038,2023-12-02,1242.36,Active,Thuringia
POL-003039,CUST-01490,Wohngebaeude,AGT-004,2023-01-14,249.43,Active,Saarland
POL-003040,CUST-01998,Haftpflicht,AGT-010,2025-04-30,84.66,Active,Brandenburg
POL-003041,CUST-01766,Hausrat,AGT-005,2022-10-18,91.66,Active,Saxony-Anhalt
POL-003042,CUST-00698,Hausrat,AGT-039,2024-04-28,229.18,Lapsed,Bremen
POL-003043,CUST-01769,Wohngebaeude,AGT-018,2023-04-21,651.75,Active,Mecklenburg-Vorpommern
POL-003044,CUST-03527,Wohngebaeude,AGT-028,2022-10-14,413.7,Active,North Rhine-Westphalia
POL-003045,CUST-00228,Kfz,AGT-013,2022-06-29,619.79,Active,Berlin
POL-003046,CUST-00082,Lebensversicherung,AGT-006,2023-05-05,831.99,Active,Lower Saxony
POL-003047,CUST-00088,Wohngebaeude,AGT-026,2024-11-07,383.99,Active,Thuringia
POL-003048,CUST-00547,Kfz,AGT-019,2024-10-17,685.77,Active,Mecklenburg-Vorpommern
POL-003049,CUST-01688,Kfz,AGT-039,2022-06-03,640.3,Active,Schleswig-Holstein
POL-003050,CUST-00299,Kfz,AGT-029,2024-12-07,571.68,Cancelled,Berlin
POL-003051,CUST-00365,Hausrat,AGT-016,2024-07-23,195.4,Active,Mecklenburg-Vorpommern
POL-003052,CUST-03592,Lebensversicherung,AGT-016,2025-06-18,1250.46,Active,Berlin
POL-003053,CUST-02356,Wohngebaeude,AGT-023,2025-01-16,698.43,Active,Hamburg
POL-003054,CUST-02187,Hausrat,AGT-010,2022-05-20,148.16,Active,Mecklenburg-Vorpommern
POL-003055,CUST-03072,Wohngebaeude,AGT-038,2022-09-09,620.0,Cancelled,Hamburg
POL-003056,CUST-01256,Kfz,AGT-031,2024-05-19,1330.99,Active,Saxony
POL-003057,CUST-02802,Haftpflicht,AGT-035,2024-03-16,104.14,Active,Hamburg
POL-003058,CUST-01988,Haftpflicht,AGT-038,2024-01-12,106.92,Active,Hamburg
POL-003059,CUST-00200,Haftpflicht,AGT-006,2025-05-26,110.92,Lapsed,Bavaria
POL-003060,CUST-02486,Kfz,AGT-004,2024-10-09,1203.85,Active,Thuringia
POL-003061,CUST-00770,Wohngebaeude,AGT-035,2022-09-18,785.68,Cancelled,Bremen
POL-003062,CUST-03525,Kfz,AGT-024,2022-09-21,480.41,Active,North Rhine-Westphalia
POL-003063,CUST-01568,Hausrat,AGT-011,2023-12-22,198.89,Lapsed,Schleswig-Holstein
POL-003064,CUST-00385,Haftpflicht,AGT-026,2023-01-10,52.04,Active,Hamburg
POL-003065,CUST-02778,Kfz,AGT-023,2023-04-28,981.71,Active,Hesse
POL-003066,CUST-01324,Kfz,AGT-016,2022-09-27,752.42,Active,Baden-Wuerttemberg
POL-003067,CUST-02635,Lebensversicherung,AGT-032,2022-01-30,817.04,Active,Brandenburg
POL-003068,CUST-00252,Kfz,AGT-010,2023-07-15,1288.67,Lapsed,Brandenburg
POL-003069,CUST-01147,Kfz,AGT-024,2023-12-11,401.73,Active,Berlin
POL-003070,CUST-02112,Hausrat,AGT-004,2023-05-21,238.92,Lapsed,Bremen
POL-003071,CUST-01239,Kfz,AGT-013,2023-06-27,633.32,Active,Bavaria
POL-003072,CUST-00713,Haftpflicht,AGT-016,2022-07-17,93.54,Active,Rhineland-Palatinate
POL-003073,CUST-02003,Lebensversicherung,AGT-031,2022-09-22,1964.28,Active,Rhineland-Palatinate
POL-003074,CUST-01806,Haftpflicht,AGT-026,2023-12-28,67.45,Active,Hesse
POL-003075,CUST-01383,Haftpflicht,AGT-021,2024-09-01,115.76,Active,Lower Saxony
POL-003076,CUST-01596,Kfz,AGT-027,2022-07-19,538.71,Active,Thuringia
POL-003077,CUST-03272,Wohngebaeude,AGT-037,2023-05-21,606.07,Active,Hesse
POL-003078,CUST-00209,Hausrat,AGT-009,2023-01-03,147.91,Cancelled,Saxony-Anhalt
POL-003079,CUST-01044,Kfz,AGT-015,2022-07-21,568.08,Active,North Rhine-Westphalia
POL-003080,CUST-03035,Haftpflicht,AGT-035,2024-08-25,89.5,Cancelled,Thuringia
POL-003081,CUST-01939,Haftpflicht,AGT-013,2023-08-13,104.99,Active,Baden-Wuerttemberg
POL-003082,CUST-03542,Wohngebaeude,AGT-003,2025-05-19,805.41,Active,Lower Saxony
POL-003083,CUST-01809,Hausrat,AGT-023,2022-08-13,88.13,Active,Saxony-Anhalt
POL-003084,CUST-03286,Kfz,AGT-012,2022-06-29,1346.38,Active,Baden-Wuerttemberg
POL-003085,CUST-00138,Haftpflicht,AGT-026,2023-01-18,118.64,Lapsed,Thuringia
POL-003086,CUST-01131,Haftpflicht,AGT-017,2022-04-04,40.31,Active,Schleswig-Holstein
POL-003087,CUST-01029,Wohngebaeude,AGT-014,2024-03-14,386.93,Lapsed,Hamburg
POL-003088,CUST-02827,Haftpflicht,AGT-001,2023-06-02,51.79,Active,Bremen
POL-003089,CUST-03923,Hausrat,AGT-029,2022-12-05,234.77,Active,Rhineland-Palatinate
POL-003090,CUST-03471,Kfz,AGT-033,2024-08-03,884.04,Lapsed,Bremen
POL-003091,CUST-00436,Lebensversicherung,AGT-004,2023-10-17,1771.04,Active,Berlin
POL-003092,CUST-00059,Kfz,AGT-003,2024-02-02,578.95,Active,North Rhine-Westphalia
POL-003093,CUST-00576,Hausrat,AGT-022,2023-03-10,180.49,Active,Hamburg
POL-003094,CUST-03624,Hausrat,AGT-022,2024-09-01,237.05,Active,Saxony-Anhalt
POL-003095,CUST-02265,Haftpflicht,AGT-020,2022-09-04,78.35,Cancelled,Bavaria
POL-003096,CUST-02613,Kfz,AGT-014,2023-07-16,1193.6,Active,Brandenburg
POL-003097,CUST-03982,Wohngebaeude,AGT-027,2023-12-26,653.96,Lapsed,Brandenburg
POL-003098,CUST-03067,Lebensversicherung,AGT-027,2022-05-14,1035.21,Active,Thuringia
POL-003099,CUST-01285,Kfz,AGT-005,2023-10-03,869.83,Lapsed,Saxony-Anhalt
POL-003100,CUST-02764,Kfz,AGT-025,2024-10-20,765.68,Active,Saxony-Anhalt
POL-003101,CUST-01687,Wohngebaeude,AGT-001,2024-04-16,429.05,Active,Rhineland-Palatinate
POL-003102,CUST-00629,Hausrat,AGT-012,2024-07-05,201.35,Active,Mecklenburg-Vorpommern
POL-003103,CUST-00573,Hausrat,AGT-006,2024-11-22,108.69,Active,Saxony
POL-003104,CUST-03000,Kfz,AGT-017,2022-09-19,692.37,Active,Saarland
POL-003105,CUST-00811,Wohngebaeude,AGT-030,2024-01-25,787.43,Active,Rhineland-Palatinate
POL-003106,CUST-00288,Haftpflicht,AGT-019,2024-04-26,43.61,Active,Hamburg
POL-003107,CUST-03467,Kfz,AGT-031,2022-04-28,544.13,Active,Baden-Wuerttemberg
POL-003108,CUST-02419,Kfz,AGT-036,2024-09-23,513.02,Active,Bavaria
POL-003109,CUST-03102,Hausrat,AGT-010,2023-02-15,128.72,Active,Berlin
POL-003110,CUST-01513,Hausrat,AGT-003,2022-12-07,175.4,Active,Brandenburg
POL-003111,CUST-00105,Haftpflicht,AGT-030,2022-09-30,84.56,Lapsed,Thuringia
POL-003112,CUST-01917,Kfz,AGT-035,2022-04-22,1317.21,Cancelled,Brandenburg
POL-003113,CUST-02555,Hausrat,AGT-002,2024-04-05,147.0,Active,Bremen
POL-003114,CUST-01766,Haftpflicht,AGT-026,2023-09-29,64.28,Active,Brandenburg
POL-003115,CUST-02803,Hausrat,AGT-001,2023-03-31,141.97,Active,Brandenburg
POL-003116,CUST-03600,Kfz,AGT-023,2024-04-16,880.84,Lapsed,Bavaria
POL-003117,CUST-01369,Haftpflicht,AGT-028,2023-11-18,86.34,Active,Saarland
POL-003118,CUST-03076,Wohngebaeude,AGT-010,2024-02-12,466.23,Active,Hesse
POL-003119,CUST-02589,Kfz,AGT-020,2022-11-22,862.23,Active,Hamburg
POL-003120,CUST-01940,Lebensversicherung,AGT-004,2025-05-25,1865.53,Active,Schleswig-Holstein
POL-003121,CUST-02786,Haftpflicht,AGT-016,2023-01-30,102.48,Active,Schleswig-Holstein
POL-003122,CUST-00432,Wohngebaeude,AGT-003,2024-05-31,491.33,Active,Brandenburg
POL-003123,CUST-00198,Haftpflicht,AGT-025,2024-03-02,46.95,Lapsed,Mecklenburg-Vorpommern
POL-003124,CUST-03027,Kfz,AGT-034,2025-01-29,755.42,Active,Saarland
POL-003125,CUST-01114,Lebensversicherung,AGT-017,2025-06-15,2427.33,Active,Schleswig-Holstein
POL-003126,CUST-03262,Wohngebaeude,AGT-040,2023-05-19,676.13,Active,Hamburg
POL-003127,CUST-00356,Hausrat,AGT-015,2023-10-26,139.25,Active,Schleswig-Holstein
POL-003128,CUST-00934,Kfz,AGT-016,2025-02-23,1373.77,Lapsed,Rhineland-Palatinate
POL-003129,CUST-03036,Haftpflicht,AGT-013,2022-09-06,71.6,Active,Hamburg
POL-003130,CUST-03236,Haftpflicht,AGT-014,2022-10-04,91.63,Active,Saarland
POL-003131,CUST-02499,Hausrat,AGT-036,2023-05-23,180.01,Lapsed,Baden-Wuerttemberg
POL-003132,CUST-03276,Hausrat,AGT-002,2022-11-20,90.39,Active,Berlin
POL-003133,CUST-00025,Kfz,AGT-010,2024-01-22,539.4,Active,Lower Saxony
POL-003134,CUST-00799,Haftpflicht,AGT-016,2023-03-19,45.86,Lapsed,Mecklenburg-Vorpommern
POL-003135,CUST-01193,Hausrat,AGT-001,2023-03-21,188.99,Active,Saxony
POL-003136,CUST-01002,Kfz,AGT-008,2024-09-20,397.78,Active,Hamburg
POL-003137,CUST-00750,Haftpflicht,AGT-040,2022-03-13,106.7,Active,Bavaria
POL-003138,CUST-03168,Wohngebaeude,AGT-030,2023-05-17,268.38,Active,Thuringia
POL-003139,CUST-00057,Haftpflicht,AGT-001,2025-03-24,95.8,Active,Lower Saxony
POL-003140,CUST-01541,Hausrat,AGT-022,2022-06-12,240.73,Lapsed,Berlin
POL-003141,CUST-03482,Wohngebaeude,AGT-020,2022-12-23,857.31,Active,Schleswig-Holstein
POL-003142,CUST-01971,Lebensversicherung,AGT-008,2024-11-11,2301.28,Active,Baden-Wuerttemberg
POL-003143,CUST-02535,Kfz,AGT-008,2024-10-06,669.67,Active,North Rhine-Westphalia
POL-003144,CUST-00547,Wohngebaeude,AGT-031,2025-02-05,516.54,Active,Saxony
POL-003145,CUST-02553,Wohngebaeude,AGT-016,2023-06-06,237.26,Active,Bavaria
POL-003146,CUST-00828,Wohngebaeude,AGT-019,2025-01-21,853.16,Active,Lower Saxony
POL-003147,CUST-01559,Kfz,AGT-001,2023-02-24,526.12,Active,Berlin
POL-003148,CUST-00569,Kfz,AGT-023,2022-06-05,923.7,Active,Bremen
POL-003149,CUST-03560,Haftpflicht,AGT-003,2024-01-10,51.8,Lapsed,Baden-Wuerttemberg
POL-003150,CUST-02311,Kfz,AGT-023,2022-07-22,808.49,Active,Saxony
POL-003151,CUST-01583,Haftpflicht,AGT-032,2023-03-17,53.4,Active,Lower Saxony
POL-003152,CUST-02071,Hausrat,AGT-008,2022-06-20,136.17,Active,Hamburg
POL-003153,CUST-03040,Lebensversicherung,AGT-035,2024-08-17,2048.26,Active,Hesse
POL-003154,CUST-00393,Lebensversicherung,AGT-022,2022-01-15,694.94,Active,Mecklenburg-Vorpommern
POL-003155,CUST-00958,Wohngebaeude,AGT-002,2022-12-13,502.62,Active,North Rhine-Westphalia
POL-003156,CUST-02809,Hausrat,AGT-022,2023-09-05,75.9,Active,Bavaria
POL-003157,CUST-00809,Kfz,AGT-005,2022-01-25,729.06,Active,Schleswig-Holstein
POL-003158,CUST-00113,Hausrat,AGT-029,2022-05-05,186.3,Active,Thuringia
POL-003159,CUST-00671,Kfz,AGT-036,2023-06-16,876.89,Active,Saarland
POL-003160,CUST-02066,Haftpflicht,AGT-017,2023-04-22,102.53,Active,Saarland
POL-003161,CUST-02975,Kfz,AGT-015,2022-01-15,937.09,Cancelled,Bremen
POL-003162,CUST-01392,Haftpflicht,AGT-033,2023-08-26,106.46,Active,Thuringia
POL-003163,CUST-03698,Hausrat,AGT-011,2022-01-16,76.0,Active,Bremen
POL-003164,CUST-02970,Hausrat,AGT-009,2024-06-25,106.05,Active,Bavaria
POL-003165,CUST-00535,Kfz,AGT-001,2025-01-25,1303.16,Active,Baden-Wuerttemberg
POL-003166,CUST-01048,Hausrat,AGT-002,2022-05-10,217.02,Active,Berlin
POL-003167,CUST-03629,Wohngebaeude,AGT-040,2024-12-29,221.72,Active,Saxony-Anhalt
POL-003168,CUST-01290,Kfz,AGT-005,2023-09-13,393.53,Active,Saarland
POL-003169,CUST-01945,Hausrat,AGT-005,2023-07-14,222.61,Active,Bremen
POL-003170,CUST-01441,Kfz,AGT-029,2024-03-15,635.09,Active,Mecklenburg-Vorpommern
POL-003171,CUST-03914,Lebensversicherung,AGT-017,2022-07-03,659.76,Lapsed,Bremen
POL-003172,CUST-02600,Hausrat,AGT-020,2025-05-22,64.8,Active,Baden-Wuerttemberg
POL-003173,CUST-02135,Lebensversicherung,AGT-008,2025-01-15,2461.86,Active,Lower Saxony
POL-003174,CUST-01374,Kfz,AGT-027,2023-07-16,1211.99,Active,Mecklenburg-Vorpommern
POL-003175,CUST-02394,Haftpflicht,AGT-022,2024-05-02,112.17,Active,Mecklenburg-Vorpommern
POL-003176,CUST-02328,Hausrat,AGT-010,2022-07-17,151.95,Lapsed,Bremen
POL-003177,CUST-03685,Haftpflicht,AGT-031,2023-11-10,46.01,Lapsed,Bremen
POL-003178,CUST-00625,Hausrat,AGT-014,2022-03-24,84.5,Active,Schleswig-Holstein
POL-003179,CUST-01251,Hausrat,AGT-029,2023-12-18,241.88,Active,Saxony
POL-003180,CUST-00777,Haftpflicht,AGT-010,2022-10-06,65.81,Active,Saxony-Anhalt
POL-003181,CUST-02147,Hausrat,AGT-037,2023-01-09,161.1,Active,Rhineland-Palatinate
POL-003182,CUST-01879,Haftpflicht,AGT-011,2024-10-25,79.91,Active,Berlin
POL-003183,CUST-03653,Kfz,AGT-002,2023-11-27,1085.62,Active,Schleswig-Holstein
POL-003184,CUST-02061,Kfz,AGT-026,2025-06-08,604.81,Active,Berlin
POL-003185,CUST-01574,Hausrat,AGT-019,2024-12-18,118.58,Active,Schleswig-Holstein
POL-003186,CUST-02283,Kfz,AGT-015,2024-07-20,610.89,Active,Mecklenburg-Vorpommern
POL-003187,CUST-00983,Wohngebaeude,AGT-039,2023-12-12,291.61,Active,Hamburg
POL-003188,CUST-03979,Hausrat,AGT-010,2024-04-09,91.54,Active,Thuringia
POL-003189,CUST-03510,Lebensversicherung,AGT-020,2023-04-08,2126.96,Lapsed,Mecklenburg-Vorpommern
POL-003190,CUST-01684,Hausrat,AGT-028,2022-04-26,221.9,Active,Schleswig-Holstein
POL-003191,CUST-03595,Hausrat,AGT-009,2022-08-27,109.74,Active,Mecklenburg-Vorpommern
POL-003192,CUST-01407,Hausrat,AGT-012,2023-06-08,227.63,Cancelled,Hamburg
POL-003193,CUST-02164,Kfz,AGT-036,2022-12-17,1189.7,Active,Berlin
POL-003194,CUST-01131,Kfz,AGT-018,2024-07-29,383.76,Active,Lower Saxony
POL-003195,CUST-03569,Hausrat,AGT-019,2023-09-20,98.64,Cancelled,Baden-Wuerttemberg
POL-003196,CUST-03644,Kfz,AGT-037,2024-08-14,706.51,Active,Thuringia
POL-003197,CUST-03330,Haftpflicht,AGT-006,2023-08-15,53.34,Active,Brandenburg
POL-003198,CUST-02072,Kfz,AGT-008,2023-09-07,747.49,Lapsed,Baden-Wuerttemberg
POL-003199,CUST-03727,Kfz,AGT-027,2022-08-16,479.17,Active,Saarland
POL-003200,CUST-02706,Hausrat,AGT-025,2022-12-22,231.39,Active,Bremen
POL-003201,CUST-01324,Kfz,AGT-014,2024-06-22,1114.86,Active,Saarland
POL-003202,CUST-01476,Haftpflicht,AGT-016,2025-03-13,104.96,Lapsed,North Rhine-Westphalia
POL-003203,CUST-03867,Haftpflicht,AGT-005,2022-09-02,60.89,Lapsed,Rhineland-Palatinate
POL-003204,CUST-00727,Wohngebaeude,AGT-016,2024-09-10,818.41,Active,Bremen
POL-003205,CUST-01329,Wohngebaeude,AGT-013,2025-02-16,320.06,Cancelled,Bavaria
POL-003206,CUST-01657,Hausrat,AGT-020,2022-07-07,86.66,Lapsed,Rhineland-Palatinate
POL-003207,CUST-03383,Hausrat,AGT-025,2024-12-31,181.59,Cancelled,Brandenburg
POL-003208,CUST-02604,Kfz,AGT-005,2022-04-08,1387.18,Cancelled,Hamburg
POL-003209,CUST-02419,Kfz,AGT-025,2024-05-11,1123.2,Active,Bavaria
POL-003210,CUST-00993,Haftpflicht,AGT-029,2025-05-03,90.13,Lapsed,Lower Saxony
POL-003211,CUST-03260,Wohngebaeude,AGT-005,2022-10-29,759.29,Active,Saarland
POL-003212,CUST-00037,Haftpflicht,AGT-028,2022-03-17,70.86,Active,Schleswig-Holstein
POL-003213,CUST-00420,Haftpflicht,AGT-007,2023-12-18,86.5,Lapsed,Thuringia
POL-003214,CUST-00181,Kfz,AGT-001,2023-01-27,435.47,Lapsed,North Rhine-Westphalia
POL-003215,CUST-03803,Kfz,AGT-040,2024-09-11,523.31,Active,Rhineland-Palatinate
POL-003216,CUST-00247,Hausrat,AGT-036,2022-08-20,235.85,Active,Baden-Wuerttemberg
POL-003217,CUST-00578,Kfz,AGT-024,2025-06-17,925.4,Active,Bremen
POL-003218,CUST-03336,Hausrat,AGT-029,2024-02-19,177.4,Active,Schleswig-Holstein
POL-003219,CUST-01172,Kfz,AGT-006,2022-05-07,1029.7,Active,Schleswig-Holstein
POL-003220,CUST-01949,Kfz,AGT-015,2024-03-14,364.53,Lapsed,Saxony
POL-003221,CUST-00278,Kfz,AGT-023,2024-12-28,1313.22,Active,Saxony
POL-003222,CUST-02903,Haftpflicht,AGT-039,2023-10-22,99.19,Active,Thuringia
POL-003223,CUST-03087,Hausrat,AGT-032,2024-06-13,100.53,Active,Saxony
POL-003224,CUST-02044,Haftpflicht,AGT-031,2022-02-28,67.2,Active,Berlin
POL-003225,CUST-01278,Haftpflicht,AGT-007,2024-06-08,41.27,Active,Berlin
POL-003226,CUST-00019,Hausrat,AGT-018,2025-01-01,79.64,Lapsed,Rhineland-Palatinate
POL-003227,CUST-03312,Haftpflicht,AGT-028,2023-04-30,67.28,Active,Hesse
POL-003228,CUST-02536,Haftpflicht,AGT-025,2025-02-03,90.61,Active,Bavaria
POL-003229,CUST-01259,Wohngebaeude,AGT-030,2024-05-08,348.04,Lapsed,Mecklenburg-Vorpommern
POL-003230,CUST-00336,Kfz,AGT-011,2024-09-22,692.99,Active,Baden-Wuerttemberg
POL-003231,CUST-02717,Haftpflicht,AGT-009,2022-09-23,71.15,Active,Brandenburg
POL-003232,CUST-03216,Wohngebaeude,AGT-009,2024-12-14,216.34,Lapsed,Saxony-Anhalt
POL-003233,CUST-03221,Haftpflicht,AGT-039,2022-05-05,80.14,Active,Thuringia
POL-003234,CUST-03282,Haftpflicht,AGT-018,2023-05-08,66.91,Active,Saarland
POL-003235,CUST-03371,Hausrat,AGT-029,2025-04-24,122.86,Active,Hamburg
POL-003236,CUST-01322,Lebensversicherung,AGT-030,2024-01-13,2001.57,Lapsed,Saarland
POL-003237,CUST-03070,Wohngebaeude,AGT-023,2023-06-01,592.09,Active,Hesse
POL-003238,CUST-01356,Kfz,AGT-036,2022-12-16,529.06,Lapsed,Hamburg
POL-003239,CUST-00211,Haftpflicht,AGT-006,2025-04-28,107.66,Active,Thuringia
POL-003240,CUST-02413,Hausrat,AGT-012,2022-11-20,221.86,Active,Hamburg
POL-003241,CUST-02557,Kfz,AGT-026,2022-11-28,569.48,Active,North Rhine-Westphalia
POL-003242,CUST-01391,Kfz,AGT-018,2023-04-04,1048.01,Active,Bavaria
POL-003243,CUST-01403,Kfz,AGT-037,2023-06-22,1147.59,Active,Hesse
POL-003244,CUST-01311,Kfz,AGT-031,2024-04-29,942.44,Lapsed,Rhineland-Palatinate
POL-003245,CUST-02897,Wohngebaeude,AGT-013,2025-01-17,438.5,Active,Saarland
POL-003246,CUST-02520,Haftpflicht,AGT-019,2023-05-23,66.7,Active,Brandenburg
POL-003247,CUST-00090,Kfz,AGT-018,2024-06-08,1135.23,Active,Saxony-Anhalt
POL-003248,CUST-00838,Kfz,AGT-017,2024-03-25,1180.13,Lapsed,Baden-Wuerttemberg
POL-003249,CUST-02032,Kfz,AGT-013,2025-05-11,873.09,Active,Saxony
POL-003250,CUST-03659,Hausrat,AGT-013,2023-12-17,249.35,Active,North Rhine-Westphalia
POL-003251,CUST-00349,Kfz,AGT-025,2025-06-09,419.25,Active,Rhineland-Palatinate
POL-003252,CUST-03340,Kfz,AGT-024,2023-04-19,414.21,Active,Baden-Wuerttemberg
POL-003253,CUST-02674,Haftpflicht,AGT-028,2023-09-10,59.98,Active,Saxony
POL-003254,CUST-00358,Hausrat,AGT-015,2025-05-23,234.43,Active,North Rhine-Westphalia
POL-003255,CUST-00985,Hausrat,AGT-027,2022-05-17,65.97,Active,Hamburg
POL-003256,CUST-01864,Haftpflicht,AGT-016,2024-07-26,102.65,Lapsed,Thuringia
POL-003257,CUST-01463,Hausrat,AGT-023,2024-07-23,131.72,Active,North Rhine-Westphalia
POL-003258,CUST-01356,Kfz,AGT-017,2024-10-29,466.37,Active,Lower Saxony
POL-003259,CUST-02557,Kfz,AGT-014,2022-04-14,496.7,Active,Saxony-Anhalt
POL-003260,CUST-02997,Kfz,AGT-009,2022-04-11,914.22,Active,Rhineland-Palatinate
POL-003261,CUST-02781,Kfz,AGT-005,2022-06-18,566.06,Active,Thuringia
POL-003262,CUST-00587,Kfz,AGT-025,2022-02-28,837.74,Active,Hamburg
POL-003263,CUST-01803,Kfz,AGT-019,2024-05-15,364.92,Active,Thuringia
POL-003264,CUST-01217,Hausrat,AGT-020,2022-09-10,201.81,Lapsed,Saarland
POL-003265,CUST-03705,Haftpflicht,AGT-027,2022-08-08,114.6,Cancelled,Rhineland-Palatinate
POL-003266,CUST-01857,Hausrat,AGT-038,2023-06-07,185.57,Active,North Rhine-Westphalia
POL-003267,CUST-02322,Kfz,AGT-021,2023-08-01,406.36,Lapsed,Saxony
POL-003268,CUST-03034,Kfz,AGT-024,2022-03-10,515.57,Active,Berlin
POL-003269,CUST-02238,Haftpflicht,AGT-012,2022-08-17,52.86,Active,Baden-Wuerttemberg
POL-003270,CUST-01230,Haftpflicht,AGT-039,2025-04-22,116.3,Active,Baden-Wuerttemberg
POL-003271,CUST-00276,Haftpflicht,AGT-038,2023-11-15,90.0,Active,Mecklenburg-Vorpommern
POL-003272,CUST-01772,Hausrat,AGT-017,2023-08-24,249.7,Active,Hesse
POL-003273,CUST-01057,Kfz,AGT-005,2025-04-11,356.2,Cancelled,Saxony
POL-003274,CUST-03600,Kfz,AGT-034,2022-11-16,1377.21,Active,Saxony-Anhalt
POL-003275,CUST-03226,Kfz,AGT-005,2024-10-08,1285.11,Active,Saarland
POL-003276,CUST-03132,Hausrat,AGT-003,2025-05-11,190.62,Active,Brandenburg
POL-003277,CUST-02524,Haftpflicht,AGT-015,2022-03-31,99.89,Active,Hesse
POL-003278,CUST-03043,Hausrat,AGT-009,2023-12-05,231.7,Lapsed,Bavaria
POL-003279,CUST-01891,Kfz,AGT-031,2023-09-27,1049.33,Lapsed,North Rhine-Westphalia
POL-003280,CUST-02872,Wohngebaeude,AGT-028,2024-10-11,368.92,Active,Rhineland-Palatinate
POL-003281,CUST-01221,Kfz,AGT-001,2022-07-20,582.64,Active,Hesse
POL-003282,CUST-01099,Wohngebaeude,AGT-023,2022-06-29,469.74,Active,Saxony
POL-003283,CUST-02940,Haftpflicht,AGT-033,2023-08-15,91.81,Active,Berlin
POL-003284,CUST-02007,Wohngebaeude,AGT-033,2025-02-24,728.11,Active,Baden-Wuerttemberg
POL-003285,CUST-03623,Lebensversicherung,AGT-026,2022-04-17,1230.39,Active,Baden-Wuerttemberg
POL-003286,CUST-01332,Kfz,AGT-024,2024-08-16,465.3,Lapsed,Hamburg
POL-003287,CUST-02385,Kfz,AGT-020,2024-05-12,785.31,Cancelled,Rhineland-Palatinate
POL-003288,CUST-01669,Haftpflicht,AGT-001,2023-05-05,71.04,Active,Saxony-Anhalt
POL-003289,CUST-03714,Kfz,AGT-005,2024-04-26,472.4,Active,Thuringia
POL-003290,CUST-01069,Haftpflicht,AGT-024,2023-01-20,54.99,Cancelled,Hesse
POL-003291,CUST-02431,Haftpflicht,AGT-009,2025-05-28,72.33,Active,Hesse
POL-003292,CUST-01848,Hausrat,AGT-020,2024-05-29,231.67,Active,Mecklenburg-Vorpommern
POL-003293,CUST-01974,Haftpflicht,AGT-037,2025-02-07,64.33,Active,Hamburg
POL-003294,CUST-03809,Hausrat,AGT-015,2022-06-24,168.61,Active,Saxony
POL-003295,CUST-00840,Haftpflicht,AGT-025,2022-04-15,60.79,Active,Saxony
POL-003296,CUST-02998,Kfz,AGT-006,2023-12-13,1204.39,Active,Hesse
POL-003297,CUST-01154,Kfz,AGT-026,2022-09-04,490.85,Active,Bavaria
POL-003298,CUST-00443,Kfz,AGT-039,2024-03-10,563.99,Active,Hamburg
POL-003299,CUST-01487,Kfz,AGT-023,2022-02-04,1228.7,Active,Mecklenburg-Vorpommern
POL-003300,CUST-00050,Kfz,AGT-027,2022-11-04,532.47,Active,Hamburg
POL-003301,CUST-01531,Haftpflicht,AGT-026,2023-12-24,79.23,Active,Brandenburg
POL-003302,CUST-03279,Kfz,AGT-005,2025-05-30,896.88,Active,Brandenburg
POL-003303,CUST-03050,Wohngebaeude,AGT-011,2022-03-14,351.96,Active,Bavaria
POL-003304,CUST-02146,Kfz,AGT-012,2022-09-19,673.96,Active,Brandenburg
POL-003305,CUST-03252,Wohngebaeude,AGT-021,2024-02-20,344.91,Active,Rhineland-Palatinate
POL-003306,CUST-02281,Wohngebaeude,AGT-033,2024-04-26,256.6,Active,Hesse
POL-003307,CUST-02213,Kfz,AGT-001,2023-05-13,1226.54,Active,Hamburg
POL-003308,CUST-02729,Wohngebaeude,AGT-027,2025-04-08,430.66,Cancelled,Baden-Wuerttemberg
POL-003309,CUST-03964,Haftpflicht,AGT-005,2023-02-14,113.48,Active,Lower Saxony
POL-003310,CUST-00322,Hausrat,AGT-030,2022-12-02,155.48,Active,Bavaria
POL-003311,CUST-01737,Wohngebaeude,AGT-025,2023-03-05,646.28,Active,Mecklenburg-Vorpommern
POL-003312,CUST-00718,Hausrat,AGT-033,2025-06-16,117.71,Active,Rhineland-Palatinate
POL-003313,CUST-01147,Kfz,AGT-022,2023-10-31,960.59,Active,Berlin
POL-003314,CUST-02938,Lebensversicherung,AGT-012,2024-10-03,1644.44,Active,Schleswig-Holstein
POL-003315,CUST-02010,Lebensversicherung,AGT-024,2022-03-05,2131.73,Active,Berlin
POL-003316,CUST-00637,Hausrat,AGT-017,2022-08-09,185.43,Active,Hesse
POL-003317,CUST-01352,Wohngebaeude,AGT-027,2024-07-06,867.0,Active,Lower Saxony
POL-003318,CUST-03303,Haftpflicht,AGT-016,2023-12-03,43.79,Active,Mecklenburg-Vorpommern
POL-003319,CUST-03235,Haftpflicht,AGT-005,2025-02-11,44.93,Active,Mecklenburg-Vorpommern
POL-003320,CUST-02551,Kfz,AGT-019,2023-08-05,1241.68,Lapsed,Baden-Wuerttemberg
POL-003321,CUST-02456,Haftpflicht,AGT-033,2022-11-24,103.95,Active,Saxony
POL-003322,CUST-01133,Wohngebaeude,AGT-038,2022-06-01,429.6,Active,Saarland
POL-003323,CUST-01639,Haftpflicht,AGT-006,2025-03-22,47.14,Active,Saxony-Anhalt
POL-003324,CUST-03696,Haftpflicht,AGT-011,2023-12-11,51.01,Cancelled,Mecklenburg-Vorpommern
POL-003325,CUST-02690,Kfz,AGT-018,2025-03-08,1038.29,Active,Bavaria
POL-003326,CUST-02302,Wohngebaeude,AGT-017,2022-09-26,593.91,Active,Brandenburg
POL-003327,CUST-01311,Kfz,AGT-030,2023-06-09,1127.37,Active,Hamburg
POL-003328,CUST-00974,Wohngebaeude,AGT-035,2022-06-07,705.28,Active,Hamburg
POL-003329,CUST-03018,Kfz,AGT-003,2023-11-28,367.28,Active,Baden-Wuerttemberg
POL-003330,CUST-01640,Hausrat,AGT-029,2025-05-02,125.87,Active,Hesse
POL-003331,CUST-03986,Lebensversicherung,AGT-024,2025-03-01,1833.33,Cancelled,Berlin
POL-003332,CUST-02373,Haftpflicht,AGT-019,2022-02-01,113.89,Active,Bremen
POL-003333,CUST-03175,Kfz,AGT-021,2024-02-24,461.38,Active,Hamburg
POL-003334,CUST-00171,Kfz,AGT-029,2024-12-23,867.36,Active,Hesse
POL-003335,CUST-02917,Kfz,AGT-014,2023-04-03,1322.74,Active,Lower Saxony
POL-003336,CUST-03740,Lebensversicherung,AGT-037,2022-11-20,325.09,Active,Mecklenburg-Vorpommern
POL-003337,CUST-01815,Wohngebaeude,AGT-011,2024-05-27,884.95,Cancelled,Berlin
POL-003338,CUST-01025,Hausrat,AGT-033,2023-04-03,116.1,Active,Mecklenburg-Vorpommern
POL-003339,CUST-02624,Haftpflicht,AGT-007,2024-09-16,40.08,Active,Bavaria
POL-003340,CUST-01176,Kfz,AGT-013,2023-10-30,864.9,Active,Saarland
POL-003341,CUST-03354,Haftpflicht,AGT-029,2023-10-13,60.85,Active,Rhineland-Palatinate
POL-003342,CUST-00024,Kfz,AGT-038,2023-05-30,1112.09,Cancelled,Thuringia
POL-003343,CUST-02678,Kfz,AGT-035,2024-05-21,1288.98,Active,Rhineland-Palatinate
POL-003344,CUST-02120,Hausrat,AGT-033,2022-04-13,203.46,Active,Lower Saxony
POL-003345,CUST-00388,Kfz,AGT-009,2022-11-26,697.04,Cancelled,Saxony
POL-003346,CUST-01115,Haftpflicht,AGT-032,2024-05-09,50.22,Active,North Rhine-Westphalia
POL-003347,CUST-00212,Hausrat,AGT-020,2025-02-28,122.28,Active,Baden-Wuerttemberg
POL-003348,CUST-01293,Hausrat,AGT-039,2024-03-01,83.21,Lapsed,Bavaria
POL-003349,CUST-02751,Kfz,AGT-004,2022-05-25,1312.18,Cancelled,North Rhine-Westphalia
POL-003350,CUST-01312,Haftpflicht,AGT-017,2024-11-29,80.52,Active,Rhineland-Palatinate
POL-003351,CUST-03460,Hausrat,AGT-026,2024-10-13,113.78,Active,Rhineland-Palatinate
POL-003352,CUST-01132,Wohngebaeude,AGT-007,2022-03-08,588.13,Active,Thuringia
POL-003353,CUST-02145,Lebensversicherung,AGT-015,2024-02-14,1395.18,Active,Berlin
POL-003354,CUST-03820,Lebensversicherung,AGT-035,2023-12-19,946.34,Active,Saxony
POL-003355,CUST-03959,Haftpflicht,AGT-038,2022-05-19,48.29,Active,Berlin
POL-003356,CUST-03064,Hausrat,AGT-001,2025-05-16,117.04,Active,Saxony
POL-003357,CUST-00744,Hausrat,AGT-021,2023-08-02,71.98,Active,North Rhine-Westphalia
POL-003358,CUST-00572,Hausrat,AGT-016,2023-04-13,204.46,Active,Bremen
POL-003359,CUST-01763,Hausrat,AGT-003,2024-08-16,133.95,Cancelled,Mecklenburg-Vorpommern
POL-003360,CUST-01312,Wohngebaeude,AGT-005,2024-12-08,604.07,Lapsed,Brandenburg
POL-003361,CUST-03351,Kfz,AGT-031,2023-03-12,942.38,Active,Bremen
POL-003362,CUST-00410,Kfz,AGT-033,2023-02-03,372.41,Active,Rhineland-Palatinate
POL-003363,CUST-02596,Kfz,AGT-040,2025-03-10,1047.73,Lapsed,Bremen
POL-003364,CUST-01565,Hausrat,AGT-016,2023-01-05,133.12,Active,Bavaria
POL-003365,CUST-02291,Haftpflicht,AGT-006,2023-12-15,114.67,Active,Lower Saxony
POL-003366,CUST-01925,Kfz,AGT-033,2022-08-04,431.56,Active,Thuringia
POL-003367,CUST-01853,Haftpflicht,AGT-032,2024-07-08,72.48,Active,Hesse
POL-003368,CUST-00553,Lebensversicherung,AGT-003,2025-02-18,1515.88,Lapsed,North Rhine-Westphalia
POL-003369,CUST-01819,Lebensversicherung,AGT-021,2024-12-22,2434.27,Lapsed,Schleswig-Holstein
POL-003370,CUST-03720,Kfz,AGT-012,2024-10-28,1005.46,Active,Bavaria
POL-003371,CUST-02003,Kfz,AGT-034,2022-01-27,746.97,Active,Saxony
POL-003372,CUST-03805,Kfz,AGT-012,2025-05-07,845.76,Active,Thuringia
POL-003373,CUST-03783,Hausrat,AGT-026,2024-08-11,72.19,Active,Hamburg
POL-003374,CUST-00389,Haftpflicht,AGT-020,2023-06-14,95.84,Active,Bremen
POL-003375,CUST-02946,Haftpflicht,AGT-020,2022-12-30,68.44,Cancelled,Brandenburg
POL-003376,CUST-03507,Hausrat,AGT-021,2024-11-27,161.05,Active,Hamburg
POL-003377,CUST-00199,Hausrat,AGT-008,2025-05-21,168.95,Lapsed,Saxony-Anhalt
POL-003378,CUST-01289,Lebensversicherung,AGT-028,2022-07-30,2101.66,Active,Rhineland-Palatinate
POL-003379,CUST-00306,Wohngebaeude,AGT-021,2025-01-17,805.22,Active,Brandenburg
POL-003380,CUST-02659,Hausrat,AGT-024,2024-10-09,248.71,Active,Hamburg
POL-003381,CUST-02493,Hausrat,AGT-035,2024-12-25,61.76,Active,Berlin
POL-003382,CUST-01778,Lebensversicherung,AGT-021,2025-04-08,791.35,Active,Saxony
POL-003383,CUST-01755,Hausrat,AGT-004,2023-10-18,156.74,Active,Brandenburg
POL-003384,CUST-02819,Hausrat,AGT-016,2023-12-06,131.6,Lapsed,Hesse
POL-003385,CUST-03152,Kfz,AGT-021,2024-01-07,495.33,Active,Thuringia
POL-003386,CUST-03495,Kfz,AGT-034,2023-11-22,1108.59,Cancelled,Hesse
POL-003387,CUST-03375,Haftpflicht,AGT-013,2025-01-01,83.51,Lapsed,Schleswig-Holstein
POL-003388,CUST-01547,Lebensversicherung,AGT-008,2022-10-25,1320.77,Active,Mecklenburg-Vorpommern
POL-003389,CUST-01548,Hausrat,AGT-038,2024-11-13,232.76,Cancelled,Schleswig-Holstein
POL-003390,CUST-00884,Haftpflicht,AGT-031,2023-01-04,116.21,Active,Saxony-Anhalt
POL-003391,CUST-03103,Hausrat,AGT-029,2023-07-26,149.22,Active,Saxony
POL-003392,CUST-03555,Haftpflicht,AGT-013,2022-07-16,85.66,Lapsed,Hesse
POL-003393,CUST-00370,Kfz,AGT-012,2025-03-17,1348.99,Cancelled,Rhineland-Palatinate
POL-003394,CUST-03131,Kfz,AGT-026,2022-01-02,1260.39,Active,Rhineland-Palatinate
POL-003395,CUST-00389,Hausrat,AGT-033,2023-05-29,224.83,Active,Thuringia
POL-003396,CUST-02511,Haftpflicht,AGT-011,2022-05-12,107.46,Active,Rhineland-Palatinate
POL-003397,CUST-00952,Kfz,AGT-023,2022-01-08,403.72,Active,Bavaria
POL-003398,CUST-01766,Kfz,AGT-031,2022-11-21,880.34,Active,Brandenburg
POL-003399,CUST-01830,Wohngebaeude,AGT-038,2022-01-19,415.85,Lapsed,Mecklenburg-Vorpommern
POL-003400,CUST-03249,Haftpflicht,AGT-033,2022-07-25,74.13,Active,Hamburg
POL-003401,CUST-03193,Hausrat,AGT-024,2022-07-09,96.99,Active,Hamburg
POL-003402,CUST-02197,Kfz,AGT-021,2025-01-10,778.17,Active,Berlin
POL-003403,CUST-02786,Kfz,AGT-034,2024-03-02,403.07,Lapsed,Saxony
POL-003404,CUST-01481,Kfz,AGT-035,2025-03-26,528.5,Active,Brandenburg
POL-003405,CUST-00320,Haftpflicht,AGT-026,2023-03-14,71.43,Active,Bavaria
POL-003406,CUST-00423,Wohngebaeude,AGT-031,2023-08-25,471.21,Active,Mecklenburg-Vorpommern
POL-003407,CUST-00059,Lebensversicherung,AGT-016,2022-11-08,1431.13,Cancelled,Mecklenburg-Vorpommern
POL-003408,CUST-03318,Kfz,AGT-019,2022-04-11,891.35,Lapsed,Saarland
POL-003409,CUST-01775,Kfz,AGT-016,2022-06-15,1013.27,Active,Rhineland-Palatinate
POL-003410,CUST-00390,Wohngebaeude,AGT-004,2022-03-12,360.12,Active,Lower Saxony
POL-003411,CUST-01768,Haftpflicht,AGT-012,2023-04-27,101.49,Cancelled,Hesse
POL-003412,CUST-01254,Haftpflicht,AGT-005,2024-01-14,106.97,Active,Bavaria
POL-003413,CUST-03743,Haftpflicht,AGT-025,2023-11-10,76.3,Active,Saxony-Anhalt
POL-003414,CUST-02095,Kfz,AGT-020,2022-08-02,1015.55,Active,Baden-Wuerttemberg
POL-003415,CUST-03031,Kfz,AGT-004,2024-04-29,1134.83,Active,Mecklenburg-Vorpommern
POL-003416,CUST-00073,Wohngebaeude,AGT-007,2023-08-30,493.19,Active,Thuringia
POL-003417,CUST-02946,Kfz,AGT-025,2022-08-05,1304.46,Lapsed,Hesse
POL-003418,CUST-00098,Wohngebaeude,AGT-027,2023-07-23,250.81,Active,Saarland
POL-003419,CUST-01928,Haftpflicht,AGT-015,2023-08-13,65.56,Lapsed,Hesse
POL-003420,CUST-03584,Wohngebaeude,AGT-012,2024-05-31,444.4,Lapsed,Schleswig-Holstein
POL-003421,CUST-02344,Kfz,AGT-013,2023-03-10,1162.9,Active,Schleswig-Holstein
POL-003422,CUST-03278,Wohngebaeude,AGT-005,2022-01-29,522.64,Active,Bavaria
POL-003423,CUST-01536,Hausrat,AGT-002,2022-12-18,177.14,Active,Bavaria
POL-003424,CUST-01777,Lebensversicherung,AGT-029,2022-03-04,2149.17,Active,Thuringia
POL-003425,CUST-03180,Kfz,AGT-008,2023-04-01,1039.91,Active,Baden-Wuerttemberg
POL-003426,CUST-01462,Kfz,AGT-017,2025-03-23,1148.37,Active,Baden-Wuerttemberg
POL-003427,CUST-01199,Kfz,AGT-038,2025-02-05,1079.75,Active,Bavaria
POL-003428,CUST-02751,Wohngebaeude,AGT-036,2023-01-04,555.35,Active,Saxony
POL-003429,CUST-02786,Kfz,AGT-023,2025-04-16,1252.5,Active,Bremen
POL-003430,CUST-03983,Wohngebaeude,AGT-011,2025-01-26,202.51,Active,Hamburg
POL-003431,CUST-03110,Kfz,AGT-004,2022-04-04,1243.59,Active,Rhineland-Palatinate
POL-003432,CUST-03761,Lebensversicherung,AGT-039,2022-10-06,912.83,Active,Brandenburg
POL-003433,CUST-02819,Kfz,AGT-011,2023-05-21,1209.25,Active,Saxony
POL-003434,CUST-00623,Haftpflicht,AGT-016,2025-05-14,71.79,Active,Brandenburg
POL-003435,CUST-01610,Kfz,AGT-023,2023-04-21,855.92,Active,Schleswig-Holstein
POL-003436,CUST-03021,Kfz,AGT-034,2025-02-25,1145.39,Active,Rhineland-Palatinate
POL-003437,CUST-01044,Lebensversicherung,AGT-007,2024-12-06,1203.95,Active,Hamburg
POL-003438,CUST-00192,Hausrat,AGT-033,2022-09-20,172.25,Active,Bavaria
POL-003439,CUST-01116,Kfz,AGT-033,2022-04-28,1141.65,Lapsed,Lower Saxony
POL-003440,CUST-00483,Kfz,AGT-036,2022-02-26,1228.08,Active,Berlin
POL-003441,CUST-02517,Haftpflicht,AGT-004,2022-12-15,48.38,Active,Brandenburg
POL-003442,CUST-02327,Kfz,AGT-007,2025-03-18,1075.42,Active,Saarland
POL-003443,CUST-00041,Kfz,AGT-002,2023-05-30,1246.82,Active,Schleswig-Holstein
POL-003444,CUST-02065,Haftpflicht,AGT-018,2024-12-17,94.37,Lapsed,Mecklenburg-Vorpommern
POL-003445,CUST-01962,Kfz,AGT-019,2024-09-23,1142.03,Lapsed,Mecklenburg-Vorpommern
POL-003446,CUST-00898,Haftpflicht,AGT-026,2022-01-11,75.4,Active,North Rhine-Westphalia
POL-003447,CUST-00607,Hausrat,AGT-001,2024-08-20,110.03,Active,Bavaria
POL-003448,CUST-02053,Kfz,AGT-010,2024-11-24,973.92,Active,Hesse
POL-003449,CUST-00020,Wohngebaeude,AGT-020,2025-04-14,637.6,Active,Rhineland-Palatinate
POL-003450,CUST-00561,Hausrat,AGT-026,2022-08-28,136.41,Active,Thuringia
POL-003451,CUST-02826,Haftpflicht,AGT-028,2024-06-22,69.88,Active,Brandenburg
POL-003452,CUST-03034,Lebensversicherung,AGT-007,2022-04-16,777.46,Active,Mecklenburg-Vorpommern
POL-003453,CUST-00613,Haftpflicht,AGT-017,2022-05-23,76.79,Lapsed,Baden-Wuerttemberg
POL-003454,CUST-03631,Kfz,AGT-018,2023-05-15,861.86,Active,Rhineland-Palatinate
POL-003455,CUST-03918,Hausrat,AGT-040,2023-03-27,62.17,Active,Saxony-Anhalt
POL-003456,CUST-02860,Kfz,AGT-026,2024-01-21,492.43,Active,Saxony-Anhalt
POL-003457,CUST-03428,Kfz,AGT-030,2025-05-13,1196.08,Lapsed,Brandenburg
POL-003458,CUST-01041,Hausrat,AGT-040,2022-03-03,77.67,Lapsed,Saarland
POL-003459,CUST-01348,Wohngebaeude,AGT-018,2023-09-16,518.71,Active,Berlin
POL-003460,CUST-00152,Hausrat,AGT-018,2024-07-09,222.68,Active,North Rhine-Westphalia
POL-003461,CUST-00278,Haftpflicht,AGT-039,2024-05-04,76.71,Active,Mecklenburg-Vorpommern
POL-003462,CUST-03875,Lebensversicherung,AGT-029,2023-11-20,1564.92,Active,Mecklenburg-Vorpommern
POL-003463,CUST-03168,Kfz,AGT-017,2022-03-06,1046.49,Active,Saarland
POL-003464,CUST-03478,Kfz,AGT-038,2024-04-02,918.51,Active,North Rhine-Westphalia
POL-003465,CUST-00449,Haftpflicht,AGT-032,2022-02-11,63.47,Cancelled,Thuringia
POL-003466,CUST-00130,Haftpflicht,AGT-031,2023-07-24,111.23,Lapsed,Saxony
POL-003467,CUST-02074,Wohngebaeude,AGT-030,2024-10-26,662.17,Active,Baden-Wuerttemberg
POL-003468,CUST-02361,Hausrat,AGT-038,2024-05-19,241.05,Active,Thuringia
POL-003469,CUST-01013,Haftpflicht,AGT-020,2023-01-06,58.53,Active,Lower Saxony
POL-003470,CUST-01801,Kfz,AGT-036,2025-01-06,1251.96,Lapsed,Hamburg
POL-003471,CUST-01578,Haftpflicht,AGT-021,2022-08-15,115.27,Lapsed,Saxony
POL-003472,CUST-00589,Haftpflicht,AGT-038,2022-05-17,84.26,Lapsed,Saxony
POL-003473,CUST-03473,Wohngebaeude,AGT-035,2025-02-25,636.65,Active,Saxony
POL-003474,CUST-03602,Kfz,AGT-026,2025-04-07,417.18,Active,Brandenburg
POL-003475,CUST-02295,Kfz,AGT-022,2023-12-14,1061.26,Lapsed,Berlin
POL-003476,CUST-03256,Haftpflicht,AGT-018,2023-04-10,44.94,Active,Hamburg
POL-003477,CUST-02317,Kfz,AGT-026,2024-12-20,686.91,Cancelled,Bavaria
POL-003478,CUST-02549,Haftpflicht,AGT-017,2022-09-10,74.82,Active,Lower Saxony
POL-003479,CUST-00243,Kfz,AGT-018,2023-09-18,352.38,Active,Bremen
POL-003480,CUST-03172,Haftpflicht,AGT-008,2022-04-03,51.92,Active,Hamburg
POL-003481,CUST-02488,Kfz,AGT-032,2022-03-24,816.76,Active,Hamburg
POL-003482,CUST-02302,Haftpflicht,AGT-033,2022-11-27,54.12,Active,Thuringia
POL-003483,CUST-03785,Hausrat,AGT-014,2023-09-18,89.24,Active,Schleswig-Holstein
POL-003484,CUST-03035,Lebensversicherung,AGT-039,2024-09-21,1566.59,Active,Saxony-Anhalt
POL-003485,CUST-00799,Kfz,AGT-027,2025-05-06,854.46,Active,Thuringia
POL-003486,CUST-01501,Lebensversicherung,AGT-033,2024-07-01,1912.08,Lapsed,Bremen
POL-003487,CUST-01984,Wohngebaeude,AGT-005,2023-05-14,868.32,Lapsed,Thuringia
POL-003488,CUST-00586,Kfz,AGT-023,2025-04-17,1132.1,Active,North Rhine-Westphalia
POL-003489,CUST-02287,Wohngebaeude,AGT-021,2024-10-11,521.71,Active,Mecklenburg-Vorpommern
POL-003490,CUST-03803,Kfz,AGT-015,2022-08-07,849.24,Active,Schleswig-Holstein
POL-003491,CUST-03908,Kfz,AGT-004,2022-11-20,717.7,Active,Lower Saxony
POL-003492,CUST-01626,Kfz,AGT-032,2022-07-23,779.46,Active,Hesse
POL-003493,CUST-00638,Haftpflicht,AGT-029,2022-01-02,75.03,Active,Bremen
POL-003494,CUST-03922,Kfz,AGT-021,2024-05-30,573.64,Active,Brandenburg
POL-003495,CUST-02952,Kfz,AGT-039,2024-07-28,515.15,Lapsed,Brandenburg
POL-003496,CUST-01996,Kfz,AGT-027,2025-01-26,1010.53,Active,Hesse
POL-003497,CUST-01796,Lebensversicherung,AGT-003,2022-12-10,2166.01,Active,Saxony-Anhalt
POL-003498,CUST-00951,Kfz,AGT-037,2022-05-28,766.08,Active,Brandenburg
POL-003499,CUST-00517,Lebensversicherung,AGT-022,2023-07-13,2248.74,Active,Brandenburg
POL-003500,CUST-02099,Haftpflicht,AGT-011,2024-08-15,119.11,Cancelled,North Rhine-Westphalia
POL-003501,CUST-01601,Hausrat,AGT-007,2024-06-11,177.87,Active,Saxony-Anhalt
POL-003502,CUST-00265,Kfz,AGT-016,2023-01-14,762.51,Active,Saarland
POL-003503,CUST-03158,Kfz,AGT-004,2022-10-04,512.47,Lapsed,Hamburg
POL-003504,CUST-01323,Haftpflicht,AGT-019,2024-06-10,72.48,Active,Thuringia
POL-003505,CUST-02570,Kfz,AGT-008,2023-01-02,641.6,Active,Hamburg
POL-003506,CUST-00917,Lebensversicherung,AGT-011,2023-07-23,786.76,Cancelled,Hamburg
POL-003507,CUST-00050,Wohngebaeude,AGT-024,2024-08-13,585.1,Active,Baden-Wuerttemberg
POL-003508,CUST-01364,Kfz,AGT-029,2024-11-29,383.62,Active,Lower Saxony
POL-003509,CUST-03102,Kfz,AGT-036,2024-06-27,1250.12,Active,Saxony-Anhalt
POL-003510,CUST-00452,Kfz,AGT-021,2024-02-02,490.05,Active,Bremen
POL-003511,CUST-02039,Kfz,AGT-001,2023-12-14,1048.87,Active,Saxony
POL-003512,CUST-01633,Hausrat,AGT-035,2024-02-04,66.86,Active,Schleswig-Holstein
POL-003513,CUST-01408,Kfz,AGT-038,2022-09-17,1161.06,Active,Hamburg
POL-003514,CUST-02445,Hausrat,AGT-010,2023-10-14,166.65,Lapsed,Rhineland-Palatinate
POL-003515,CUST-02655,Kfz,AGT-012,2022-02-21,386.74,Active,Saxony-Anhalt
POL-003516,CUST-03119,Kfz,AGT-038,2022-06-28,856.7,Lapsed,Bremen
POL-003517,CUST-02397,Hausrat,AGT-013,2024-01-14,74.36,Active,Schleswig-Holstein
POL-003518,CUST-00708,Haftpflicht,AGT-030,2023-03-23,45.35,Lapsed,Schleswig-Holstein
POL-003519,CUST-01370,Hausrat,AGT-034,2023-05-30,213.37,Active,Baden-Wuerttemberg
POL-003520,CUST-00654,Hausrat,AGT-008,2024-10-05,140.39,Active,Schleswig-Holstein
POL-003521,CUST-02799,Haftpflicht,AGT-025,2022-07-02,71.74,Active,Hesse
POL-003522,CUST-01017,Lebensversicherung,AGT-010,2024-06-02,1994.05,Lapsed,Hesse
POL-003523,CUST-03170,Wohngebaeude,AGT-029,2023-06-20,832.06,Active,Lower Saxony
POL-003524,CUST-02163,Lebensversicherung,AGT-007,2022-01-05,535.86,Active,Bremen
POL-003525,CUST-00179,Kfz,AGT-036,2025-02-17,912.01,Active,Schleswig-Holstein
POL-003526,CUST-03131,Kfz,AGT-008,2023-09-11,931.49,Lapsed,Mecklenburg-Vorpommern
POL-003527,CUST-02464,Haftpflicht,AGT-016,2024-09-25,100.33,Active,Bavaria
POL-003528,CUST-02220,Haftpflicht,AGT-038,2022-02-07,65.89,Active,Bavaria
POL-003529,CUST-00495,Kfz,AGT-018,2024-11-06,393.89,Active,Berlin
POL-003530,CUST-00137,Kfz,AGT-036,2022-02-21,706.91,Lapsed,Lower Saxony
POL-003531,CUST-03887,Hausrat,AGT-015,2022-04-09,124.43,Active,Hamburg
POL-003532,CUST-02600,Wohngebaeude,AGT-012,2025-04-26,613.21,Cancelled,Rhineland-Palatinate
POL-003533,CUST-01700,Lebensversicherung,AGT-037,2022-07-19,1204.05,Active,Bavaria
POL-003534,CUST-03916,Wohngebaeude,AGT-019,2022-06-03,312.53,Lapsed,Bremen
POL-003535,CUST-00471,Wohngebaeude,AGT-010,2023-06-13,300.93,Active,Saxony-Anhalt
POL-003536,CUST-00651,Haftpflicht,AGT-004,2023-01-25,71.72,Active,Schleswig-Holstein
POL-003537,CUST-01080,Hausrat,AGT-038,2025-02-20,208.85,Lapsed,Thuringia
POL-003538,CUST-03531,Haftpflicht,AGT-038,2022-12-19,71.1,Active,Rhineland-Palatinate
POL-003539,CUST-01514,Kfz,AGT-027,2023-06-16,1132.34,Cancelled,Saxony-Anhalt
POL-003540,CUST-01601,Haftpflicht,AGT-023,2022-09-03,100.72,Active,Lower Saxony
POL-003541,CUST-02555,Kfz,AGT-023,2023-08-08,1378.97,Lapsed,Brandenburg
POL-003542,CUST-03088,Kfz,AGT-026,2024-10-23,948.3,Active,Lower Saxony
POL-003543,CUST-01580,Haftpflicht,AGT-010,2023-12-22,43.16,Lapsed,Thuringia
POL-003544,CUST-03470,Kfz,AGT-015,2022-09-24,1157.31,Active,Hesse
POL-003545,CUST-01580,Lebensversicherung,AGT-017,2025-02-05,2318.41,Active,Saxony
POL-003546,CUST-02329,Haftpflicht,AGT-024,2023-03-22,93.56,Lapsed,Saxony-Anhalt
POL-003547,CUST-00486,Haftpflicht,AGT-033,2023-10-19,83.53,Active,Thuringia
POL-003548,CUST-01280,Wohngebaeude,AGT-003,2023-02-14,603.63,Active,Saxony-Anhalt
POL-003549,CUST-02767,Kfz,AGT-031,2023-07-26,1232.42,Active,Saxony-Anhalt
POL-003550,CUST-00705,Haftpflicht,AGT-001,2024-11-10,50.0,Active,Mecklenburg-Vorpommern
POL-003551,CUST-01518,Haftpflicht,AGT-039,2025-06-09,55.69,Active,Hesse
POL-003552,CUST-00569,Lebensversicherung,AGT-016,2024-06-11,1814.35,Active,Rhineland-Palatinate
POL-003553,CUST-00945,Kfz,AGT-017,2022-12-23,843.51,Active,Berlin
POL-003554,CUST-01411,Hausrat,AGT-022,2025-05-28,193.71,Active,Saarland
POL-003555,CUST-03940,Wohngebaeude,AGT-009,2022-03-09,312.7,Lapsed,Bavaria
POL-003556,CUST-02777,Kfz,AGT-002,2024-07-19,871.99,Active,Brandenburg
POL-003557,CUST-01584,Haftpflicht,AGT-037,2022-02-06,50.68,Active,Bremen
POL-003558,CUST-01137,Kfz,AGT-007,2024-01-18,1050.29,Cancelled,Brandenburg
POL-003559,CUST-03044,Hausrat,AGT-014,2025-06-26,73.91,Active,Rhineland-Palatinate
POL-003560,CUST-01767,Hausrat,AGT-028,2022-09-11,217.13,Cancelled,North Rhine-Westphalia
POL-003561,CUST-03931,Wohngebaeude,AGT-017,2024-05-14,647.81,Active,Hesse
POL-003562,CUST-03574,Hausrat,AGT-004,2022-07-19,75.1,Active,Rhineland-Palatinate
POL-003563,CUST-03466,Haftpflicht,AGT-036,2023-05-21,99.33,Active,Bavaria
POL-003564,CUST-02915,Wohngebaeude,AGT-031,2025-01-23,512.88,Lapsed,Saxony-Anhalt
POL-003565,CUST-03060,Hausrat,AGT-019,2023-01-21,224.63,Active,Thuringia
POL-003566,CUST-00532,Kfz,AGT-009,2023-04-08,1338.23,Active,Saxony-Anhalt
POL-003567,CUST-03154,Wohngebaeude,AGT-012,2024-10-05,533.83,Active,Schleswig-Holstein
POL-003568,CUST-00437,Haftpflicht,AGT-034,2023-11-26,43.83,Active,Saxony-Anhalt
POL-003569,CUST-01155,Kfz,AGT-034,2022-07-24,1332.47,Active,North Rhine-Westphalia
POL-003570,CUST-00944,Kfz,AGT-038,2024-02-15,549.08,Lapsed,Saarland
POL-003571,CUST-00723,Haftpflicht,AGT-002,2024-11-01,109.85,Active,Brandenburg
POL-003572,CUST-01011,Haftpflicht,AGT-024,2025-04-18,101.75,Active,Brandenburg
POL-003573,CUST-01571,Haftpflicht,AGT-037,2024-08-30,44.48,Active,Rhineland-Palatinate
POL-003574,CUST-00989,Hausrat,AGT-009,2022-12-30,159.98,Active,North Rhine-Westphalia
POL-003575,CUST-00333,Kfz,AGT-027,2023-10-12,676.01,Active,Saarland
POL-003576,CUST-01824,Haftpflicht,AGT-029,2023-08-17,72.92,Active,Baden-Wuerttemberg
POL-003577,CUST-01780,Haftpflicht,AGT-014,2025-03-12,81.34,Active,Baden-Wuerttemberg
POL-003578,CUST-02944,Wohngebaeude,AGT-019,2025-03-21,427.9,Lapsed,Thuringia
POL-003579,CUST-03983,Lebensversicherung,AGT-005,2025-04-14,597.15,Active,Thuringia
POL-003580,CUST-02591,Hausrat,AGT-022,2022-12-21,103.63,Cancelled,North Rhine-Westphalia
POL-003581,CUST-02025,Kfz,AGT-032,2023-07-30,833.66,Active,Hesse
POL-003582,CUST-03203,Haftpflicht,AGT-038,2023-02-07,80.41,Active,Saxony-Anhalt
POL-003583,CUST-03596,Kfz,AGT-032,2025-02-26,1340.84,Active,Baden-Wuerttemberg
POL-003584,CUST-00630,Hausrat,AGT-009,2025-02-08,179.14,Active,Lower Saxony
POL-003585,CUST-01047,Kfz,AGT-012,2022-03-03,452.29,Active,Hamburg
POL-003586,CUST-00747,Hausrat,AGT-021,2025-05-05,70.96,Active,Saarland
POL-003587,CUST-03552,Kfz,AGT-038,2023-11-28,463.06,Active,North Rhine-Westphalia
POL-003588,CUST-02591,Haftpflicht,AGT-001,2024-03-25,75.62,Active,Bavaria
POL-003589,CUST-01447,Kfz,AGT-033,2023-06-28,1012.72,Active,Saxony
POL-003590,CUST-02759,Kfz,AGT-019,2022-12-24,857.96,Lapsed,Mecklenburg-Vorpommern
POL-003591,CUST-03343,Haftpflicht,AGT-034,2022-09-21,89.53,Active,North Rhine-Westphalia
POL-003592,CUST-00510,Lebensversicherung,AGT-038,2023-12-09,552.93,Active,Thuringia
POL-003593,CUST-01049,Kfz,AGT-014,2023-03-21,1257.88,Active,Rhineland-Palatinate
POL-003594,CUST-02767,Kfz,AGT-029,2024-06-03,836.46,Active,Saarland
POL-003595,CUST-03224,Haftpflicht,AGT-009,2023-05-29,112.26,Active,Thuringia
POL-003596,CUST-00848,Haftpflicht,AGT-005,2024-09-14,65.81,Active,Bremen
POL-003597,CUST-03738,Haftpflicht,AGT-031,2023-06-10,40.08,Active,Saxony
POL-003598,CUST-01692,Wohngebaeude,AGT-006,2022-03-03,868.9,Cancelled,North Rhine-Westphalia
POL-003599,CUST-01610,Haftpflicht,AGT-027,2023-06-26,119.72,Active,Saarland
POL-003600,CUST-03251,Wohngebaeude,AGT-006,2023-07-14,532.2,Active,Saxony
POL-003601,CUST-01734,Kfz,AGT-033,2023-04-17,736.66,Active,Rhineland-Palatinate
POL-003602,CUST-01427,Wohngebaeude,AGT-013,2022-04-14,352.62,Active,Saxony-Anhalt
POL-003603,CUST-01825,Hausrat,AGT-025,2024-01-13,121.93,Active,Thuringia
POL-003604,CUST-03110,Hausrat,AGT-006,2024-08-29,244.22,Active,Saarland
POL-003605,CUST-01219,Kfz,AGT-030,2023-04-04,1035.08,Lapsed,Schleswig-Holstein
POL-003606,CUST-03954,Lebensversicherung,AGT-005,2024-04-30,1948.16,Active,Mecklenburg-Vorpommern
POL-003607,CUST-03231,Kfz,AGT-039,2025-06-02,1082.55,Active,Mecklenburg-Vorpommern
POL-003608,CUST-02348,Hausrat,AGT-026,2023-04-30,80.39,Active,Bremen
POL-003609,CUST-02377,Kfz,AGT-003,2023-09-03,618.45,Active,Baden-Wuerttemberg
POL-003610,CUST-01643,Hausrat,AGT-014,2023-11-21,134.72,Cancelled,North Rhine-Westphalia
POL-003611,CUST-02913,Hausrat,AGT-008,2023-02-16,134.11,Lapsed,North Rhine-Westphalia
POL-003612,CUST-00232,Haftpflicht,AGT-029,2022-06-08,71.11,Active,North Rhine-Westphalia
POL-003613,CUST-00838,Wohngebaeude,AGT-024,2024-10-23,275.67,Active,Berlin
POL-003614,CUST-02748,Wohngebaeude,AGT-016,2024-09-02,724.04,Active,Saxony-Anhalt
POL-003615,CUST-03633,Lebensversicherung,AGT-011,2024-09-15,2328.21,Active,Thuringia
POL-003616,CUST-01888,Haftpflicht,AGT-031,2025-01-19,71.41,Active,Thuringia
POL-003617,CUST-02926,Haftpflicht,AGT-003,2024-11-24,87.42,Active,Saxony
POL-003618,CUST-03136,Hausrat,AGT-039,2025-05-24,132.99,Cancelled,Thuringia
POL-003619,CUST-03368,Kfz,AGT-031,2025-01-29,542.23,Active,Hesse
POL-003620,CUST-03381,Haftpflicht,AGT-007,2023-03-21,102.07,Active,Hesse
POL-003621,CUST-03340,Haftpflicht,AGT-017,2025-03-17,55.6,Active,Saxony
POL-003622,CUST-03459,Kfz,AGT-035,2024-06-08,1145.74,Active,Saxony-Anhalt
POL-003623,CUST-03039,Haftpflicht,AGT-039,2022-06-21,95.46,Cancelled,Schleswig-Holstein
POL-003624,CUST-02419,Kfz,AGT-023,2024-02-06,416.28,Lapsed,Baden-Wuerttemberg
POL-003625,CUST-02458,Haftpflicht,AGT-011,2024-01-17,66.88,Active,Saxony-Anhalt
POL-003626,CUST-01324,Haftpflicht,AGT-036,2022-09-23,95.26,Active,Bavaria
POL-003627,CUST-03211,Wohngebaeude,AGT-010,2024-06-14,336.47,Active,Saxony
POL-003628,CUST-01462,Hausrat,AGT-010,2023-04-02,211.5,Active,Bremen
POL-003629,CUST-02975,Haftpflicht,AGT-013,2024-10-16,48.31,Active,Hamburg
POL-003630,CUST-02721,Kfz,AGT-020,2022-11-17,781.07,Lapsed,Saarland
POL-003631,CUST-01315,Kfz,AGT-003,2023-07-22,1059.68,Active,Hesse
POL-003632,CUST-00041,Wohngebaeude,AGT-008,2023-05-18,271.9,Cancelled,Saxony-Anhalt
POL-003633,CUST-00202,Hausrat,AGT-035,2022-04-11,160.0,Active,Mecklenburg-Vorpommern
POL-003634,CUST-03061,Hausrat,AGT-022,2023-12-20,202.53,Active,Bavaria
POL-003635,CUST-02303,Kfz,AGT-036,2022-01-22,464.32,Lapsed,Hamburg
POL-003636,CUST-01065,Haftpflicht,AGT-017,2024-10-04,104.3,Active,Baden-Wuerttemberg
POL-003637,CUST-03162,Haftpflicht,AGT-036,2024-07-03,82.51,Cancelled,Mecklenburg-Vorpommern
POL-003638,CUST-01212,Kfz,AGT-025,2024-02-26,1175.1,Active,Rhineland-Palatinate
POL-003639,CUST-01820,Lebensversicherung,AGT-029,2023-04-25,960.77,Active,Hamburg
POL-003640,CUST-02365,Lebensversicherung,AGT-010,2023-02-11,2395.88,Active,Hamburg
POL-003641,CUST-02524,Wohngebaeude,AGT-005,2022-12-15,551.4,Active,Saxony
POL-003642,CUST-03630,Kfz,AGT-032,2023-08-18,567.07,Active,Thuringia
POL-003643,CUST-01187,Kfz,AGT-001,2022-12-04,471.07,Active,Bavaria
POL-003644,CUST-00109,Kfz,AGT-040,2022-09-25,1139.13,Active,Hamburg
POL-003645,CUST-03890,Kfz,AGT-038,2022-06-05,633.17,Active,Rhineland-Palatinate
POL-003646,CUST-02344,Lebensversicherung,AGT-035,2024-04-19,1130.83,Active,Thuringia
POL-003647,CUST-01799,Haftpflicht,AGT-020,2025-05-27,84.53,Active,Rhineland-Palatinate
POL-003648,CUST-01808,Haftpflicht,AGT-034,2024-01-18,56.4,Active,Bremen
POL-003649,CUST-02798,Wohngebaeude,AGT-023,2024-11-02,723.26,Lapsed,Saxony-Anhalt
POL-003650,CUST-02588,Haftpflicht,AGT-040,2023-05-17,49.06,Active,Schleswig-Holstein
POL-003651,CUST-00265,Kfz,AGT-028,2025-05-15,1329.34,Active,Thuringia
POL-003652,CUST-01953,Kfz,AGT-031,2024-09-07,613.52,Active,Bremen
POL-003653,CUST-02080,Hausrat,AGT-018,2022-06-12,86.9,Active,Bremen
POL-003654,CUST-03758,Haftpflicht,AGT-040,2022-05-29,102.84,Active,Saarland
POL-003655,CUST-02740,Kfz,AGT-035,2024-10-06,972.26,Lapsed,Rhineland-Palatinate
POL-003656,CUST-00166,Kfz,AGT-002,2023-01-19,1204.67,Lapsed,Thuringia
POL-003657,CUST-03029,Haftpflicht,AGT-008,2023-10-17,62.93,Active,Mecklenburg-Vorpommern
POL-003658,CUST-01322,Kfz,AGT-037,2024-01-17,648.6,Active,Rhineland-Palatinate
POL-003659,CUST-00515,Kfz,AGT-031,2023-01-14,654.97,Active,Hesse
POL-003660,CUST-03619,Kfz,AGT-004,2023-04-25,609.31,Active,Hamburg
POL-003661,CUST-03242,Kfz,AGT-013,2023-02-19,740.45,Lapsed,Saxony-Anhalt
POL-003662,CUST-03715,Hausrat,AGT-038,2024-08-25,119.62,Active,Bavaria
POL-003663,CUST-02992,Haftpflicht,AGT-008,2022-11-17,80.3,Active,Bavaria
POL-003664,CUST-02578,Haftpflicht,AGT-021,2025-02-21,79.1,Active,Hesse
POL-003665,CUST-01905,Hausrat,AGT-028,2024-09-02,247.0,Active,Saarland
POL-003666,CUST-02112,Haftpflicht,AGT-016,2025-04-04,91.3,Lapsed,Mecklenburg-Vorpommern
POL-003667,CUST-02333,Haftpflicht,AGT-032,2025-03-11,79.96,Active,Thuringia
POL-003668,CUST-03089,Lebensversicherung,AGT-004,2022-01-23,2040.12,Active,Brandenburg
POL-003669,CUST-01818,Kfz,AGT-009,2024-01-16,1044.85,Active,Saxony
POL-003670,CUST-00071,Lebensversicherung,AGT-029,2022-02-25,1809.79,Active,Saxony
POL-003671,CUST-00606,Hausrat,AGT-029,2022-10-30,136.9,Active,Saxony-Anhalt
POL-003672,CUST-02545,Kfz,AGT-020,2023-05-02,366.48,Active,Saxony-Anhalt
POL-003673,CUST-01811,Haftpflicht,AGT-021,2022-09-05,45.42,Active,Bremen
POL-003674,CUST-02936,Kfz,AGT-038,2023-10-09,931.3,Lapsed,Bremen
POL-003675,CUST-01246,Hausrat,AGT-001,2024-11-02,187.54,Active,Thuringia
POL-003676,CUST-01494,Hausrat,AGT-013,2025-02-01,213.22,Active,Thuringia
POL-003677,CUST-02137,Hausrat,AGT-014,2024-09-04,86.97,Lapsed,Saxony-Anhalt
POL-003678,CUST-03989,Kfz,AGT-002,2024-07-17,1127.8,Active,Berlin
POL-003679,CUST-01837,Wohngebaeude,AGT-012,2024-04-17,624.21,Active,Hesse
POL-003680,CUST-00993,Haftpflicht,AGT-036,2023-10-13,71.05,Active,Bavaria
POL-003681,CUST-03869,Wohngebaeude,AGT-034,2023-01-11,538.45,Cancelled,Rhineland-Palatinate
POL-003682,CUST-00458,Haftpflicht,AGT-019,2025-02-14,101.67,Cancelled,Saxony
POL-003683,CUST-01964,Kfz,AGT-016,2023-04-02,846.79,Active,Hamburg
POL-003684,CUST-03922,Hausrat,AGT-034,2025-03-05,66.71,Active,Berlin
POL-003685,CUST-03774,Kfz,AGT-033,2025-02-19,623.84,Active,Hamburg
POL-003686,CUST-01735,Hausrat,AGT-029,2024-11-22,236.48,Active,Mecklenburg-Vorpommern
POL-003687,CUST-01635,Haftpflicht,AGT-031,2024-04-27,43.67,Active,Saxony-Anhalt
POL-003688,CUST-03011,Haftpflicht,AGT-021,2024-07-08,102.77,Active,Bavaria
POL-003689,CUST-02700,Kfz,AGT-009,2024-06-24,855.46,Active,Bavaria
POL-003690,CUST-03380,Kfz,AGT-035,2023-01-02,694.62,Active,Baden-Wuerttemberg
POL-003691,CUST-03302,Kfz,AGT-021,2025-01-12,1307.54,Active,Hesse
POL-003692,CUST-03097,Kfz,AGT-024,2024-09-19,879.04,Lapsed,Hesse
POL-003693,CUST-03856,Kfz,AGT-008,2022-02-13,510.56,Active,Brandenburg
POL-003694,CUST-03012,Kfz,AGT-020,2022-05-02,1178.67,Active,Lower Saxony
POL-003695,CUST-00487,Haftpflicht,AGT-028,2022-01-29,81.84,Active,Lower Saxony
POL-003696,CUST-03970,Kfz,AGT-028,2024-01-22,1011.17,Active,Brandenburg
POL-003697,CUST-02681,Kfz,AGT-023,2023-07-19,812.47,Active,North Rhine-Westphalia
POL-003698,CUST-01233,Wohngebaeude,AGT-003,2023-10-01,435.0,Cancelled,Hesse
POL-003699,CUST-03581,Kfz,AGT-037,2024-09-05,374.26,Active,North Rhine-Westphalia
POL-003700,CUST-03235,Lebensversicherung,AGT-020,2024-02-27,982.37,Active,Thuringia
POL-003701,CUST-03492,Haftpflicht,AGT-033,2023-12-15,99.13,Cancelled,Rhineland-Palatinate
POL-003702,CUST-00892,Wohngebaeude,AGT-026,2024-03-17,347.82,Active,Hesse
POL-003703,CUST-03159,Wohngebaeude,AGT-033,2023-09-16,453.97,Lapsed,Lower Saxony
POL-003704,CUST-00966,Haftpflicht,AGT-023,2024-12-09,98.36,Active,Brandenburg
POL-003705,CUST-02650,Wohngebaeude,AGT-040,2023-01-12,382.44,Active,Hamburg
POL-003706,CUST-00145,Haftpflicht,AGT-003,2023-05-23,93.7,Active,Schleswig-Holstein
POL-003707,CUST-02909,Haftpflicht,AGT-036,2025-04-26,112.57,Active,Hamburg
POL-003708,CUST-00428,Haftpflicht,AGT-020,2022-12-06,107.37,Active,Mecklenburg-Vorpommern
POL-003709,CUST-02374,Kfz,AGT-033,2024-06-15,403.48,Cancelled,Berlin
POL-003710,CUST-02053,Kfz,AGT-008,2022-01-29,1350.03,Lapsed,Hamburg
POL-003711,CUST-03660,Lebensversicherung,AGT-002,2025-02-22,525.82,Active,Brandenburg
POL-003712,CUST-02251,Haftpflicht,AGT-007,2022-08-11,94.35,Active,Lower Saxony
POL-003713,CUST-01675,Haftpflicht,AGT-025,2023-10-29,60.89,Cancelled,Saxony-Anhalt
POL-003714,CUST-01431,Haftpflicht,AGT-015,2022-08-17,52.38,Active,Hesse
POL-003715,CUST-01617,Haftpflicht,AGT-012,2025-04-30,80.05,Active,Saxony
POL-003716,CUST-02041,Wohngebaeude,AGT-038,2025-04-11,448.26,Cancelled,Saarland
POL-003717,CUST-02585,Kfz,AGT-037,2022-03-18,933.14,Active,Bremen
POL-003718,CUST-00367,Kfz,AGT-022,2023-04-20,1034.63,Active,Lower Saxony
POL-003719,CUST-00707,Lebensversicherung,AGT-025,2022-03-17,2266.37,Cancelled,Baden-Wuerttemberg
POL-003720,CUST-03673,Kfz,AGT-027,2023-06-02,820.19,Active,Schleswig-Holstein
POL-003721,CUST-01762,Kfz,AGT-017,2022-08-03,738.48,Active,Saxony-Anhalt
POL-003722,CUST-00588,Hausrat,AGT-039,2024-10-21,200.57,Lapsed,Hamburg
POL-003723,CUST-01512,Hausrat,AGT-017,2023-08-09,198.4,Active,Lower Saxony
POL-003724,CUST-01042,Wohngebaeude,AGT-039,2024-08-06,590.39,Active,Hamburg
POL-003725,CUST-02243,Kfz,AGT-013,2025-05-19,548.82,Active,Mecklenburg-Vorpommern
POL-003726,CUST-00712,Lebensversicherung,AGT-031,2022-12-04,987.41,Active,Bavaria
POL-003727,CUST-02769,Hausrat,AGT-008,2024-09-22,113.45,Active,Schleswig-Holstein
POL-003728,CUST-00698,Wohngebaeude,AGT-028,2023-07-08,202.38,Active,Berlin
POL-003729,CUST-01447,Haftpflicht,AGT-022,2023-08-02,52.39,Active,Berlin
POL-003730,CUST-03405,Kfz,AGT-006,2024-05-31,1105.87,Active,Schleswig-Holstein
POL-003731,CUST-03451,Lebensversicherung,AGT-001,2024-01-08,1058.29,Active,Saxony-Anhalt
POL-003732,CUST-02575,Kfz,AGT-024,2022-09-29,1264.27,Active,Saarland
POL-003733,CUST-02217,Kfz,AGT-033,2024-01-24,772.06,Active,Schleswig-Holstein
POL-003734,CUST-02856,Hausrat,AGT-001,2024-12-12,235.31,Active,Saarland
POL-003735,CUST-01257,Kfz,AGT-003,2024-03-12,547.55,Active,Saxony
POL-003736,CUST-03836,Hausrat,AGT-007,2023-03-10,152.86,Active,Rhineland-Palatinate
POL-003737,CUST-01014,Kfz,AGT-016,2024-08-20,516.28,Active,Hamburg
POL-003738,CUST-01760,Kfz,AGT-029,2024-07-04,1311.68,Active,Thuringia
POL-003739,CUST-02379,Wohngebaeude,AGT-019,2024-11-07,801.94,Active,Bremen
POL-003740,CUST-02391,Hausrat,AGT-010,2024-07-26,202.99,Cancelled,Brandenburg
POL-003741,CUST-00299,Kfz,AGT-013,2025-06-04,553.58,Active,Saxony-Anhalt
POL-003742,CUST-03549,Hausrat,AGT-026,2024-10-10,89.83,Active,Schleswig-Holstein
POL-003743,CUST-00019,Hausrat,AGT-022,2025-05-21,243.15,Active,Hamburg
POL-003744,CUST-00765,Wohngebaeude,AGT-003,2024-10-23,346.47,Active,Mecklenburg-Vorpommern
POL-003745,CUST-01982,Kfz,AGT-029,2023-02-27,1268.01,Active,Thuringia
POL-003746,CUST-02272,Kfz,AGT-035,2022-03-26,1310.9,Active,Berlin
POL-003747,CUST-02723,Kfz,AGT-007,2023-10-16,1185.26,Active,Lower Saxony
POL-003748,CUST-00047,Haftpflicht,AGT-011,2023-07-27,83.24,Active,Hesse
POL-003749,CUST-00910,Haftpflicht,AGT-033,2022-09-02,109.7,Active,Saxony-Anhalt
POL-003750,CUST-01131,Lebensversicherung,AGT-016,2022-05-28,542.77,Active,Lower Saxony
POL-003751,CUST-00355,Haftpflicht,AGT-021,2023-05-19,60.81,Active,Baden-Wuerttemberg
POL-003752,CUST-00051,Kfz,AGT-033,2024-02-13,1163.65,Active,Saxony
POL-003753,CUST-01187,Kfz,AGT-026,2024-02-18,720.88,Active,Hesse
POL-003754,CUST-01274,Haftpflicht,AGT-032,2022-12-24,104.78,Active,Hesse
POL-003755,CUST-03203,Kfz,AGT-036,2023-11-21,460.0,Cancelled,Hesse
POL-003756,CUST-00407,Wohngebaeude,AGT-016,2024-05-22,873.17,Active,Hamburg
POL-003757,CUST-00136,Kfz,AGT-005,2022-05-04,905.83,Active,Saarland
POL-003758,CUST-02669,Wohngebaeude,AGT-002,2025-04-06,547.49,Active,Baden-Wuerttemberg
POL-003759,CUST-01450,Kfz,AGT-012,2025-06-06,851.49,Lapsed,Hamburg
POL-003760,CUST-00204,Haftpflicht,AGT-035,2024-05-06,114.62,Active,Baden-Wuerttemberg
POL-003761,CUST-02760,Hausrat,AGT-011,2025-02-15,236.7,Active,North Rhine-Westphalia
POL-003762,CUST-00803,Haftpflicht,AGT-004,2023-04-08,77.68,Active,Bremen
POL-003763,CUST-02370,Kfz,AGT-002,2023-07-29,1142.15,Active,Bavaria
POL-003764,CUST-00214,Hausrat,AGT-022,2022-11-14,64.97,Lapsed,Mecklenburg-Vorpommern
POL-003765,CUST-02591,Kfz,AGT-012,2022-03-23,856.49,Cancelled,Brandenburg
POL-003766,CUST-03657,Haftpflicht,AGT-029,2024-11-17,106.03,Active,Saxony
POL-003767,CUST-02183,Kfz,AGT-008,2022-12-11,834.94,Lapsed,Saxony
POL-003768,CUST-02355,Kfz,AGT-030,2023-03-01,531.57,Active,Saxony
POL-003769,CUST-00460,Lebensversicherung,AGT-019,2023-11-03,863.03,Active,Rhineland-Palatinate
POL-003770,CUST-03619,Haftpflicht,AGT-024,2023-08-29,79.14,Active,Baden-Wuerttemberg
POL-003771,CUST-01479,Haftpflicht,AGT-039,2024-04-02,102.99,Active,North Rhine-Westphalia
POL-003772,CUST-01105,Kfz,AGT-028,2025-03-21,532.38,Active,Hamburg
POL-003773,CUST-03450,Lebensversicherung,AGT-023,2024-12-07,832.8,Active,Saxony-Anhalt
POL-003774,CUST-01378,Hausrat,AGT-035,2023-07-28,218.0,Active,Saarland
POL-003775,CUST-02048,Haftpflicht,AGT-030,2022-01-28,109.96,Cancelled,North Rhine-Westphalia
POL-003776,CUST-00594,Hausrat,AGT-007,2022-08-25,144.32,Active,Baden-Wuerttemberg
POL-003777,CUST-02895,Wohngebaeude,AGT-033,2024-01-13,893.96,Active,Berlin
POL-003778,CUST-01536,Kfz,AGT-027,2022-08-14,1196.49,Active,Schleswig-Holstein
POL-003779,CUST-01662,Kfz,AGT-002,2022-04-10,437.57,Active,Berlin
POL-003780,CUST-00030,Lebensversicherung,AGT-028,2023-03-04,1019.13,Active,Saxony
POL-003781,CUST-02323,Wohngebaeude,AGT-014,2024-02-24,238.19,Active,Mecklenburg-Vorpommern
POL-003782,CUST-01633,Hausrat,AGT-015,2022-09-25,204.5,Active,Mecklenburg-Vorpommern
POL-003783,CUST-03906,Kfz,AGT-010,2022-04-18,1299.35,Active,Bavaria
POL-003784,CUST-00496,Kfz,AGT-039,2022-06-25,1075.65,Lapsed,Brandenburg
POL-003785,CUST-03123,Kfz,AGT-008,2023-05-28,398.51,Active,Saxony-Anhalt
POL-003786,CUST-02908,Kfz,AGT-001,2022-05-31,977.92,Active,Thuringia
POL-003787,CUST-00954,Haftpflicht,AGT-023,2024-06-22,103.83,Active,Hamburg
POL-003788,CUST-00357,Lebensversicherung,AGT-031,2024-01-18,1615.82,Lapsed,Rhineland-Palatinate
POL-003789,CUST-02672,Haftpflicht,AGT-002,2023-06-25,48.75,Active,Saxony
POL-003790,CUST-01542,Wohngebaeude,AGT-031,2024-12-15,748.37,Cancelled,North Rhine-Westphalia
POL-003791,CUST-00089,Haftpflicht,AGT-011,2023-10-31,99.4,Active,Saxony
POL-003792,CUST-01804,Lebensversicherung,AGT-029,2024-01-21,2243.97,Active,Brandenburg
POL-003793,CUST-02042,Haftpflicht,AGT-022,2024-01-23,77.67,Active,Hesse
POL-003794,CUST-02021,Hausrat,AGT-023,2025-06-19,220.94,Active,Lower Saxony
POL-003795,CUST-02141,Kfz,AGT-040,2024-08-09,1341.07,Active,Lower Saxony
POL-003796,CUST-00405,Haftpflicht,AGT-031,2025-02-08,108.95,Cancelled,Thuringia
POL-003797,CUST-01058,Wohngebaeude,AGT-011,2022-08-21,265.53,Active,Lower Saxony
POL-003798,CUST-01493,Kfz,AGT-020,2024-10-22,677.34,Cancelled,Bremen
POL-003799,CUST-03781,Kfz,AGT-031,2023-02-22,815.85,Lapsed,Schleswig-Holstein
POL-003800,CUST-01648,Kfz,AGT-039,2022-01-02,1066.51,Active,Thuringia
POL-003801,CUST-03033,Hausrat,AGT-001,2025-01-16,126.86,Active,Bavaria
POL-003802,CUST-01652,Wohngebaeude,AGT-006,2022-07-05,853.2,Active,Mecklenburg-Vorpommern
POL-003803,CUST-02753,Kfz,AGT-009,2022-03-17,469.02,Active,Rhineland-Palatinate
POL-003804,CUST-02663,Wohngebaeude,AGT-006,2024-12-05,642.03,Active,Bavaria
POL-003805,CUST-01560,Lebensversicherung,AGT-023,2023-10-14,1334.28,Cancelled,Hamburg
POL-003806,CUST-00262,Kfz,AGT-021,2022-03-04,416.83,Active,Hesse
POL-003807,CUST-03577,Wohngebaeude,AGT-029,2022-04-28,696.73,Active,Hesse
POL-003808,CUST-03564,Wohngebaeude,AGT-018,2022-06-03,286.08,Active,Saxony
POL-003809,CUST-01039,Kfz,AGT-031,2022-05-23,1228.03,Active,Brandenburg
POL-003810,CUST-03726,Hausrat,AGT-034,2024-06-12,87.45,Active,Rhineland-Palatinate
POL-003811,CUST-03665,Lebensversicherung,AGT-019,2022-05-08,1717.29,Active,Baden-Wuerttemberg
POL-003812,CUST-01072,Wohngebaeude,AGT-026,2024-05-15,844.4,Active,Saxony-Anhalt
POL-003813,CUST-00976,Kfz,AGT-018,2023-11-24,994.05,Lapsed,Hamburg
POL-003814,CUST-03087,Haftpflicht,AGT-032,2022-10-28,45.17,Active,Schleswig-Holstein
POL-003815,CUST-01775,Kfz,AGT-018,2023-04-24,453.48,Active,Thuringia
POL-003816,CUST-02645,Kfz,AGT-019,2022-03-11,1168.08,Active,Berlin
POL-003817,CUST-02630,Haftpflicht,AGT-019,2022-08-02,114.51,Active,Rhineland-Palatinate
POL-003818,CUST-02226,Hausrat,AGT-039,2022-01-25,239.83,Lapsed,North Rhine-Westphalia
POL-003819,CUST-03423,Hausrat,AGT-021,2025-01-01,141.36,Active,Mecklenburg-Vorpommern
POL-003820,CUST-02159,Kfz,AGT-015,2025-02-15,1190.76,Cancelled,Schleswig-Holstein
POL-003821,CUST-03961,Kfz,AGT-018,2023-10-23,1015.7,Active,Saarland
POL-003822,CUST-01096,Kfz,AGT-015,2024-10-17,602.47,Active,Saarland
POL-003823,CUST-00385,Kfz,AGT-028,2025-05-19,851.71,Active,Saxony-Anhalt
POL-003824,CUST-00314,Kfz,AGT-031,2024-01-14,1228.52,Lapsed,Thuringia
POL-003825,CUST-00878,Kfz,AGT-031,2022-01-09,1184.92,Active,Lower Saxony
POL-003826,CUST-02345,Haftpflicht,AGT-029,2025-06-26,71.83,Active,Bavaria
POL-003827,CUST-00088,Hausrat,AGT-021,2024-01-05,92.14,Active,Saxony-Anhalt
POL-003828,CUST-02337,Kfz,AGT-010,2023-12-19,857.25,Active,Schleswig-Holstein
POL-003829,CUST-02070,Haftpflicht,AGT-004,2022-11-10,71.25,Active,Berlin
POL-003830,CUST-03653,Hausrat,AGT-012,2025-05-26,175.06,Active,Hamburg
POL-003831,CUST-01419,Lebensversicherung,AGT-018,2022-07-14,498.85,Active,Mecklenburg-Vorpommern
POL-003832,CUST-03654,Kfz,AGT-040,2024-09-26,888.44,Active,North Rhine-Westphalia
POL-003833,CUST-00503,Haftpflicht,AGT-010,2023-02-17,47.12,Cancelled,Lower Saxony
POL-003834,CUST-00572,Haftpflicht,AGT-036,2025-04-08,66.58,Active,Saxony
POL-003835,CUST-01599,Kfz,AGT-032,2022-06-16,544.65,Active,Saxony-Anhalt
POL-003836,CUST-01410,Kfz,AGT-028,2023-03-15,895.06,Active,Saxony
POL-003837,CUST-01070,Hausrat,AGT-006,2022-08-26,242.01,Active,Saxony
POL-003838,CUST-00826,Haftpflicht,AGT-021,2024-10-09,55.09,Active,Rhineland-Palatinate
POL-003839,CUST-03213,Hausrat,AGT-007,2023-06-05,94.18,Active,Brandenburg
POL-003840,CUST-00759,Hausrat,AGT-003,2022-01-25,175.75,Active,Rhineland-Palatinate
POL-003841,CUST-02661,Wohngebaeude,AGT-033,2023-06-19,278.35,Active,Brandenburg
POL-003842,CUST-02714,Kfz,AGT-022,2022-04-14,1376.41,Cancelled,Hesse
POL-003843,CUST-03564,Hausrat,AGT-001,2023-11-07,102.98,Lapsed,Saxony-Anhalt
POL-003844,CUST-02490,Haftpflicht,AGT-039,2025-01-26,79.34,Active,Brandenburg
POL-003845,CUST-01886,Hausrat,AGT-038,2023-01-09,152.83,Active,Hesse
POL-003846,CUST-02790,Kfz,AGT-005,2022-07-23,793.39,Active,Hesse
POL-003847,CUST-02703,Kfz,AGT-005,2023-10-19,458.85,Active,Berlin
POL-003848,CUST-00769,Kfz,AGT-024,2022-03-02,849.2,Cancelled,North Rhine-Westphalia
POL-003849,CUST-02363,Kfz,AGT-018,2023-06-17,775.26,Cancelled,Brandenburg
POL-003850,CUST-00572,Hausrat,AGT-009,2022-08-01,92.4,Active,Saxony
POL-003851,CUST-01022,Wohngebaeude,AGT-034,2025-02-16,538.87,Active,Saarland
POL-003852,CUST-02396,Kfz,AGT-007,2025-03-24,669.63,Active,Bavaria
POL-003853,CUST-01801,Lebensversicherung,AGT-034,2023-12-25,1536.09,Active,Saxony
POL-003854,CUST-03877,Kfz,AGT-036,2022-08-17,795.46,Active,Mecklenburg-Vorpommern
POL-003855,CUST-03317,Hausrat,AGT-039,2024-11-22,61.24,Active,Baden-Wuerttemberg
POL-003856,CUST-01840,Haftpflicht,AGT-035,2023-04-20,45.96,Active,Rhineland-Palatinate
POL-003857,CUST-01140,Haftpflicht,AGT-029,2023-02-09,75.54,Lapsed,Rhineland-Palatinate
POL-003858,CUST-00856,Haftpflicht,AGT-029,2022-07-16,57.87,Active,Schleswig-Holstein
POL-003859,CUST-03451,Haftpflicht,AGT-024,2024-03-21,53.52,Active,Bavaria
POL-003860,CUST-00063,Haftpflicht,AGT-001,2024-09-26,110.59,Active,Rhineland-Palatinate
POL-003861,CUST-02080,Wohngebaeude,AGT-034,2023-10-22,655.01,Active,Berlin
POL-003862,CUST-02733,Wohngebaeude,AGT-008,2025-02-04,706.48,Active,Bavaria
POL-003863,CUST-03056,Hausrat,AGT-015,2023-01-02,167.28,Active,Thuringia
POL-003864,CUST-02192,Kfz,AGT-018,2022-10-07,1115.62,Active,Saxony
POL-003865,CUST-01451,Lebensversicherung,AGT-015,2024-11-21,1369.92,Active,Saxony-Anhalt
POL-003866,CUST-03622,Haftpflicht,AGT-016,2023-08-27,48.03,Active,North Rhine-Westphalia
POL-003867,CUST-01705,Haftpflicht,AGT-032,2022-02-03,70.51,Active,Mecklenburg-Vorpommern
POL-003868,CUST-02348,Kfz,AGT-005,2023-04-23,445.14,Active,Baden-Wuerttemberg
POL-003869,CUST-03046,Lebensversicherung,AGT-015,2025-04-23,1031.26,Active,Rhineland-Palatinate
POL-003870,CUST-01048,Haftpflicht,AGT-004,2022-08-22,107.28,Active,Saarland
POL-003871,CUST-03883,Hausrat,AGT-014,2024-08-13,61.6,Active,Berlin
POL-003872,CUST-02379,Kfz,AGT-009,2022-07-19,1201.29,Lapsed,Bavaria
POL-003873,CUST-00185,Kfz,AGT-031,2024-01-30,893.23,Active,Lower Saxony
POL-003874,CUST-02838,Haftpflicht,AGT-020,2023-07-08,75.9,Active,Hamburg
POL-003875,CUST-01476,Haftpflicht,AGT-021,2024-09-06,59.51,Active,Hamburg
POL-003876,CUST-02482,Lebensversicherung,AGT-002,2022-10-03,1566.17,Active,Rhineland-Palatinate
POL-003877,CUST-00491,Haftpflicht,AGT-009,2024-06-22,89.94,Active,Bremen
POL-003878,CUST-01953,Lebensversicherung,AGT-036,2022-03-12,1667.08,Lapsed,Bavaria
POL-003879,CUST-02875,Wohngebaeude,AGT-021,2023-10-05,686.73,Active,Lower Saxony
POL-003880,CUST-03280,Haftpflicht,AGT-017,2024-04-28,83.17,Active,Hamburg
POL-003881,CUST-03048,Kfz,AGT-035,2024-07-03,1398.84,Active,Bremen
POL-003882,CUST-01289,Kfz,AGT-017,2023-01-15,385.3,Active,Saxony-Anhalt
POL-003883,CUST-02728,Wohngebaeude,AGT-021,2024-01-28,846.27,Active,Schleswig-Holstein
POL-003884,CUST-02988,Kfz,AGT-026,2022-12-23,400.93,Active,Thuringia
POL-003885,CUST-00146,Hausrat,AGT-002,2025-05-07,189.12,Active,Schleswig-Holstein
POL-003886,CUST-00137,Wohngebaeude,AGT-023,2022-06-10,412.26,Active,North Rhine-Westphalia
POL-003887,CUST-00296,Haftpflicht,AGT-017,2024-09-07,41.53,Lapsed,Schleswig-Holstein
POL-003888,CUST-01055,Lebensversicherung,AGT-001,2024-01-06,980.52,Cancelled,Bavaria
POL-003889,CUST-01200,Kfz,AGT-027,2023-08-25,389.28,Active,Saxony-Anhalt
POL-003890,CUST-03244,Kfz,AGT-014,2024-08-04,754.3,Active,Bremen
POL-003891,CUST-01156,Haftpflicht,AGT-036,2024-01-10,72.5,Active,Hesse
POL-003892,CUST-01296,Wohngebaeude,AGT-029,2024-03-22,497.5,Active,Baden-Wuerttemberg
POL-003893,CUST-01928,Lebensversicherung,AGT-039,2024-12-22,386.95,Active,Baden-Wuerttemberg
POL-003894,CUST-02735,Kfz,AGT-007,2024-11-04,467.71,Lapsed,Mecklenburg-Vorpommern
POL-003895,CUST-02765,Haftpflicht,AGT-008,2024-02-03,44.79,Active,Thuringia
POL-003896,CUST-01386,Hausrat,AGT-002,2023-09-24,105.65,Active,Baden-Wuerttemberg
POL-003897,CUST-01773,Hausrat,AGT-018,2023-06-10,73.52,Active,Saarland
POL-003898,CUST-03353,Wohngebaeude,AGT-007,2024-03-04,814.67,Active,Rhineland-Palatinate
POL-003899,CUST-00499,Hausrat,AGT-038,2022-11-17,193.11,Active,Saarland
POL-003900,CUST-01540,Kfz,AGT-007,2024-01-12,672.65,Active,Schleswig-Holstein
POL-003901,CUST-01718,Lebensversicherung,AGT-019,2023-07-24,1135.39,Active,Saxony
POL-003902,CUST-02721,Kfz,AGT-035,2023-09-24,438.2,Active,Baden-Wuerttemberg
POL-003903,CUST-02592,Wohngebaeude,AGT-009,2023-05-11,804.76,Active,Schleswig-Holstein
POL-003904,CUST-00644,Hausrat,AGT-038,2025-05-04,215.23,Active,Thuringia
POL-003905,CUST-01091,Lebensversicherung,AGT-020,2022-07-09,1878.69,Cancelled,Brandenburg
POL-003906,CUST-01268,Kfz,AGT-025,2022-01-11,953.15,Active,Schleswig-Holstein
POL-003907,CUST-03259,Wohngebaeude,AGT-038,2023-04-26,817.38,Active,Brandenburg
POL-003908,CUST-00075,Haftpflicht,AGT-031,2024-10-27,79.55,Active,Saarland
POL-003909,CUST-01044,Haftpflicht,AGT-037,2024-09-04,73.44,Active,Berlin
POL-003910,CUST-01124,Haftpflicht,AGT-010,2022-04-03,65.73,Active,Lower Saxony
POL-003911,CUST-00520,Wohngebaeude,AGT-035,2024-07-19,285.83,Active,Brandenburg
POL-003912,CUST-02844,Haftpflicht,AGT-026,2024-07-26,74.6,Active,Baden-Wuerttemberg
POL-003913,CUST-01495,Haftpflicht,AGT-011,2025-05-16,55.18,Active,Schleswig-Holstein
POL-003914,CUST-02504,Kfz,AGT-014,2025-03-27,1040.71,Active,Hamburg
POL-003915,CUST-03469,Wohngebaeude,AGT-001,2024-10-13,791.82,Active,Saxony-Anhalt
POL-003916,CUST-00479,Haftpflicht,AGT-002,2024-07-05,65.48,Active,Hamburg
POL-003917,CUST-03006,Hausrat,AGT-038,2023-03-12,211.34,Active,Hamburg
POL-003918,CUST-03216,Haftpflicht,AGT-029,2023-09-13,108.46,Active,Saarland
POL-003919,CUST-01456,Wohngebaeude,AGT-029,2022-08-16,390.18,Lapsed,Bremen
POL-003920,CUST-01496,Lebensversicherung,AGT-002,2022-04-24,596.49,Active,Saxony-Anhalt
POL-003921,CUST-01156,Haftpflicht,AGT-003,2023-08-01,60.48,Active,Thuringia
POL-003922,CUST-01596,Haftpflicht,AGT-014,2023-10-26,50.57,Active,Schleswig-Holstein
POL-003923,CUST-01379,Lebensversicherung,AGT-022,2025-01-30,891.99,Active,Saarland
POL-003924,CUST-03392,Haftpflicht,AGT-022,2024-04-19,56.84,Active,Saxony
POL-003925,CUST-02316,Kfz,AGT-022,2023-11-15,377.7,Cancelled,Bavaria
POL-003926,CUST-03006,Hausrat,AGT-031,2022-11-25,149.38,Active,Hesse
POL-003927,CUST-02079,Haftpflicht,AGT-036,2025-03-17,66.16,Active,Schleswig-Holstein
POL-003928,CUST-02643,Wohngebaeude,AGT-028,2022-11-19,714.77,Lapsed,Bavaria
POL-003929,CUST-02214,Kfz,AGT-002,2024-05-17,1201.5,Lapsed,Saxony
POL-003930,CUST-01255,Hausrat,AGT-017,2024-06-10,189.46,Active,Brandenburg
POL-003931,CUST-03935,Kfz,AGT-031,2024-01-09,398.49,Active,Mecklenburg-Vorpommern
POL-003932,CUST-01959,Wohngebaeude,AGT-032,2024-06-04,448.42,Lapsed,Bremen
POL-003933,CUST-02012,Hausrat,AGT-007,2023-06-09,86.52,Active,Brandenburg
POL-003934,CUST-01596,Haftpflicht,AGT-013,2022-05-13,86.91,Cancelled,Hamburg
POL-003935,CUST-02813,Haftpflicht,AGT-031,2022-02-14,108.36,Lapsed,Thuringia
POL-003936,CUST-01591,Hausrat,AGT-039,2023-12-07,66.85,Active,Hamburg
POL-003937,CUST-02560,Hausrat,AGT-033,2024-12-21,71.78,Active,North Rhine-Westphalia
POL-003938,CUST-00260,Haftpflicht,AGT-013,2022-04-05,41.69,Active,Brandenburg
POL-003939,CUST-00855,Wohngebaeude,AGT-031,2025-04-01,212.87,Active,Saxony
POL-003940,CUST-02934,Wohngebaeude,AGT-012,2024-06-04,601.95,Active,Schleswig-Holstein
POL-003941,CUST-00370,Hausrat,AGT-025,2022-07-20,164.92,Active,Saxony-Anhalt
POL-003942,CUST-02642,Wohngebaeude,AGT-012,2025-06-09,282.48,Active,Brandenburg
POL-003943,CUST-00280,Haftpflicht,AGT-007,2023-06-23,43.15,Active,Bremen
POL-003944,CUST-03748,Lebensversicherung,AGT-023,2022-07-13,878.97,Active,Lower Saxony
POL-003945,CUST-00773,Lebensversicherung,AGT-015,2022-10-25,360.49,Active,North Rhine-Westphalia
POL-003946,CUST-01771,Lebensversicherung,AGT-028,2025-05-19,2394.51,Active,Schleswig-Holstein
POL-003947,CUST-01189,Kfz,AGT-013,2025-03-21,1344.82,Active,Berlin
POL-003948,CUST-02769,Hausrat,AGT-019,2024-01-02,227.3,Lapsed,Brandenburg
POL-003949,CUST-00989,Haftpflicht,AGT-020,2024-08-28,97.56,Active,Thuringia
POL-003950,CUST-02995,Kfz,AGT-012,2023-05-14,360.22,Lapsed,Saarland
POL-003951,CUST-02358,Wohngebaeude,AGT-014,2022-06-12,896.81,Lapsed,Mecklenburg-Vorpommern
POL-003952,CUST-01352,Kfz,AGT-023,2022-04-06,1346.23,Active,Hamburg
POL-003953,CUST-03531,Haftpflicht,AGT-020,2025-05-26,51.66,Active,Rhineland-Palatinate
POL-003954,CUST-02288,Hausrat,AGT-030,2022-10-22,134.97,Active,Saarland
POL-003955,CUST-03604,Haftpflicht,AGT-034,2023-05-08,98.7,Active,Schleswig-Holstein
POL-003956,CUST-03503,Wohngebaeude,AGT-034,2022-06-12,760.94,Cancelled,Bremen
POL-003957,CUST-02040,Kfz,AGT-035,2024-09-25,854.13,Active,Baden-Wuerttemberg
POL-003958,CUST-02888,Kfz,AGT-011,2022-02-06,815.27,Active,Mecklenburg-Vorpommern
POL-003959,CUST-01298,Kfz,AGT-032,2023-07-31,455.35,Active,North Rhine-Westphalia
POL-003960,CUST-00318,Kfz,AGT-001,2023-08-09,371.2,Active,Lower Saxony
POL-003961,CUST-03296,Haftpflicht,AGT-018,2022-10-03,87.61,Active,Rhineland-Palatinate
POL-003962,CUST-01794,Haftpflicht,AGT-034,2023-01-04,73.79,Cancelled,Brandenburg
POL-003963,CUST-01302,Hausrat,AGT-002,2023-03-31,212.07,Active,Berlin
POL-003964,CUST-00125,Haftpflicht,AGT-008,2022-05-10,92.94,Active,Brandenburg
POL-003965,CUST-03910,Haftpflicht,AGT-006,2024-06-26,107.47,Lapsed,Saarland
POL-003966,CUST-02933,Kfz,AGT-005,2022-04-05,1110.09,Cancelled,Bremen
POL-003967,CUST-03896,Kfz,AGT-029,2023-01-26,446.89,Active,Bavaria
POL-003968,CUST-03866,Wohngebaeude,AGT-007,2023-04-23,204.77,Active,Bremen
POL-003969,CUST-02440,Kfz,AGT-031,2023-03-13,597.85,Lapsed,North Rhine-Westphalia
POL-003970,CUST-03610,Kfz,AGT-019,2022-01-12,452.59,Active,Hamburg
POL-003971,CUST-00648,Kfz,AGT-011,2025-02-03,997.41,Cancelled,Schleswig-Holstein
POL-003972,CUST-00855,Kfz,AGT-034,2022-01-01,786.72,Active,Schleswig-Holstein
POL-003973,CUST-01651,Wohngebaeude,AGT-004,2025-04-30,498.45,Active,Thuringia
POL-003974,CUST-02223,Wohngebaeude,AGT-003,2023-07-09,374.69,Lapsed,Saarland
POL-003975,CUST-00127,Kfz,AGT-003,2025-02-14,1096.78,Cancelled,Thuringia
POL-003976,CUST-03780,Kfz,AGT-005,2023-10-09,1133.68,Active,Thuringia
POL-003977,CUST-03950,Hausrat,AGT-010,2024-04-12,71.04,Active,Berlin
POL-003978,CUST-03100,Wohngebaeude,AGT-032,2023-07-16,757.68,Cancelled,Hamburg
POL-003979,CUST-02058,Haftpflicht,AGT-022,2023-11-02,60.53,Active,Thuringia
POL-003980,CUST-00693,Haftpflicht,AGT-012,2022-01-17,106.99,Active,Schleswig-Holstein
POL-003981,CUST-01080,Hausrat,AGT-033,2024-03-03,172.23,Active,Lower Saxony
POL-003982,CUST-01057,Wohngebaeude,AGT-007,2024-10-04,436.26,Active,Saxony
POL-003983,CUST-00475,Haftpflicht,AGT-020,2024-10-18,48.75,Active,Lower Saxony
POL-003984,CUST-00087,Haftpflicht,AGT-005,2024-01-26,117.16,Active,Thuringia
POL-003985,CUST-00698,Haftpflicht,AGT-026,2024-09-30,43.36,Active,Mecklenburg-Vorpommern
POL-003986,CUST-01076,Wohngebaeude,AGT-018,2023-10-30,821.31,Active,Baden-Wuerttemberg
POL-003987,CUST-02557,Wohngebaeude,AGT-017,2023-07-26,722.62,Active,Mecklenburg-Vorpommern
POL-003988,CUST-00249,Haftpflicht,AGT-023,2022-02-08,82.4,Lapsed,Baden-Wuerttemberg
POL-003989,CUST-02741,Kfz,AGT-033,2022-09-11,588.7,Active,Saxony
POL-003990,CUST-03881,Haftpflicht,AGT-029,2023-06-01,110.22,Active,Hesse
POL-003991,CUST-02726,Kfz,AGT-033,2024-04-21,1111.9,Active,Hesse
POL-003992,CUST-01566,Wohngebaeude,AGT-035,2022-01-12,511.7,Active,Bavaria
POL-003993,CUST-01085,Kfz,AGT-015,2024-12-31,431.7,Active,Saarland
POL-003994,CUST-02665,Kfz,AGT-030,2023-04-08,975.77,Active,Lower Saxony
POL-003995,CUST-03546,Hausrat,AGT-030,2023-10-03,107.8,Lapsed,Thuringia
POL-003996,CUST-00330,Kfz,AGT-030,2024-10-09,804.04,Active,Lower Saxony
POL-003997,CUST-00023,Hausrat,AGT-029,2025-01-04,227.31,Lapsed,Schleswig-Holstein
POL-003998,CUST-01486,Kfz,AGT-030,2023-08-05,1372.61,Active,Hamburg
POL-003999,CUST-01776,Lebensversicherung,AGT-028,2024-09-14,2058.12,Active,Baden-Wuerttemberg
POL-004000,CUST-00725,Hausrat,AGT-036,2022-11-23,211.69,Active,Brandenburg
POL-004001,CUST-00044,Haftpflicht,AGT-038,2022-08-29,60.72,Lapsed,Lower Saxony
POL-004002,CUST-03053,Haftpflicht,AGT-024,2024-07-15,116.16,Active,Rhineland-Palatinate
POL-004003,CUST-01149,Kfz,AGT-004,2024-08-07,1307.17,Lapsed,Lower Saxony
POL-004004,CUST-02393,Kfz,AGT-018,2022-04-03,712.56,Lapsed,Bremen
POL-004005,CUST-03471,Hausrat,AGT-035,2024-03-11,172.27,Cancelled,Bavaria
POL-004006,CUST-01659,Kfz,AGT-009,2022-12-05,709.35,Active,Berlin
POL-004007,CUST-02211,Haftpflicht,AGT-003,2022-01-30,108.78,Active,Saarland
POL-004008,CUST-03482,Wohngebaeude,AGT-026,2022-03-20,754.49,Lapsed,Saxony
POL-004009,CUST-01875,Hausrat,AGT-004,2024-03-26,196.47,Active,Saxony-Anhalt
POL-004010,CUST-03617,Lebensversicherung,AGT-040,2025-06-21,1073.83,Active,Lower Saxony
POL-004011,CUST-01785,Haftpflicht,AGT-027,2024-02-15,100.26,Active,Mecklenburg-Vorpommern
POL-004012,CUST-01625,Wohngebaeude,AGT-013,2023-12-13,579.18,Active,North Rhine-Westphalia
POL-004013,CUST-03530,Kfz,AGT-025,2024-01-07,605.64,Active,Berlin
POL-004014,CUST-00729,Lebensversicherung,AGT-021,2022-05-05,1661.42,Lapsed,Saxony-Anhalt
POL-004015,CUST-03743,Kfz,AGT-002,2025-01-30,1393.88,Active,Schleswig-Holstein
POL-004016,CUST-03816,Kfz,AGT-030,2024-06-18,937.11,Lapsed,Saarland
POL-004017,CUST-02606,Wohngebaeude,AGT-019,2025-01-02,840.34,Lapsed,North Rhine-Westphalia
POL-004018,CUST-01322,Lebensversicherung,AGT-035,2022-01-10,1261.44,Active,Brandenburg
POL-004019,CUST-03094,Lebensversicherung,AGT-037,2023-05-09,2173.63,Active,Bavaria
POL-004020,CUST-00923,Hausrat,AGT-021,2023-07-21,141.81,Lapsed,Hamburg
POL-004021,CUST-03493,Kfz,AGT-032,2024-12-28,989.68,Lapsed,Mecklenburg-Vorpommern
POL-004022,CUST-02556,Kfz,AGT-001,2023-05-17,843.83,Active,Bremen
POL-004023,CUST-03880,Wohngebaeude,AGT-021,2022-04-15,644.82,Active,Rhineland-Palatinate
POL-004024,CUST-02002,Kfz,AGT-034,2024-08-20,365.49,Active,Saxony
POL-004025,CUST-00466,Wohngebaeude,AGT-013,2024-05-21,384.02,Active,North Rhine-Westphalia
POL-004026,CUST-00485,Kfz,AGT-040,2022-04-13,1291.96,Active,Thuringia
POL-004027,CUST-00860,Wohngebaeude,AGT-035,2023-11-04,409.15,Active,Bavaria
POL-004028,CUST-00100,Haftpflicht,AGT-025,2023-01-04,78.78,Active,Saxony
POL-004029,CUST-01411,Haftpflicht,AGT-021,2022-01-06,75.55,Active,Bavaria
POL-004030,CUST-01478,Haftpflicht,AGT-005,2022-10-14,116.96,Active,Saxony-Anhalt
POL-004031,CUST-00644,Wohngebaeude,AGT-017,2022-08-28,331.97,Active,Baden-Wuerttemberg
POL-004032,CUST-02755,Wohngebaeude,AGT-023,2025-02-06,557.1,Active,Saxony-Anhalt
POL-004033,CUST-00494,Kfz,AGT-034,2025-06-28,1133.48,Active,Baden-Wuerttemberg
POL-004034,CUST-03366,Haftpflicht,AGT-019,2024-01-05,99.89,Active,Bavaria
POL-004035,CUST-02589,Lebensversicherung,AGT-003,2022-01-07,1383.75,Cancelled,Saxony-Anhalt
POL-004036,CUST-03745,Kfz,AGT-014,2024-05-26,959.5,Active,Hesse
POL-004037,CUST-01568,Haftpflicht,AGT-036,2022-10-25,102.77,Active,Schleswig-Holstein
POL-004038,CUST-02506,Haftpflicht,AGT-013,2024-11-12,77.24,Active,Hesse
POL-004039,CUST-02469,Hausrat,AGT-004,2022-12-31,221.65,Active,North Rhine-Westphalia
POL-004040,CUST-00186,Haftpflicht,AGT-029,2023-02-11,72.92,Active,Brandenburg
POL-004041,CUST-00841,Wohngebaeude,AGT-040,2022-09-10,342.51,Lapsed,Baden-Wuerttemberg
POL-004042,CUST-03335,Kfz,AGT-005,2023-10-03,911.96,Active,Hamburg
POL-004043,CUST-01765,Haftpflicht,AGT-020,2023-08-12,109.57,Active,Hamburg
POL-004044,CUST-01255,Kfz,AGT-021,2023-02-04,438.24,Active,Schleswig-Holstein
POL-004045,CUST-00481,Haftpflicht,AGT-024,2024-05-11,84.15,Active,Thuringia
POL-004046,CUST-00954,Lebensversicherung,AGT-007,2023-08-25,1139.24,Active,Saarland
POL-004047,CUST-02760,Wohngebaeude,AGT-003,2023-04-13,367.9,Active,Bavaria
POL-004048,CUST-00910,Kfz,AGT-034,2023-03-07,602.71,Active,Rhineland-Palatinate
POL-004049,CUST-03148,Kfz,AGT-010,2025-03-13,755.91,Active,Hesse
POL-004050,CUST-03188,Haftpflicht,AGT-020,2023-06-14,40.46,Active,Hamburg
POL-004051,CUST-01915,Lebensversicherung,AGT-003,2024-05-28,1433.21,Lapsed,Hesse
POL-004052,CUST-01953,Haftpflicht,AGT-033,2022-11-25,77.13,Active,Hamburg
POL-004053,CUST-00841,Kfz,AGT-032,2024-10-28,380.39,Active,North Rhine-Westphalia
POL-004054,CUST-00604,Wohngebaeude,AGT-013,2024-12-12,883.27,Active,North Rhine-Westphalia
POL-004055,CUST-03266,Haftpflicht,AGT-038,2022-03-02,47.47,Active,Brandenburg
POL-004056,CUST-01912,Haftpflicht,AGT-024,2022-04-14,90.47,Active,Mecklenburg-Vorpommern
POL-004057,CUST-02705,Kfz,AGT-027,2022-01-07,941.62,Lapsed,Mecklenburg-Vorpommern
POL-004058,CUST-02664,Haftpflicht,AGT-005,2022-12-23,80.44,Lapsed,Mecklenburg-Vorpommern
POL-004059,CUST-03682,Kfz,AGT-026,2024-02-14,1163.79,Lapsed,Baden-Wuerttemberg
POL-004060,CUST-00193,Wohngebaeude,AGT-020,2022-11-23,540.44,Active,Saxony
POL-004061,CUST-01546,Haftpflicht,AGT-021,2025-01-19,93.76,Active,Bavaria
POL-004062,CUST-02445,Haftpflicht,AGT-009,2022-06-03,94.21,Active,Brandenburg
POL-004063,CUST-01870,Kfz,AGT-039,2025-06-05,990.13,Active,Berlin
POL-004064,CUST-00869,Kfz,AGT-017,2025-02-15,415.4,Active,Bavaria
POL-004065,CUST-01059,Hausrat,AGT-017,2023-12-10,228.16,Lapsed,Bremen
POL-004066,CUST-03270,Haftpflicht,AGT-018,2022-04-02,115.53,Lapsed,Rhineland-Palatinate
POL-004067,CUST-01304,Kfz,AGT-035,2024-05-02,1295.07,Active,Bremen
POL-004068,CUST-00749,Wohngebaeude,AGT-007,2022-10-05,470.82,Active,Bavaria
POL-004069,CUST-01700,Haftpflicht,AGT-020,2024-05-15,99.82,Active,Saarland
POL-004070,CUST-00100,Hausrat,AGT-034,2023-09-14,102.29,Active,Bavaria
POL-004071,CUST-00709,Wohngebaeude,AGT-022,2023-03-10,511.59,Active,Rhineland-Palatinate
POL-004072,CUST-03592,Haftpflicht,AGT-034,2022-09-17,73.46,Active,Bavaria
POL-004073,CUST-03911,Kfz,AGT-021,2022-06-14,700.32,Active,Lower Saxony
POL-004074,CUST-00319,Kfz,AGT-019,2024-06-19,560.3,Lapsed,Lower Saxony
POL-004075,CUST-00564,Wohngebaeude,AGT-018,2023-11-24,471.39,Active,Schleswig-Holstein
POL-004076,CUST-03421,Lebensversicherung,AGT-008,2023-06-01,841.75,Active,Saxony
POL-004077,CUST-03540,Haftpflicht,AGT-040,2022-03-21,68.15,Active,Hamburg
POL-004078,CUST-00058,Kfz,AGT-029,2024-12-17,674.35,Active,Mecklenburg-Vorpommern
POL-004079,CUST-01361,Kfz,AGT-029,2022-01-28,1152.17,Active,Hamburg
POL-004080,CUST-02517,Lebensversicherung,AGT-032,2022-10-12,557.06,Active,Thuringia
POL-004081,CUST-01295,Wohngebaeude,AGT-022,2023-12-04,641.79,Active,Brandenburg
POL-004082,CUST-01729,Kfz,AGT-026,2023-11-16,940.33,Active,Saxony
POL-004083,CUST-00664,Haftpflicht,AGT-009,2022-04-23,119.52,Cancelled,Hamburg
POL-004084,CUST-02729,Haftpflicht,AGT-002,2023-07-10,43.49,Active,Schleswig-Holstein
POL-004085,CUST-02938,Kfz,AGT-015,2024-11-24,521.82,Active,Berlin
POL-004086,CUST-00832,Lebensversicherung,AGT-035,2025-06-15,596.91,Active,Mecklenburg-Vorpommern
POL-004087,CUST-01036,Kfz,AGT-028,2024-01-04,1029.24,Active,Hamburg
POL-004088,CUST-00356,Kfz,AGT-004,2024-04-24,1288.11,Active,Mecklenburg-Vorpommern
POL-004089,CUST-00213,Haftpflicht,AGT-036,2023-07-05,91.31,Lapsed,Berlin
POL-004090,CUST-03410,Haftpflicht,AGT-038,2022-06-12,96.48,Active,Hesse
POL-004091,CUST-01634,Haftpflicht,AGT-003,2024-01-19,40.33,Active,Baden-Wuerttemberg
POL-004092,CUST-01169,Kfz,AGT-025,2024-05-26,783.22,Active,North Rhine-Westphalia
POL-004093,CUST-02478,Haftpflicht,AGT-003,2024-06-07,46.04,Active,Baden-Wuerttemberg
POL-004094,CUST-01607,Kfz,AGT-023,2025-05-08,461.7,Lapsed,Thuringia
POL-004095,CUST-01019,Kfz,AGT-003,2023-09-29,1332.27,Active,Saarland
POL-004096,CUST-00534,Wohngebaeude,AGT-032,2023-07-05,797.95,Active,Saxony
POL-004097,CUST-01290,Wohngebaeude,AGT-012,2022-01-09,837.93,Lapsed,Hesse
POL-004098,CUST-03826,Kfz,AGT-030,2025-01-31,949.14,Active,Berlin
POL-004099,CUST-01687,Kfz,AGT-026,2023-02-11,515.74,Active,Mecklenburg-Vorpommern
POL-004100,CUST-01833,Haftpflicht,AGT-004,2022-08-06,43.67,Active,Mecklenburg-Vorpommern
POL-004101,CUST-03334,Hausrat,AGT-032,2022-05-15,224.26,Active,Schleswig-Holstein
POL-004102,CUST-03894,Kfz,AGT-002,2022-10-28,725.48,Active,Saxony
POL-004103,CUST-03720,Kfz,AGT-017,2024-07-27,1393.65,Active,Brandenburg
POL-004104,CUST-03759,Hausrat,AGT-028,2024-04-27,124.3,Active,Saxony-Anhalt
POL-004105,CUST-01166,Kfz,AGT-032,2023-10-18,1371.81,Lapsed,Schleswig-Holstein
POL-004106,CUST-02083,Kfz,AGT-024,2024-04-22,365.62,Active,Saxony-Anhalt
POL-004107,CUST-02042,Kfz,AGT-022,2025-01-30,914.36,Active,Saarland
POL-004108,CUST-00768,Lebensversicherung,AGT-004,2025-02-28,2350.39,Active,Baden-Wuerttemberg
POL-004109,CUST-03234,Hausrat,AGT-034,2023-10-24,91.09,Active,Saxony
POL-004110,CUST-00406,Hausrat,AGT-026,2022-04-12,213.11,Cancelled,Schleswig-Holstein
POL-004111,CUST-01009,Hausrat,AGT-009,2022-02-11,232.96,Active,Saarland
POL-004112,CUST-03173,Haftpflicht,AGT-019,2023-07-26,63.59,Active,Hesse
POL-004113,CUST-01871,Haftpflicht,AGT-034,2023-09-26,67.6,Active,Saarland
POL-004114,CUST-00221,Hausrat,AGT-019,2023-08-02,226.85,Cancelled,Saarland
POL-004115,CUST-02607,Lebensversicherung,AGT-026,2022-09-23,876.02,Active,Saarland
POL-004116,CUST-03169,Kfz,AGT-019,2024-11-10,571.64,Active,Bavaria
POL-004117,CUST-02444,Haftpflicht,AGT-037,2022-06-02,41.74,Active,Brandenburg
POL-004118,CUST-00677,Kfz,AGT-038,2022-12-22,994.29,Active,Baden-Wuerttemberg
POL-004119,CUST-00528,Haftpflicht,AGT-033,2023-06-16,50.49,Active,Saxony-Anhalt
POL-004120,CUST-03174,Haftpflicht,AGT-004,2025-05-22,77.59,Cancelled,Saxony
POL-004121,CUST-01403,Kfz,AGT-024,2025-04-27,425.01,Active,Baden-Wuerttemberg
POL-004122,CUST-00937,Haftpflicht,AGT-017,2024-12-18,99.47,Active,Saxony-Anhalt
POL-004123,CUST-02666,Wohngebaeude,AGT-010,2023-12-19,872.88,Cancelled,Rhineland-Palatinate
POL-004124,CUST-02936,Kfz,AGT-030,2023-06-28,638.99,Active,Bavaria
POL-004125,CUST-03006,Haftpflicht,AGT-016,2023-03-20,45.69,Active,Brandenburg
POL-004126,CUST-03209,Kfz,AGT-018,2024-07-10,916.87,Lapsed,Bavaria
POL-004127,CUST-02983,Hausrat,AGT-008,2023-03-05,249.39,Active,Saxony
POL-004128,CUST-00748,Kfz,AGT-026,2022-07-26,1183.86,Active,Hesse
POL-004129,CUST-01049,Kfz,AGT-017,2024-11-12,432.66,Active,Berlin
POL-004130,CUST-00239,Hausrat,AGT-024,2024-07-22,69.85,Lapsed,Bremen
POL-004131,CUST-02956,Kfz,AGT-002,2024-01-30,1344.35,Active,Hesse
POL-004132,CUST-01658,Haftpflicht,AGT-012,2023-03-22,54.84,Cancelled,Berlin
POL-004133,CUST-00014,Kfz,AGT-032,2023-11-17,825.65,Active,North Rhine-Westphalia
POL-004134,CUST-02103,Kfz,AGT-040,2024-10-02,392.1,Cancelled,Rhineland-Palatinate
POL-004135,CUST-02718,Haftpflicht,AGT-022,2024-11-25,79.9,Active,Berlin
POL-004136,CUST-03418,Hausrat,AGT-013,2025-06-27,142.59,Active,Lower Saxony
POL-004137,CUST-01097,Wohngebaeude,AGT-007,2023-09-08,453.36,Lapsed,Rhineland-Palatinate
POL-004138,CUST-02942,Lebensversicherung,AGT-037,2024-01-13,1295.22,Active,Saxony
POL-004139,CUST-00074,Haftpflicht,AGT-007,2022-10-28,99.39,Active,Saxony-Anhalt
POL-004140,CUST-01285,Kfz,AGT-011,2025-05-20,1109.67,Active,Brandenburg
POL-004141,CUST-02024,Haftpflicht,AGT-007,2025-01-17,106.49,Active,Thuringia
POL-004142,CUST-00290,Hausrat,AGT-029,2023-01-31,242.63,Active,Rhineland-Palatinate
POL-004143,CUST-03348,Kfz,AGT-032,2023-03-13,1023.2,Active,Mecklenburg-Vorpommern
POL-004144,CUST-03070,Wohngebaeude,AGT-007,2025-06-16,782.29,Lapsed,Mecklenburg-Vorpommern
POL-004145,CUST-03288,Haftpflicht,AGT-002,2022-04-14,51.4,Lapsed,North Rhine-Westphalia
POL-004146,CUST-02716,Kfz,AGT-040,2024-12-18,795.36,Active,Saxony-Anhalt
POL-004147,CUST-03094,Wohngebaeude,AGT-030,2024-12-04,669.23,Active,Bavaria
POL-004148,CUST-00932,Haftpflicht,AGT-033,2022-09-14,115.38,Lapsed,North Rhine-Westphalia
POL-004149,CUST-02516,Wohngebaeude,AGT-001,2024-05-13,335.3,Active,Berlin
POL-004150,CUST-00853,Wohngebaeude,AGT-011,2024-02-24,890.39,Active,Bremen
POL-004151,CUST-03791,Hausrat,AGT-032,2022-12-10,194.69,Active,Mecklenburg-Vorpommern
POL-004152,CUST-02112,Hausrat,AGT-040,2023-01-02,135.09,Active,Berlin
POL-004153,CUST-01066,Kfz,AGT-014,2023-12-14,521.69,Active,Hesse
POL-004154,CUST-01828,Wohngebaeude,AGT-039,2022-02-23,511.13,Active,Lower Saxony
POL-004155,CUST-02494,Kfz,AGT-018,2023-09-06,613.65,Lapsed,Lower Saxony
POL-004156,CUST-01107,Haftpflicht,AGT-021,2025-03-02,70.05,Cancelled,Mecklenburg-Vorpommern
POL-004157,CUST-02265,Kfz,AGT-018,2023-06-23,1052.59,Active,Hesse
POL-004158,CUST-00305,Hausrat,AGT-023,2024-07-03,238.84,Active,Rhineland-Palatinate
POL-004159,CUST-00023,Hausrat,AGT-029,2024-04-27,160.31,Active,Lower Saxony
POL-004160,CUST-02648,Wohngebaeude,AGT-008,2022-11-16,444.7,Lapsed,Berlin
POL-004161,CUST-00535,Kfz,AGT-002,2024-12-24,806.29,Active,Lower Saxony
POL-004162,CUST-03897,Kfz,AGT-005,2024-02-04,784.96,Active,Mecklenburg-Vorpommern
POL-004163,CUST-03968,Hausrat,AGT-006,2024-02-10,211.28,Active,North Rhine-Westphalia
POL-004164,CUST-00007,Hausrat,AGT-006,2023-04-26,111.7,Active,Saxony
POL-004165,CUST-01551,Haftpflicht,AGT-020,2024-02-01,67.37,Active,Hamburg
POL-004166,CUST-01876,Wohngebaeude,AGT-013,2024-03-19,453.93,Active,Saarland
POL-004167,CUST-00241,Haftpflicht,AGT-022,2023-09-09,46.69,Active,Thuringia
POL-004168,CUST-00224,Hausrat,AGT-040,2022-11-08,105.85,Lapsed,Hamburg
POL-004169,CUST-02880,Hausrat,AGT-032,2023-01-16,82.28,Active,Hamburg
POL-004170,CUST-01370,Wohngebaeude,AGT-015,2024-02-08,865.54,Lapsed,Bremen
POL-004171,CUST-03179,Kfz,AGT-019,2022-01-26,688.08,Active,Bavaria
POL-004172,CUST-03650,Lebensversicherung,AGT-027,2024-12-17,454.66,Active,Berlin
POL-004173,CUST-01548,Kfz,AGT-008,2025-03-24,1193.24,Active,North Rhine-Westphalia
POL-004174,CUST-00499,Haftpflicht,AGT-026,2022-04-14,74.55,Active,Rhineland-Palatinate
POL-004175,CUST-02361,Haftpflicht,AGT-004,2024-07-30,44.61,Active,Lower Saxony
POL-004176,CUST-02790,Haftpflicht,AGT-031,2025-03-21,91.18,Active,Hamburg
POL-004177,CUST-01168,Hausrat,AGT-027,2022-08-01,172.94,Active,Mecklenburg-Vorpommern
POL-004178,CUST-02523,Hausrat,AGT-027,2025-01-30,147.63,Lapsed,Hesse
POL-004179,CUST-02102,Kfz,AGT-032,2024-11-13,579.94,Active,Brandenburg
POL-004180,CUST-02209,Hausrat,AGT-033,2024-07-15,221.41,Lapsed,Hesse
POL-004181,CUST-02547,Kfz,AGT-026,2023-03-20,828.03,Cancelled,Mecklenburg-Vorpommern
POL-004182,CUST-01831,Haftpflicht,AGT-017,2024-06-01,119.7,Cancelled,Saxony
POL-004183,CUST-03193,Lebensversicherung,AGT-003,2023-04-25,326.86,Active,Bremen
POL-004184,CUST-03336,Kfz,AGT-022,2023-10-27,620.21,Active,Saxony-Anhalt
POL-004185,CUST-03285,Kfz,AGT-014,2023-02-03,1244.63,Active,Hesse
POL-004186,CUST-01342,Hausrat,AGT-025,2022-06-29,72.47,Active,Baden-Wuerttemberg
POL-004187,CUST-02191,Kfz,AGT-012,2025-01-02,517.35,Cancelled,Mecklenburg-Vorpommern
POL-004188,CUST-03411,Kfz,AGT-008,2025-06-01,1024.69,Active,Bremen
POL-004189,CUST-01141,Kfz,AGT-011,2023-10-30,408.73,Active,Berlin
POL-004190,CUST-01673,Hausrat,AGT-016,2024-02-05,232.2,Active,Baden-Wuerttemberg
POL-004191,CUST-03399,Wohngebaeude,AGT-040,2022-08-30,817.39,Active,Lower Saxony
POL-004192,CUST-01562,Haftpflicht,AGT-038,2022-06-02,96.73,Lapsed,Bavaria
POL-004193,CUST-01245,Kfz,AGT-028,2024-06-20,973.85,Active,Brandenburg
POL-004194,CUST-02795,Haftpflicht,AGT-035,2022-05-03,101.6,Active,Lower Saxony
POL-004195,CUST-03719,Hausrat,AGT-010,2023-04-02,177.08,Active,Baden-Wuerttemberg
POL-004196,CUST-02809,Lebensversicherung,AGT-011,2022-05-29,1668.95,Active,North Rhine-Westphalia
POL-004197,CUST-01745,Kfz,AGT-004,2024-10-22,1236.08,Active,Baden-Wuerttemberg
POL-004198,CUST-00331,Wohngebaeude,AGT-028,2023-08-20,415.81,Lapsed,Hamburg
POL-004199,CUST-01954,Wohngebaeude,AGT-030,2024-03-07,267.21,Active,Schleswig-Holstein
POL-004200,CUST-03545,Kfz,AGT-031,2022-01-05,779.69,Active,Bavaria
POL-004201,CUST-01412,Kfz,AGT-036,2024-11-28,1131.24,Active,Bavaria
POL-004202,CUST-02803,Kfz,AGT-038,2024-09-09,858.75,Cancelled,Thuringia
POL-004203,CUST-00028,Hausrat,AGT-003,2022-12-28,114.13,Active,Berlin
POL-004204,CUST-02130,Kfz,AGT-027,2022-05-13,1133.74,Active,Saxony-Anhalt
POL-004205,CUST-03167,Haftpflicht,AGT-010,2025-05-31,74.82,Active,Brandenburg
POL-004206,CUST-02644,Hausrat,AGT-007,2024-08-16,139.68,Active,Saxony-Anhalt
POL-004207,CUST-01487,Wohngebaeude,AGT-005,2023-03-10,326.8,Active,North Rhine-Westphalia
POL-004208,CUST-03317,Kfz,AGT-026,2022-10-07,1253.92,Active,Schleswig-Holstein
POL-004209,CUST-01815,Lebensversicherung,AGT-032,2022-10-02,2463.28,Active,Saarland
POL-004210,CUST-03483,Kfz,AGT-011,2023-11-02,956.12,Active,Saxony
POL-004211,CUST-01082,Kfz,AGT-013,2024-01-09,1128.46,Active,Schleswig-Holstein
POL-004212,CUST-02141,Haftpflicht,AGT-001,2023-01-08,47.31,Active,Thuringia
POL-004213,CUST-02466,Hausrat,AGT-018,2023-11-26,150.68,Active,Saxony-Anhalt
POL-004214,CUST-02236,Wohngebaeude,AGT-024,2022-07-30,347.5,Cancelled,Rhineland-Palatinate
POL-004215,CUST-00058,Kfz,AGT-033,2023-02-24,844.08,Active,Saarland
POL-004216,CUST-00684,Kfz,AGT-021,2024-08-05,685.6,Active,Rhineland-Palatinate
POL-004217,CUST-00593,Kfz,AGT-007,2023-04-26,613.67,Active,Saxony-Anhalt
POL-004218,CUST-03629,Wohngebaeude,AGT-028,2024-09-15,754.12,Active,Hamburg
POL-004219,CUST-03632,Kfz,AGT-015,2022-01-14,865.37,Active,Bavaria
POL-004220,CUST-01335,Haftpflicht,AGT-021,2023-06-15,108.53,Active,North Rhine-Westphalia
POL-004221,CUST-00700,Lebensversicherung,AGT-040,2023-09-17,2020.24,Lapsed,North Rhine-Westphalia
POL-004222,CUST-01553,Haftpflicht,AGT-012,2025-01-13,52.74,Active,Saxony-Anhalt
POL-004223,CUST-03553,Haftpflicht,AGT-029,2023-01-04,86.12,Active,Hamburg
POL-004224,CUST-01480,Wohngebaeude,AGT-033,2022-11-19,641.03,Cancelled,Berlin
POL-004225,CUST-01443,Haftpflicht,AGT-035,2024-12-08,44.84,Active,Hesse
POL-004226,CUST-02722,Haftpflicht,AGT-006,2023-02-20,114.97,Cancelled,Bremen
POL-004227,CUST-01516,Haftpflicht,AGT-013,2022-02-11,45.08,Lapsed,Bremen
POL-004228,CUST-03142,Hausrat,AGT-007,2023-03-17,218.75,Lapsed,Brandenburg
POL-004229,CUST-01383,Lebensversicherung,AGT-025,2024-06-27,1348.96,Lapsed,Hamburg
POL-004230,CUST-01801,Kfz,AGT-038,2024-09-25,444.24,Active,Saarland
POL-004231,CUST-02828,Kfz,AGT-022,2022-03-05,1254.81,Active,Saxony
POL-004232,CUST-00309,Haftpflicht,AGT-012,2025-04-09,84.06,Active,Rhineland-Palatinate
POL-004233,CUST-03391,Lebensversicherung,AGT-022,2025-06-06,1158.76,Active,Saxony-Anhalt
POL-004234,CUST-01594,Wohngebaeude,AGT-018,2024-09-23,754.47,Lapsed,Thuringia
POL-004235,CUST-00634,Kfz,AGT-011,2023-11-03,1323.1,Active,Berlin
POL-004236,CUST-02772,Wohngebaeude,AGT-018,2024-04-15,781.78,Lapsed,Hesse
POL-004237,CUST-02121,Haftpflicht,AGT-004,2024-03-02,49.76,Active,Mecklenburg-Vorpommern
POL-004238,CUST-03267,Kfz,AGT-013,2024-06-04,948.82,Active,Schleswig-Holstein
POL-004239,CUST-02696,Kfz,AGT-034,2022-03-17,1348.73,Active,Hesse
POL-004240,CUST-03991,Hausrat,AGT-038,2022-05-25,132.42,Active,Mecklenburg-Vorpommern
POL-004241,CUST-01529,Kfz,AGT-032,2023-01-15,858.98,Lapsed,Lower Saxony
POL-004242,CUST-00781,Hausrat,AGT-001,2023-05-18,140.09,Active,Thuringia
POL-004243,CUST-01295,Hausrat,AGT-003,2024-04-30,233.45,Active,Mecklenburg-Vorpommern
POL-004244,CUST-01308,Hausrat,AGT-011,2022-05-31,86.63,Active,Bavaria
POL-004245,CUST-03112,Hausrat,AGT-034,2025-01-28,229.02,Cancelled,Bavaria
POL-004246,CUST-00015,Haftpflicht,AGT-030,2022-07-07,110.75,Active,Saxony
POL-004247,CUST-00106,Wohngebaeude,AGT-016,2023-02-23,692.79,Active,Hamburg
POL-004248,CUST-02288,Haftpflicht,AGT-033,2024-11-05,92.01,Active,Schleswig-Holstein
POL-004249,CUST-00463,Kfz,AGT-013,2024-09-26,491.05,Active,Saarland
POL-004250,CUST-02290,Lebensversicherung,AGT-015,2024-05-03,767.31,Active,Baden-Wuerttemberg
POL-004251,CUST-02066,Hausrat,AGT-004,2022-06-05,189.95,Lapsed,Rhineland-Palatinate
POL-004252,CUST-00192,Haftpflicht,AGT-038,2023-09-01,95.87,Cancelled,Saarland
POL-004253,CUST-03224,Kfz,AGT-017,2024-02-09,888.24,Active,Lower Saxony
POL-004254,CUST-02153,Haftpflicht,AGT-031,2022-03-09,45.26,Active,Saxony
POL-004255,CUST-00654,Haftpflicht,AGT-025,2023-04-13,48.38,Active,Bremen
POL-004256,CUST-00538,Kfz,AGT-014,2022-01-16,578.06,Active,Baden-Wuerttemberg
POL-004257,CUST-03077,Haftpflicht,AGT-002,2022-08-21,75.82,Active,Rhineland-Palatinate
POL-004258,CUST-02155,Wohngebaeude,AGT-035,2024-10-08,799.21,Active,Baden-Wuerttemberg
POL-004259,CUST-00100,Haftpflicht,AGT-027,2025-06-05,104.95,Active,Schleswig-Holstein
POL-004260,CUST-01858,Kfz,AGT-011,2023-12-06,486.8,Lapsed,Baden-Wuerttemberg
POL-004261,CUST-02355,Haftpflicht,AGT-023,2025-03-06,48.23,Active,North Rhine-Westphalia
POL-004262,CUST-02699,Kfz,AGT-012,2022-05-23,832.67,Active,Baden-Wuerttemberg
POL-004263,CUST-02226,Kfz,AGT-002,2022-12-14,513.91,Active,Bremen
POL-004264,CUST-02318,Lebensversicherung,AGT-036,2022-12-28,365.78,Lapsed,Baden-Wuerttemberg
POL-004265,CUST-03546,Wohngebaeude,AGT-018,2023-10-01,203.42,Active,Mecklenburg-Vorpommern
POL-004266,CUST-00147,Kfz,AGT-030,2023-04-29,1206.76,Active,Saarland
POL-004267,CUST-02852,Kfz,AGT-037,2023-08-02,732.68,Cancelled,Bavaria
POL-004268,CUST-03635,Haftpflicht,AGT-023,2023-02-24,95.19,Active,Berlin
POL-004269,CUST-02910,Haftpflicht,AGT-012,2022-08-18,116.38,Active,Thuringia
POL-004270,CUST-03415,Lebensversicherung,AGT-037,2022-03-15,987.08,Active,Lower Saxony
POL-004271,CUST-01488,Haftpflicht,AGT-005,2022-03-14,110.28,Lapsed,Thuringia
POL-004272,CUST-00121,Kfz,AGT-038,2023-03-30,1040.4,Active,Berlin
POL-004273,CUST-03388,Kfz,AGT-010,2025-04-16,1226.65,Active,Bavaria
POL-004274,CUST-00826,Haftpflicht,AGT-022,2022-07-11,91.02,Active,Hamburg
POL-004275,CUST-00205,Haftpflicht,AGT-015,2023-05-05,58.92,Lapsed,Rhineland-Palatinate
POL-004276,CUST-01483,Hausrat,AGT-031,2024-11-25,241.63,Active,Rhineland-Palatinate
POL-004277,CUST-02066,Hausrat,AGT-002,2025-04-19,120.82,Active,Bavaria
POL-004278,CUST-00581,Wohngebaeude,AGT-025,2023-09-04,271.38,Active,North Rhine-Westphalia
POL-004279,CUST-00988,Kfz,AGT-008,2023-09-28,802.05,Active,Saxony-Anhalt
POL-004280,CUST-01048,Kfz,AGT-024,2022-02-06,586.41,Lapsed,Saxony-Anhalt
POL-004281,CUST-03043,Haftpflicht,AGT-019,2023-08-18,71.08,Active,North Rhine-Westphalia
POL-004282,CUST-03748,Kfz,AGT-039,2022-08-05,1150.92,Active,Berlin
POL-004283,CUST-01426,Kfz,AGT-007,2022-07-14,744.07,Active,Bavaria
POL-004284,CUST-00460,Haftpflicht,AGT-032,2022-02-02,107.45,Active,North Rhine-Westphalia
POL-004285,CUST-03044,Haftpflicht,AGT-038,2023-12-05,49.6,Cancelled,Mecklenburg-Vorpommern
POL-004286,CUST-01452,Wohngebaeude,AGT-002,2024-08-03,531.21,Active,Lower Saxony
POL-004287,CUST-02760,Wohngebaeude,AGT-033,2022-11-23,663.31,Active,Brandenburg
POL-004288,CUST-01417,Lebensversicherung,AGT-028,2025-05-22,1782.51,Active,Saarland
POL-004289,CUST-03639,Wohngebaeude,AGT-001,2022-12-04,207.11,Active,Saarland
POL-004290,CUST-01571,Kfz,AGT-022,2022-03-03,1219.83,Active,Saarland
POL-004291,CUST-01194,Haftpflicht,AGT-010,2023-08-28,47.07,Active,Saarland
POL-004292,CUST-03841,Kfz,AGT-019,2025-04-07,1332.39,Active,Baden-Wuerttemberg
POL-004293,CUST-01455,Wohngebaeude,AGT-001,2024-01-15,606.33,Cancelled,North Rhine-Westphalia
POL-004294,CUST-01748,Kfz,AGT-038,2025-06-18,1292.62,Active,Saarland
POL-004295,CUST-03758,Kfz,AGT-017,2023-10-08,795.96,Active,Bremen
POL-004296,CUST-01691,Hausrat,AGT-006,2025-04-30,108.3,Active,Bavaria
POL-004297,CUST-00233,Haftpflicht,AGT-034,2022-11-23,60.89,Active,Hamburg
POL-004298,CUST-03425,Hausrat,AGT-013,2024-06-24,67.83,Active,Bremen
POL-004299,CUST-01753,Kfz,AGT-001,2024-10-04,412.21,Active,Saxony-Anhalt
POL-004300,CUST-00829,Kfz,AGT-006,2023-10-24,1303.47,Active,Baden-Wuerttemberg
POL-004301,CUST-02237,Haftpflicht,AGT-002,2023-01-17,119.52,Lapsed,Saxony-Anhalt
POL-004302,CUST-01090,Kfz,AGT-003,2022-05-22,866.38,Active,Rhineland-Palatinate
POL-004303,CUST-01438,Lebensversicherung,AGT-036,2024-07-08,1650.93,Active,Saxony
POL-004304,CUST-00837,Haftpflicht,AGT-014,2024-07-01,55.03,Active,Mecklenburg-Vorpommern
POL-004305,CUST-03757,Hausrat,AGT-035,2022-07-31,65.0,Active,Hamburg
POL-004306,CUST-00447,Hausrat,AGT-009,2023-12-26,142.47,Lapsed,Mecklenburg-Vorpommern
POL-004307,CUST-03428,Kfz,AGT-031,2023-07-23,1106.9,Active,Bremen
POL-004308,CUST-01356,Haftpflicht,AGT-004,2023-12-30,70.59,Active,Saxony-Anhalt
POL-004309,CUST-03628,Kfz,AGT-020,2022-06-09,1031.21,Active,Hesse
POL-004310,CUST-02372,Haftpflicht,AGT-011,2022-02-01,110.45,Active,Lower Saxony
POL-004311,CUST-01372,Kfz,AGT-007,2024-12-02,711.57,Active,Hesse
POL-004312,CUST-01009,Kfz,AGT-012,2023-11-15,498.0,Cancelled,Hamburg
POL-004313,CUST-03124,Kfz,AGT-008,2025-03-01,473.71,Lapsed,North Rhine-Westphalia
POL-004314,CUST-00841,Hausrat,AGT-039,2023-01-16,160.72,Active,North Rhine-Westphalia
POL-004315,CUST-03977,Wohngebaeude,AGT-028,2023-11-25,336.33,Active,Bavaria
POL-004316,CUST-00218,Hausrat,AGT-015,2025-01-13,102.75,Active,Brandenburg
POL-004317,CUST-01901,Kfz,AGT-026,2024-06-01,1019.21,Active,Baden-Wuerttemberg
POL-004318,CUST-01346,Haftpflicht,AGT-001,2022-09-09,98.76,Lapsed,Lower Saxony
POL-004319,CUST-01987,Haftpflicht,AGT-019,2022-03-13,88.15,Cancelled,Brandenburg
POL-004320,CUST-01788,Kfz,AGT-038,2023-07-23,375.72,Cancelled,Lower Saxony
POL-004321,CUST-03271,Wohngebaeude,AGT-028,2023-05-22,556.88,Active,Brandenburg
POL-004322,CUST-01527,Kfz,AGT-027,2023-10-13,1132.37,Active,Thuringia
POL-004323,CUST-02307,Haftpflicht,AGT-025,2024-08-03,89.99,Active,Hamburg
POL-004324,CUST-03946,Kfz,AGT-017,2024-09-01,579.36,Cancelled,Saarland
POL-004325,CUST-02600,Hausrat,AGT-040,2023-01-26,188.51,Active,North Rhine-Westphalia
POL-004326,CUST-02799,Kfz,AGT-007,2024-04-10,1153.03,Cancelled,Schleswig-Holstein
POL-004327,CUST-00087,Kfz,AGT-029,2023-04-24,673.6,Active,Rhineland-Palatinate
POL-004328,CUST-01819,Kfz,AGT-025,2025-03-28,1169.18,Lapsed,Baden-Wuerttemberg
POL-004329,CUST-01451,Hausrat,AGT-006,2024-06-02,66.34,Active,Saarland
POL-004330,CUST-00763,Wohngebaeude,AGT-016,2022-11-24,676.5,Active,Rhineland-Palatinate
POL-004331,CUST-02188,Haftpflicht,AGT-003,2023-03-17,77.0,Active,Baden-Wuerttemberg
POL-004332,CUST-00308,Haftpflicht,AGT-013,2023-06-23,55.42,Active,Saarland
POL-004333,CUST-00586,Hausrat,AGT-027,2024-06-14,202.43,Active,Lower Saxony
POL-004334,CUST-03790,Hausrat,AGT-011,2023-08-11,147.64,Active,Berlin
POL-004335,CUST-03241,Kfz,AGT-015,2025-01-08,855.55,Active,Brandenburg
POL-004336,CUST-03251,Kfz,AGT-027,2023-10-25,1328.33,Lapsed,Bremen
POL-004337,CUST-00401,Wohngebaeude,AGT-026,2023-02-02,244.95,Active,Thuringia
POL-004338,CUST-01940,Haftpflicht,AGT-002,2024-04-08,72.19,Active,Schleswig-Holstein
POL-004339,CUST-01222,Kfz,AGT-036,2023-02-03,397.61,Active,Saarland
POL-004340,CUST-03695,Haftpflicht,AGT-028,2022-08-02,72.37,Active,North Rhine-Westphalia
POL-004341,CUST-02082,Wohngebaeude,AGT-040,2023-06-26,827.94,Active,Hesse
POL-004342,CUST-00757,Kfz,AGT-036,2024-04-03,1196.75,Active,Saxony
POL-004343,CUST-02837,Haftpflicht,AGT-025,2024-08-15,56.42,Active,Bremen
POL-004344,CUST-00321,Kfz,AGT-017,2024-06-07,1226.22,Active,Baden-Wuerttemberg
POL-004345,CUST-00548,Haftpflicht,AGT-010,2023-01-25,76.11,Active,Berlin
POL-004346,CUST-00028,Haftpflicht,AGT-015,2022-01-15,64.44,Active,Rhineland-Palatinate
POL-004347,CUST-01646,Kfz,AGT-019,2022-08-18,1037.26,Active,Schleswig-Holstein
POL-004348,CUST-02829,Haftpflicht,AGT-027,2024-09-04,55.81,Active,Lower Saxony
POL-004349,CUST-01946,Kfz,AGT-009,2023-04-24,1322.13,Lapsed,Saxony
POL-004350,CUST-00308,Hausrat,AGT-024,2025-02-17,79.62,Active,Berlin
POL-004351,CUST-02064,Hausrat,AGT-035,2023-01-15,129.36,Active,Saxony
POL-004352,CUST-01672,Kfz,AGT-004,2024-03-25,861.02,Active,Rhineland-Palatinate
POL-004353,CUST-01940,Haftpflicht,AGT-034,2022-05-29,113.11,Active,Bavaria
POL-004354,CUST-00059,Kfz,AGT-031,2024-10-06,675.26,Active,Schleswig-Holstein
POL-004355,CUST-02847,Haftpflicht,AGT-002,2022-05-26,40.3,Active,Baden-Wuerttemberg
POL-004356,CUST-02176,Haftpflicht,AGT-033,2025-01-04,45.96,Active,Bremen
POL-004357,CUST-02213,Hausrat,AGT-022,2023-03-30,174.33,Lapsed,Rhineland-Palatinate
POL-004358,CUST-03657,Lebensversicherung,AGT-010,2022-04-29,2009.61,Cancelled,Saxony
POL-004359,CUST-01744,Wohngebaeude,AGT-037,2024-11-24,267.48,Active,Thuringia
POL-004360,CUST-02987,Kfz,AGT-010,2024-05-13,969.56,Active,Saxony
POL-004361,CUST-03336,Kfz,AGT-033,2022-12-09,1013.96,Active,Baden-Wuerttemberg
POL-004362,CUST-00213,Kfz,AGT-025,2022-11-23,592.76,Active,Bavaria
POL-004363,CUST-02013,Kfz,AGT-003,2025-03-25,643.41,Cancelled,Schleswig-Holstein
POL-004364,CUST-02300,Hausrat,AGT-001,2022-06-08,221.26,Active,Bremen
POL-004365,CUST-02302,Kfz,AGT-013,2022-11-21,389.01,Active,Hesse
POL-004366,CUST-01351,Kfz,AGT-026,2024-07-03,672.95,Active,Bremen
POL-004367,CUST-00288,Haftpflicht,AGT-031,2025-02-13,74.06,Cancelled,Hesse
POL-004368,CUST-00104,Wohngebaeude,AGT-027,2024-07-29,878.2,Cancelled,Berlin
POL-004369,CUST-02892,Hausrat,AGT-016,2023-11-11,181.72,Active,North Rhine-Westphalia
POL-004370,CUST-02860,Haftpflicht,AGT-027,2024-08-29,63.34,Active,Schleswig-Holstein
POL-004371,CUST-02902,Hausrat,AGT-016,2024-04-30,136.89,Active,Saarland
POL-004372,CUST-00351,Hausrat,AGT-033,2024-01-31,139.13,Active,Rhineland-Palatinate
POL-004373,CUST-02032,Kfz,AGT-034,2024-07-16,855.74,Active,Hesse
POL-004374,CUST-02069,Hausrat,AGT-015,2023-07-21,243.26,Active,Berlin
POL-004375,CUST-02317,Haftpflicht,AGT-011,2023-10-02,83.31,Active,Mecklenburg-Vorpommern
POL-004376,CUST-01329,Kfz,AGT-001,2022-09-25,632.11,Active,Mecklenburg-Vorpommern
POL-004377,CUST-01964,Haftpflicht,AGT-034,2022-05-08,52.43,Active,Thuringia
POL-004378,CUST-03740,Wohngebaeude,AGT-005,2025-04-18,588.77,Lapsed,Lower Saxony
POL-004379,CUST-01684,Hausrat,AGT-014,2023-04-25,143.25,Active,Brandenburg
POL-004380,CUST-02975,Kfz,AGT-002,2024-11-06,1392.48,Active,Saarland
POL-004381,CUST-03654,Kfz,AGT-036,2022-11-18,808.9,Cancelled,Mecklenburg-Vorpommern
POL-004382,CUST-01693,Kfz,AGT-007,2022-09-04,365.94,Active,Bremen
POL-004383,CUST-03474,Wohngebaeude,AGT-033,2022-01-07,806.64,Active,Berlin
POL-004384,CUST-01246,Hausrat,AGT-003,2023-04-27,84.3,Active,Saarland
POL-004385,CUST-01471,Wohngebaeude,AGT-003,2025-04-19,403.65,Active,Mecklenburg-Vorpommern
POL-004386,CUST-01945,Haftpflicht,AGT-020,2024-01-17,69.19,Active,Berlin
POL-004387,CUST-00045,Hausrat,AGT-032,2025-02-11,73.54,Active,Bavaria
POL-004388,CUST-03643,Wohngebaeude,AGT-022,2024-03-18,241.52,Cancelled,Saarland
POL-004389,CUST-02344,Kfz,AGT-026,2023-08-05,471.59,Active,Bavaria
POL-004390,CUST-01672,Hausrat,AGT-005,2024-02-17,217.33,Active,Berlin
POL-004391,CUST-00086,Lebensversicherung,AGT-011,2024-06-21,1132.63,Active,Saxony-Anhalt
POL-004392,CUST-00375,Haftpflicht,AGT-033,2024-08-06,96.19,Active,Berlin
POL-004393,CUST-03995,Kfz,AGT-029,2024-03-03,1260.15,Active,Thuringia
POL-004394,CUST-03217,Wohngebaeude,AGT-002,2024-01-12,384.0,Active,Berlin
POL-004395,CUST-01527,Kfz,AGT-013,2023-01-05,788.82,Active,Saxony
POL-004396,CUST-02412,Wohngebaeude,AGT-028,2023-09-28,625.6,Active,Mecklenburg-Vorpommern
POL-004397,CUST-03502,Hausrat,AGT-008,2025-01-24,193.8,Active,Thuringia
POL-004398,CUST-01185,Haftpflicht,AGT-002,2022-03-16,63.08,Active,Rhineland-Palatinate
POL-004399,CUST-01367,Lebensversicherung,AGT-007,2024-12-14,1278.81,Active,Mecklenburg-Vorpommern
POL-004400,CUST-03550,Kfz,AGT-029,2025-02-28,1273.83,Active,Saxony
POL-004401,CUST-00091,Kfz,AGT-039,2025-05-28,568.7,Active,Brandenburg
POL-004402,CUST-00348,Kfz,AGT-013,2022-05-24,1070.83,Active,Thuringia
POL-004403,CUST-02444,Kfz,AGT-002,2024-06-19,986.99,Lapsed,Saarland
POL-004404,CUST-03490,Kfz,AGT-036,2024-04-01,756.73,Active,Rhineland-Palatinate
POL-004405,CUST-01428,Kfz,AGT-029,2023-03-06,1338.21,Lapsed,Berlin
POL-004406,CUST-01517,Haftpflicht,AGT-007,2022-05-31,91.79,Cancelled,North Rhine-Westphalia
POL-004407,CUST-01866,Kfz,AGT-031,2023-04-29,768.88,Cancelled,Saarland
POL-004408,CUST-02637,Hausrat,AGT-013,2025-04-02,184.72,Active,Hesse
POL-004409,CUST-00894,Kfz,AGT-030,2025-05-16,752.18,Active,Hamburg
POL-004410,CUST-02387,Haftpflicht,AGT-008,2023-11-04,102.36,Lapsed,Bavaria
POL-004411,CUST-02745,Wohngebaeude,AGT-002,2023-09-19,434.14,Cancelled,Schleswig-Holstein
POL-004412,CUST-03018,Wohngebaeude,AGT-034,2023-02-21,591.87,Active,Bremen
POL-004413,CUST-00965,Haftpflicht,AGT-025,2023-07-26,116.48,Active,Schleswig-Holstein
POL-004414,CUST-02074,Hausrat,AGT-039,2024-12-02,141.02,Cancelled,Mecklenburg-Vorpommern
POL-004415,CUST-01962,Hausrat,AGT-034,2022-01-17,158.68,Active,Baden-Wuerttemberg
POL-004416,CUST-02838,Lebensversicherung,AGT-016,2023-09-01,568.84,Active,North Rhine-Westphalia
POL-004417,CUST-00217,Hausrat,AGT-019,2025-06-30,114.21,Lapsed,Schleswig-Holstein
POL-004418,CUST-01855,Haftpflicht,AGT-009,2023-01-17,76.64,Active,Schleswig-Holstein
POL-004419,CUST-01688,Kfz,AGT-005,2022-11-05,854.44,Active,Thuringia
POL-004420,CUST-01136,Kfz,AGT-004,2022-12-01,927.09,Active,Baden-Wuerttemberg
POL-004421,CUST-03816,Wohngebaeude,AGT-017,2023-05-19,627.67,Active,Bavaria
POL-004422,CUST-02290,Kfz,AGT-002,2025-01-23,526.76,Active,Hamburg
POL-004423,CUST-00472,Haftpflicht,AGT-002,2025-05-10,88.74,Active,Saxony-Anhalt
POL-004424,CUST-03649,Haftpflicht,AGT-031,2024-09-10,76.72,Active,Lower Saxony
POL-004425,CUST-02461,Kfz,AGT-012,2023-03-18,1229.94,Cancelled,Mecklenburg-Vorpommern
POL-004426,CUST-03811,Lebensversicherung,AGT-031,2024-07-14,2142.55,Active,Brandenburg
POL-004427,CUST-00377,Hausrat,AGT-031,2024-03-18,214.75,Active,Baden-Wuerttemberg
POL-004428,CUST-02995,Haftpflicht,AGT-029,2023-01-07,72.51,Active,Hamburg
POL-004429,CUST-03136,Kfz,AGT-036,2023-04-22,1185.31,Active,Lower Saxony
POL-004430,CUST-03275,Kfz,AGT-027,2023-02-10,499.53,Active,Hamburg
POL-004431,CUST-01625,Kfz,AGT-024,2025-06-03,615.51,Lapsed,Schleswig-Holstein
POL-004432,CUST-01282,Haftpflicht,AGT-015,2024-07-15,42.43,Active,Schleswig-Holstein
POL-004433,CUST-03956,Lebensversicherung,AGT-037,2023-05-24,2097.68,Active,Brandenburg
POL-004434,CUST-01558,Kfz,AGT-011,2022-08-12,1035.39,Active,North Rhine-Westphalia
POL-004435,CUST-02523,Wohngebaeude,AGT-016,2022-12-28,804.83,Lapsed,Saxony
POL-004436,CUST-02414,Haftpflicht,AGT-011,2022-02-18,103.19,Lapsed,Saxony-Anhalt
POL-004437,CUST-01184,Kfz,AGT-023,2024-02-29,687.41,Active,Hamburg
POL-004438,CUST-03799,Hausrat,AGT-006,2025-05-11,67.49,Active,Berlin
POL-004439,CUST-01231,Kfz,AGT-001,2023-10-10,489.68,Cancelled,Lower Saxony
POL-004440,CUST-02825,Lebensversicherung,AGT-018,2024-07-23,1019.52,Active,Hesse
POL-004441,CUST-03464,Haftpflicht,AGT-006,2024-11-25,73.38,Active,Saxony
POL-004442,CUST-00809,Haftpflicht,AGT-016,2025-03-14,99.42,Active,Thuringia
POL-004443,CUST-00634,Haftpflicht,AGT-002,2025-06-14,64.86,Active,Schleswig-Holstein
POL-004444,CUST-03946,Kfz,AGT-025,2023-10-19,820.13,Active,Saxony
POL-004445,CUST-01698,Wohngebaeude,AGT-019,2024-01-16,237.13,Active,Berlin
POL-004446,CUST-02665,Kfz,AGT-032,2023-09-21,416.15,Lapsed,Saxony
POL-004447,CUST-00869,Hausrat,AGT-017,2024-01-25,217.01,Active,Hamburg
POL-004448,CUST-03063,Haftpflicht,AGT-005,2024-01-12,62.52,Active,North Rhine-Westphalia
POL-004449,CUST-01685,Kfz,AGT-030,2025-01-14,644.47,Active,Hamburg
POL-004450,CUST-02466,Kfz,AGT-033,2022-04-17,429.93,Active,Lower Saxony
POL-004451,CUST-00869,Wohngebaeude,AGT-022,2023-03-07,779.15,Lapsed,Schleswig-Holstein
POL-004452,CUST-03949,Wohngebaeude,AGT-028,2023-12-04,640.71,Active,Hamburg
POL-004453,CUST-02094,Wohngebaeude,AGT-006,2022-01-05,547.55,Lapsed,Rhineland-Palatinate
POL-004454,CUST-02915,Wohngebaeude,AGT-030,2024-11-03,398.61,Lapsed,Baden-Wuerttemberg
POL-004455,CUST-01898,Kfz,AGT-018,2023-06-11,1163.35,Active,Thuringia
POL-004456,CUST-00568,Kfz,AGT-017,2025-01-02,1278.93,Active,Saxony-Anhalt
POL-004457,CUST-01711,Hausrat,AGT-023,2023-10-08,206.08,Active,North Rhine-Westphalia
POL-004458,CUST-02641,Haftpflicht,AGT-028,2022-02-17,92.95,Active,Saxony-Anhalt
POL-004459,CUST-01801,Hausrat,AGT-010,2024-07-19,101.52,Active,Bavaria
POL-004460,CUST-01551,Kfz,AGT-020,2023-10-09,911.9,Active,Schleswig-Holstein
POL-004461,CUST-02818,Kfz,AGT-021,2022-09-19,924.4,Active,Bavaria
POL-004462,CUST-02996,Kfz,AGT-014,2022-12-04,1168.61,Active,Saxony-Anhalt
POL-004463,CUST-02295,Lebensversicherung,AGT-032,2022-04-08,2402.84,Active,Thuringia
POL-004464,CUST-00156,Hausrat,AGT-016,2025-04-06,65.12,Active,Berlin
POL-004465,CUST-01591,Lebensversicherung,AGT-010,2025-06-29,649.93,Active,Thuringia
POL-004466,CUST-03848,Hausrat,AGT-025,2024-01-24,194.3,Lapsed,Brandenburg
POL-004467,CUST-01414,Hausrat,AGT-029,2024-01-31,133.07,Active,Rhineland-Palatinate
POL-004468,CUST-02468,Wohngebaeude,AGT-038,2023-04-15,616.01,Active,Berlin
POL-004469,CUST-00326,Kfz,AGT-035,2025-03-30,1066.14,Active,Saxony-Anhalt
POL-004470,CUST-03773,Hausrat,AGT-012,2025-01-25,143.58,Lapsed,Bavaria
POL-004471,CUST-00738,Hausrat,AGT-033,2025-03-04,124.62,Active,Bremen
POL-004472,CUST-00292,Haftpflicht,AGT-036,2022-01-25,94.57,Active,Hamburg
POL-004473,CUST-02787,Wohngebaeude,AGT-034,2025-04-20,800.04,Active,Bavaria
POL-004474,CUST-01719,Wohngebaeude,AGT-011,2023-08-22,439.03,Active,Mecklenburg-Vorpommern
POL-004475,CUST-03737,Hausrat,AGT-011,2022-01-08,230.23,Active,Bremen
POL-004476,CUST-00219,Haftpflicht,AGT-038,2024-07-14,105.8,Active,North Rhine-Westphalia
POL-004477,CUST-03630,Hausrat,AGT-009,2022-03-12,152.27,Active,Mecklenburg-Vorpommern
POL-004478,CUST-03632,Wohngebaeude,AGT-030,2025-04-13,837.85,Cancelled,Berlin
POL-004479,CUST-03767,Haftpflicht,AGT-035,2024-03-27,106.07,Active,Saarland
POL-004480,CUST-01221,Kfz,AGT-017,2022-12-10,393.5,Lapsed,Schleswig-Holstein
POL-004481,CUST-00415,Kfz,AGT-037,2024-09-05,597.3,Active,Bavaria
POL-004482,CUST-00803,Kfz,AGT-026,2023-01-06,410.82,Active,Saxony
POL-004483,CUST-02533,Hausrat,AGT-017,2022-05-28,199.65,Cancelled,Hamburg
POL-004484,CUST-01722,Kfz,AGT-018,2024-03-14,785.86,Active,Bavaria
POL-004485,CUST-00750,Haftpflicht,AGT-029,2025-03-19,57.59,Active,Saxony-Anhalt
POL-004486,CUST-00436,Kfz,AGT-013,2022-02-21,920.89,Active,Bavaria
POL-004487,CUST-03547,Kfz,AGT-034,2024-03-02,434.06,Active,Baden-Wuerttemberg
POL-004488,CUST-00244,Kfz,AGT-032,2025-03-10,1331.64,Active,Mecklenburg-Vorpommern
POL-004489,CUST-00155,Wohngebaeude,AGT-036,2023-07-03,347.56,Active,Brandenburg
POL-004490,CUST-02011,Kfz,AGT-009,2023-04-27,451.24,Active,Brandenburg
POL-004491,CUST-01943,Haftpflicht,AGT-008,2023-06-01,118.84,Active,North Rhine-Westphalia
POL-004492,CUST-03930,Wohngebaeude,AGT-016,2022-05-06,501.04,Active,Bremen
POL-004493,CUST-01048,Haftpflicht,AGT-008,2025-06-20,53.16,Active,North Rhine-Westphalia
POL-004494,CUST-00105,Kfz,AGT-033,2022-11-26,1196.63,Active,Saarland
POL-004495,CUST-02976,Hausrat,AGT-007,2024-12-27,196.8,Active,Bremen
POL-004496,CUST-01112,Kfz,AGT-030,2023-12-08,1155.77,Active,Hamburg
POL-004497,CUST-01862,Hausrat,AGT-024,2025-01-09,179.66,Active,Bavaria
POL-004498,CUST-01889,Wohngebaeude,AGT-021,2023-04-06,478.93,Active,Schleswig-Holstein
POL-004499,CUST-03414,Hausrat,AGT-002,2025-05-20,245.66,Lapsed,Berlin
POL-004500,CUST-02212,Hausrat,AGT-026,2024-09-16,160.56,Active,Berlin
POL-004501,CUST-01294,Hausrat,AGT-014,2025-01-06,60.85,Active,Berlin
POL-004502,CUST-00714,Kfz,AGT-002,2025-06-07,1208.72,Lapsed,North Rhine-Westphalia
POL-004503,CUST-03151,Kfz,AGT-030,2022-11-12,762.28,Active,Schleswig-Holstein
POL-004504,CUST-03178,Haftpflicht,AGT-040,2023-02-19,105.0,Active,Brandenburg
POL-004505,CUST-00864,Wohngebaeude,AGT-034,2022-07-03,863.93,Active,Baden-Wuerttemberg
POL-004506,CUST-02600,Kfz,AGT-013,2022-10-16,1211.2,Active,Saxony-Anhalt
POL-004507,CUST-03924,Haftpflicht,AGT-012,2022-07-03,77.98,Cancelled,Rhineland-Palatinate
POL-004508,CUST-03715,Hausrat,AGT-004,2022-03-01,163.38,Lapsed,Schleswig-Holstein
POL-004509,CUST-02832,Haftpflicht,AGT-033,2022-01-27,82.82,Active,Baden-Wuerttemberg
POL-004510,CUST-01240,Kfz,AGT-020,2024-01-23,877.22,Active,Rhineland-Palatinate
POL-004511,CUST-03191,Kfz,AGT-030,2023-10-15,1065.49,Cancelled,Hesse
POL-004512,CUST-02877,Kfz,AGT-026,2022-10-01,817.48,Active,Bavaria
POL-004513,CUST-03486,Haftpflicht,AGT-030,2022-07-14,117.16,Cancelled,Hamburg
POL-004514,CUST-01368,Lebensversicherung,AGT-010,2024-01-23,583.13,Cancelled,Saarland
POL-004515,CUST-00052,Kfz,AGT-029,2024-07-13,470.27,Active,Mecklenburg-Vorpommern
POL-004516,CUST-01123,Haftpflicht,AGT-027,2024-12-13,91.58,Cancelled,Brandenburg
POL-004517,CUST-01434,Kfz,AGT-039,2024-08-26,1280.69,Lapsed,Hamburg
POL-004518,CUST-01912,Haftpflicht,AGT-019,2023-11-19,55.31,Cancelled,Thuringia
POL-004519,CUST-01556,Kfz,AGT-035,2024-07-29,816.47,Active,Saarland
POL-004520,CUST-02346,Hausrat,AGT-024,2023-03-29,189.3,Active,Mecklenburg-Vorpommern
POL-004521,CUST-02666,Kfz,AGT-016,2022-11-26,1372.87,Active,Bavaria
POL-004522,CUST-01446,Kfz,AGT-004,2022-02-04,1275.94,Active,Baden-Wuerttemberg
POL-004523,CUST-03875,Haftpflicht,AGT-025,2022-07-19,89.68,Active,Rhineland-Palatinate
POL-004524,CUST-01998,Kfz,AGT-032,2022-04-29,1033.03,Active,Hamburg
POL-004525,CUST-03951,Kfz,AGT-039,2022-07-07,729.47,Cancelled,Saxony-Anhalt
POL-004526,CUST-03186,Hausrat,AGT-033,2023-04-16,103.72,Active,Baden-Wuerttemberg
POL-004527,CUST-03722,Haftpflicht,AGT-002,2025-04-02,94.68,Active,Baden-Wuerttemberg
POL-004528,CUST-02711,Kfz,AGT-013,2024-04-16,767.49,Active,North Rhine-Westphalia
POL-004529,CUST-00883,Haftpflicht,AGT-017,2022-06-21,91.11,Cancelled,Schleswig-Holstein
POL-004530,CUST-01318,Wohngebaeude,AGT-028,2023-02-24,485.19,Active,Saarland
POL-004531,CUST-00594,Haftpflicht,AGT-019,2023-05-25,62.75,Lapsed,Schleswig-Holstein
POL-004532,CUST-00591,Kfz,AGT-007,2024-05-19,836.95,Lapsed,Saarland
POL-004533,CUST-01668,Hausrat,AGT-019,2023-05-10,63.91,Active,Hesse
POL-004534,CUST-02164,Hausrat,AGT-016,2023-02-16,86.61,Active,Saarland
POL-004535,CUST-01375,Kfz,AGT-007,2022-12-19,962.89,Active,Saxony
POL-004536,CUST-01279,Haftpflicht,AGT-023,2025-04-21,43.24,Active,Hesse
POL-004537,CUST-00843,Haftpflicht,AGT-015,2024-06-16,78.14,Active,Saxony
POL-004538,CUST-03148,Kfz,AGT-036,2022-07-16,487.17,Lapsed,Mecklenburg-Vorpommern
POL-004539,CUST-01050,Lebensversicherung,AGT-007,2023-04-02,885.1,Active,Schleswig-Holstein
POL-004540,CUST-02929,Kfz,AGT-012,2024-08-15,796.59,Lapsed,Hesse
POL-004541,CUST-03270,Kfz,AGT-022,2025-06-05,771.17,Cancelled,Lower Saxony
POL-004542,CUST-01519,Haftpflicht,AGT-005,2022-12-31,45.32,Active,Rhineland-Palatinate
POL-004543,CUST-01217,Haftpflicht,AGT-021,2022-10-22,90.32,Active,Bremen
POL-004544,CUST-00095,Kfz,AGT-023,2023-11-01,357.46,Lapsed,Bremen
POL-004545,CUST-03912,Kfz,AGT-003,2023-11-13,1094.69,Active,Hamburg
POL-004546,CUST-00472,Kfz,AGT-015,2024-07-30,893.54,Active,Rhineland-Palatinate
POL-004547,CUST-02030,Kfz,AGT-035,2024-07-23,807.49,Active,Berlin
POL-004548,CUST-02610,Haftpflicht,AGT-009,2023-08-10,83.25,Cancelled,Saxony-Anhalt
POL-004549,CUST-01585,Kfz,AGT-001,2025-01-13,913.59,Active,Saxony-Anhalt
POL-004550,CUST-01737,Wohngebaeude,AGT-023,2023-09-26,275.52,Active,Lower Saxony
POL-004551,CUST-03137,Wohngebaeude,AGT-038,2022-07-22,272.24,Active,North Rhine-Westphalia
POL-004552,CUST-01895,Hausrat,AGT-015,2023-08-23,187.98,Active,Baden-Wuerttemberg
POL-004553,CUST-02672,Hausrat,AGT-016,2025-03-27,156.22,Cancelled,Thuringia
POL-004554,CUST-03667,Haftpflicht,AGT-001,2023-07-31,84.8,Active,Hesse
POL-004555,CUST-01813,Haftpflicht,AGT-032,2022-05-31,50.84,Active,Thuringia
POL-004556,CUST-00798,Haftpflicht,AGT-039,2024-10-24,119.65,Active,Lower Saxony
POL-004557,CUST-02335,Hausrat,AGT-017,2023-08-01,111.57,Active,Bavaria
POL-004558,CUST-03977,Hausrat,AGT-035,2022-02-28,210.73,Active,Saxony
POL-004559,CUST-01071,Kfz,AGT-007,2022-04-02,1255.32,Active,Mecklenburg-Vorpommern
POL-004560,CUST-02845,Kfz,AGT-037,2023-08-29,384.58,Active,Hamburg
POL-004561,CUST-02622,Kfz,AGT-021,2022-09-17,1212.5,Active,Hesse
POL-004562,CUST-03599,Haftpflicht,AGT-025,2022-12-12,59.04,Active,Saxony
POL-004563,CUST-02271,Lebensversicherung,AGT-001,2022-03-31,2472.61,Active,Bavaria
POL-004564,CUST-03148,Hausrat,AGT-036,2022-09-04,223.97,Active,Bavaria
POL-004565,CUST-03801,Hausrat,AGT-013,2022-01-01,60.09,Active,Hesse
POL-004566,CUST-03016,Haftpflicht,AGT-031,2024-03-24,109.22,Active,Hesse
POL-004567,CUST-00289,Kfz,AGT-004,2023-01-26,360.58,Cancelled,Baden-Wuerttemberg
POL-004568,CUST-00697,Wohngebaeude,AGT-011,2024-05-18,599.77,Active,Bremen
POL-004569,CUST-01501,Haftpflicht,AGT-018,2024-03-12,53.39,Active,Baden-Wuerttemberg
POL-004570,CUST-00011,Lebensversicherung,AGT-009,2025-02-23,430.92,Active,Hesse
POL-004571,CUST-02845,Hausrat,AGT-039,2022-12-08,218.05,Active,Hesse
POL-004572,CUST-02204,Hausrat,AGT-016,2024-04-17,101.17,Active,Saxony
POL-004573,CUST-02387,Hausrat,AGT-035,2024-03-10,98.04,Active,Schleswig-Holstein
POL-004574,CUST-00218,Hausrat,AGT-040,2023-12-21,175.71,Active,Rhineland-Palatinate
POL-004575,CUST-02149,Lebensversicherung,AGT-033,2024-01-07,1099.13,Active,Hesse
POL-004576,CUST-02683,Wohngebaeude,AGT-014,2023-03-29,383.78,Active,Lower Saxony
POL-004577,CUST-00110,Wohngebaeude,AGT-023,2022-06-17,663.83,Active,Saarland
POL-004578,CUST-00613,Haftpflicht,AGT-038,2022-02-07,95.86,Active,Schleswig-Holstein
POL-004579,CUST-00234,Hausrat,AGT-040,2025-05-16,187.16,Active,Hamburg
POL-004580,CUST-00643,Haftpflicht,AGT-003,2023-11-03,90.18,Active,Lower Saxony
POL-004581,CUST-00332,Kfz,AGT-005,2023-06-24,1318.24,Active,Lower Saxony
POL-004582,CUST-01382,Haftpflicht,AGT-034,2022-11-28,81.07,Active,Saarland
POL-004583,CUST-00181,Kfz,AGT-037,2023-06-12,395.07,Lapsed,Hamburg
POL-004584,CUST-01420,Kfz,AGT-035,2024-11-24,1368.67,Lapsed,Saarland
POL-004585,CUST-02284,Hausrat,AGT-002,2022-02-13,217.36,Active,Bavaria
POL-004586,CUST-00862,Kfz,AGT-021,2024-10-16,649.49,Active,Hesse
POL-004587,CUST-01409,Hausrat,AGT-024,2025-06-17,84.48,Lapsed,Hamburg
POL-004588,CUST-03351,Haftpflicht,AGT-039,2025-01-25,61.48,Active,Bavaria
POL-004589,CUST-03197,Kfz,AGT-014,2025-02-25,466.78,Active,Hesse
POL-004590,CUST-02645,Kfz,AGT-019,2023-01-19,658.07,Lapsed,North Rhine-Westphalia
POL-004591,CUST-02837,Kfz,AGT-003,2023-12-08,471.89,Active,Bremen
POL-004592,CUST-03200,Wohngebaeude,AGT-028,2023-09-24,686.09,Active,Saxony-Anhalt
POL-004593,CUST-03677,Wohngebaeude,AGT-011,2024-08-26,682.37,Lapsed,Saarland
POL-004594,CUST-03903,Haftpflicht,AGT-004,2024-07-27,70.91,Cancelled,Berlin
POL-004595,CUST-02471,Kfz,AGT-002,2022-09-28,1052.83,Cancelled,Lower Saxony
POL-004596,CUST-02830,Wohngebaeude,AGT-027,2022-04-27,225.87,Active,Bremen
POL-004597,CUST-03359,Kfz,AGT-017,2022-06-14,880.13,Lapsed,Hesse
POL-004598,CUST-00064,Kfz,AGT-021,2022-11-12,514.73,Lapsed,Saarland
POL-004599,CUST-03184,Wohngebaeude,AGT-028,2024-07-24,374.43,Cancelled,Saxony
POL-004600,CUST-03923,Lebensversicherung,AGT-029,2024-09-10,1131.92,Active,Saxony-Anhalt
POL-004601,CUST-02284,Kfz,AGT-021,2023-11-11,884.37,Cancelled,Saxony-Anhalt
POL-004602,CUST-01096,Kfz,AGT-033,2024-05-22,1150.32,Active,Saxony
POL-004603,CUST-02090,Hausrat,AGT-031,2023-09-27,226.21,Active,North Rhine-Westphalia
POL-004604,CUST-01070,Kfz,AGT-026,2022-12-26,710.57,Active,Thuringia
POL-004605,CUST-02547,Wohngebaeude,AGT-033,2023-05-04,400.0,Active,Schleswig-Holstein
POL-004606,CUST-01865,Hausrat,AGT-001,2024-11-07,114.37,Active,Lower Saxony
POL-004607,CUST-01348,Hausrat,AGT-025,2023-09-30,130.66,Active,Berlin
POL-004608,CUST-01372,Haftpflicht,AGT-007,2024-05-25,88.27,Lapsed,Lower Saxony
POL-004609,CUST-02642,Haftpflicht,AGT-029,2022-09-05,55.83,Lapsed,Saxony-Anhalt
POL-004610,CUST-01145,Hausrat,AGT-011,2023-12-15,121.88,Active,Lower Saxony
POL-004611,CUST-02653,Hausrat,AGT-010,2023-05-20,228.06,Active,Bremen
POL-004612,CUST-00332,Wohngebaeude,AGT-034,2024-08-04,703.16,Active,Lower Saxony
POL-004613,CUST-03211,Hausrat,AGT-030,2024-02-12,143.88,Active,Berlin
POL-004614,CUST-03982,Haftpflicht,AGT-001,2023-06-25,83.64,Lapsed,Thuringia
POL-004615,CUST-01058,Hausrat,AGT-015,2024-06-17,78.88,Active,Schleswig-Holstein
POL-004616,CUST-02605,Haftpflicht,AGT-020,2025-05-22,56.44,Active,Mecklenburg-Vorpommern
POL-004617,CUST-00870,Hausrat,AGT-033,2024-11-24,161.31,Active,Mecklenburg-Vorpommern
POL-004618,CUST-02157,Hausrat,AGT-031,2022-07-05,193.12,Lapsed,Mecklenburg-Vorpommern
POL-004619,CUST-00229,Kfz,AGT-035,2023-10-10,899.68,Active,Baden-Wuerttemberg
POL-004620,CUST-00666,Wohngebaeude,AGT-005,2024-04-28,644.14,Lapsed,Bremen
POL-004621,CUST-00114,Wohngebaeude,AGT-021,2022-03-16,648.14,Active,Baden-Wuerttemberg
POL-004622,CUST-01305,Kfz,AGT-032,2024-05-09,370.83,Active,Hesse
POL-004623,CUST-01237,Wohngebaeude,AGT-022,2024-12-24,726.75,Active,Bremen
POL-004624,CUST-03568,Haftpflicht,AGT-007,2023-10-20,69.95,Active,Hamburg
POL-004625,CUST-02124,Haftpflicht,AGT-016,2023-04-11,42.78,Active,Berlin
POL-004626,CUST-00991,Kfz,AGT-023,2024-12-01,1079.67,Active,Brandenburg
POL-004627,CUST-01072,Kfz,AGT-021,2023-04-29,1153.17,Active,Saxony
POL-004628,CUST-00229,Kfz,AGT-012,2024-01-28,1077.69,Active,Thuringia
POL-004629,CUST-03137,Wohngebaeude,AGT-025,2022-06-08,841.94,Cancelled,Bremen
POL-004630,CUST-03730,Kfz,AGT-019,2023-03-02,699.59,Active,Hamburg
POL-004631,CUST-00631,Kfz,AGT-014,2024-10-12,1085.88,Active,Schleswig-Holstein
POL-004632,CUST-03046,Hausrat,AGT-005,2022-03-10,84.65,Active,Mecklenburg-Vorpommern
POL-004633,CUST-03402,Kfz,AGT-019,2024-09-19,757.26,Active,Berlin
POL-004634,CUST-02661,Kfz,AGT-025,2024-04-30,352.16,Cancelled,Berlin
POL-004635,CUST-00303,Kfz,AGT-026,2024-01-21,767.98,Active,Saarland
POL-004636,CUST-00388,Kfz,AGT-024,2022-12-17,697.31,Active,Baden-Wuerttemberg
POL-004637,CUST-03500,Kfz,AGT-007,2023-04-12,1344.46,Active,Berlin
POL-004638,CUST-01079,Hausrat,AGT-020,2024-11-05,129.51,Active,Saxony
POL-004639,CUST-01007,Haftpflicht,AGT-022,2022-10-18,105.76,Active,Saarland
POL-004640,CUST-03652,Kfz,AGT-021,2022-12-12,619.29,Cancelled,Saxony-Anhalt
POL-004641,CUST-01662,Wohngebaeude,AGT-005,2023-05-01,231.82,Cancelled,Rhineland-Palatinate
POL-004642,CUST-02688,Hausrat,AGT-034,2022-01-09,110.6,Lapsed,Hesse
POL-004643,CUST-00211,Haftpflicht,AGT-033,2022-12-05,55.71,Active,Saxony-Anhalt
POL-004644,CUST-01500,Haftpflicht,AGT-023,2023-04-07,57.51,Active,Saxony-Anhalt
POL-004645,CUST-00631,Haftpflicht,AGT-036,2022-05-10,82.07,Active,Berlin
POL-004646,CUST-03237,Hausrat,AGT-025,2024-06-17,116.45,Active,North Rhine-Westphalia
POL-004647,CUST-02001,Kfz,AGT-014,2023-12-09,1102.4,Lapsed,Berlin
POL-004648,CUST-03988,Wohngebaeude,AGT-009,2022-01-07,522.59,Active,Mecklenburg-Vorpommern
POL-004649,CUST-01032,Kfz,AGT-030,2023-08-15,360.54,Lapsed,Saxony-Anhalt
POL-004650,CUST-00064,Kfz,AGT-022,2024-07-20,1197.67,Active,Mecklenburg-Vorpommern
POL-004651,CUST-03135,Kfz,AGT-040,2023-10-24,891.61,Active,North Rhine-Westphalia
POL-004652,CUST-01626,Hausrat,AGT-038,2023-10-24,161.63,Active,Hesse
POL-004653,CUST-00173,Kfz,AGT-017,2022-12-13,653.95,Active,North Rhine-Westphalia
POL-004654,CUST-03553,Haftpflicht,AGT-003,2022-05-12,85.93,Lapsed,Saarland
POL-004655,CUST-01009,Wohngebaeude,AGT-025,2022-07-26,717.29,Active,Thuringia
POL-004656,CUST-02944,Haftpflicht,AGT-010,2022-07-06,107.61,Lapsed,Hesse
POL-004657,CUST-00592,Haftpflicht,AGT-014,2022-08-11,50.69,Active,Hamburg
POL-004658,CUST-02932,Hausrat,AGT-009,2022-09-05,111.22,Active,Thuringia
POL-004659,CUST-02436,Kfz,AGT-010,2022-10-26,624.31,Active,Rhineland-Palatinate
POL-004660,CUST-03171,Kfz,AGT-004,2023-04-19,1075.91,Active,Lower Saxony
POL-004661,CUST-02473,Kfz,AGT-011,2024-07-05,902.75,Active,Saxony
POL-004662,CUST-02625,Kfz,AGT-038,2023-04-28,699.56,Lapsed,Lower Saxony
POL-004663,CUST-03109,Hausrat,AGT-011,2023-04-23,123.77,Active,Mecklenburg-Vorpommern
POL-004664,CUST-00753,Kfz,AGT-038,2024-09-19,1397.29,Active,Schleswig-Holstein
POL-004665,CUST-01171,Haftpflicht,AGT-004,2024-09-26,103.99,Lapsed,Bremen
POL-004666,CUST-00284,Haftpflicht,AGT-018,2024-01-14,57.24,Active,Berlin
POL-004667,CUST-00221,Kfz,AGT-026,2024-08-10,391.73,Active,Rhineland-Palatinate
POL-004668,CUST-00769,Haftpflicht,AGT-008,2022-09-21,78.81,Active,Thuringia
POL-004669,CUST-02007,Haftpflicht,AGT-013,2022-12-02,73.71,Active,Hesse
POL-004670,CUST-02344,Kfz,AGT-031,2025-05-10,1051.94,Active,Bremen
POL-004671,CUST-00796,Kfz,AGT-033,2023-01-09,1075.77,Active,Schleswig-Holstein
POL-004672,CUST-00763,Haftpflicht,AGT-011,2025-05-01,52.8,Cancelled,Rhineland-Palatinate
POL-004673,CUST-03846,Kfz,AGT-021,2022-06-19,556.69,Active,Saxony
POL-004674,CUST-01577,Kfz,AGT-010,2025-05-16,1394.11,Active,Bavaria
POL-004675,CUST-03352,Hausrat,AGT-003,2023-08-20,234.68,Lapsed,Lower Saxony
POL-004676,CUST-01276,Lebensversicherung,AGT-022,2023-09-05,463.7,Cancelled,Saxony
POL-004677,CUST-01515,Haftpflicht,AGT-025,2022-11-14,60.13,Active,Bavaria
POL-004678,CUST-02893,Haftpflicht,AGT-015,2025-03-07,57.64,Lapsed,Saxony-Anhalt
POL-004679,CUST-02844,Kfz,AGT-040,2024-04-29,1304.32,Active,Berlin
POL-004680,CUST-01444,Hausrat,AGT-013,2024-07-29,112.88,Lapsed,Rhineland-Palatinate
POL-004681,CUST-02638,Kfz,AGT-038,2024-12-05,819.12,Active,Baden-Wuerttemberg
POL-004682,CUST-00993,Hausrat,AGT-003,2025-06-02,64.11,Active,Schleswig-Holstein
POL-004683,CUST-01416,Kfz,AGT-004,2024-09-14,729.48,Active,Saxony
POL-004684,CUST-00746,Kfz,AGT-013,2024-09-03,485.57,Active,Saarland
POL-004685,CUST-00287,Kfz,AGT-036,2024-05-12,1267.68,Active,Brandenburg
POL-004686,CUST-01870,Haftpflicht,AGT-019,2023-09-03,71.51,Active,Saxony-Anhalt
POL-004687,CUST-02244,Kfz,AGT-016,2025-06-23,452.87,Active,Mecklenburg-Vorpommern
POL-004688,CUST-03159,Wohngebaeude,AGT-025,2022-03-26,589.2,Active,Hesse
POL-004689,CUST-01364,Haftpflicht,AGT-009,2022-01-02,99.7,Active,Saxony-Anhalt
POL-004690,CUST-00424,Wohngebaeude,AGT-008,2023-06-26,824.62,Active,North Rhine-Westphalia
POL-004691,CUST-01682,Wohngebaeude,AGT-012,2024-01-24,448.56,Active,Baden-Wuerttemberg
POL-004692,CUST-03672,Kfz,AGT-033,2024-04-15,817.98,Active,Schleswig-Holstein
POL-004693,CUST-01238,Lebensversicherung,AGT-031,2023-10-04,1550.53,Active,Berlin
POL-004694,CUST-01184,Haftpflicht,AGT-021,2023-07-01,53.64,Active,Hesse
POL-004695,CUST-02976,Kfz,AGT-015,2023-10-18,634.19,Active,Hamburg
POL-004696,CUST-01223,Hausrat,AGT-004,2023-08-28,247.82,Active,Berlin
POL-004697,CUST-03449,Haftpflicht,AGT-018,2023-12-09,51.95,Active,Lower Saxony
POL-004698,CUST-03455,Kfz,AGT-027,2022-05-14,701.91,Active,Bavaria
POL-004699,CUST-03966,Hausrat,AGT-005,2024-01-18,105.75,Active,Saxony
POL-004700,CUST-03523,Kfz,AGT-026,2024-01-15,521.6,Active,Bremen
POL-004701,CUST-01782,Kfz,AGT-029,2025-01-29,836.72,Active,Mecklenburg-Vorpommern
POL-004702,CUST-02570,Kfz,AGT-015,2022-12-01,881.58,Active,Bavaria
POL-004703,CUST-02998,Haftpflicht,AGT-005,2022-06-12,98.76,Active,Lower Saxony
POL-004704,CUST-00038,Kfz,AGT-024,2023-08-17,899.9,Active,Brandenburg
POL-004705,CUST-02086,Lebensversicherung,AGT-031,2022-08-03,547.44,Active,Bavaria
POL-004706,CUST-03386,Kfz,AGT-004,2023-06-09,963.38,Active,North Rhine-Westphalia
POL-004707,CUST-02999,Haftpflicht,AGT-019,2023-01-29,95.02,Lapsed,Saxony
POL-004708,CUST-00852,Lebensversicherung,AGT-002,2023-08-04,1550.57,Active,Hamburg
POL-004709,CUST-00301,Kfz,AGT-004,2023-06-27,439.88,Active,Schleswig-Holstein
POL-004710,CUST-03280,Hausrat,AGT-023,2023-02-28,74.26,Active,Bavaria
POL-004711,CUST-02104,Kfz,AGT-030,2024-01-17,1114.34,Active,North Rhine-Westphalia
POL-004712,CUST-01823,Haftpflicht,AGT-023,2022-02-01,101.66,Active,Schleswig-Holstein
POL-004713,CUST-03839,Kfz,AGT-005,2024-12-05,589.34,Active,Bavaria
POL-004714,CUST-00539,Haftpflicht,AGT-030,2022-09-04,61.27,Active,Hesse
POL-004715,CUST-00471,Kfz,AGT-007,2023-04-17,916.88,Cancelled,Lower Saxony
POL-004716,CUST-02970,Kfz,AGT-031,2024-06-08,532.87,Lapsed,Schleswig-Holstein
POL-004717,CUST-01079,Kfz,AGT-008,2024-01-28,997.15,Active,Lower Saxony
POL-004718,CUST-00043,Hausrat,AGT-017,2024-05-13,243.06,Cancelled,Saarland
POL-004719,CUST-00498,Kfz,AGT-003,2023-10-13,715.15,Active,Saarland
POL-004720,CUST-01797,Wohngebaeude,AGT-010,2023-01-18,301.94,Active,North Rhine-Westphalia
POL-004721,CUST-02968,Haftpflicht,AGT-012,2023-09-20,65.67,Active,Bavaria
POL-004722,CUST-00142,Haftpflicht,AGT-040,2024-06-13,97.54,Active,Hesse
POL-004723,CUST-01670,Kfz,AGT-003,2023-04-17,1203.19,Active,Bavaria
POL-004724,CUST-02512,Lebensversicherung,AGT-037,2025-04-07,1917.84,Active,Baden-Wuerttemberg
POL-004725,CUST-03867,Wohngebaeude,AGT-018,2025-04-24,888.17,Active,Bavaria
POL-004726,CUST-00469,Wohngebaeude,AGT-011,2025-06-05,678.11,Lapsed,Bremen
POL-004727,CUST-02406,Lebensversicherung,AGT-009,2022-08-15,2486.67,Active,Saxony
POL-004728,CUST-01253,Haftpflicht,AGT-005,2024-07-05,108.61,Active,Schleswig-Holstein
POL-004729,CUST-00786,Hausrat,AGT-020,2023-12-30,110.29,Active,North Rhine-Westphalia
POL-004730,CUST-00712,Kfz,AGT-031,2024-05-23,623.63,Active,Hamburg
POL-004731,CUST-03663,Hausrat,AGT-018,2024-03-17,219.57,Active,Baden-Wuerttemberg
POL-004732,CUST-00701,Kfz,AGT-037,2022-05-24,1349.8,Active,Hesse
POL-004733,CUST-01111,Hausrat,AGT-013,2024-08-17,88.2,Active,Hamburg
POL-004734,CUST-00957,Haftpflicht,AGT-025,2024-10-16,89.4,Active,Baden-Wuerttemberg
POL-004735,CUST-03649,Kfz,AGT-009,2022-01-07,886.21,Active,North Rhine-Westphalia
POL-004736,CUST-00341,Haftpflicht,AGT-015,2023-04-02,90.64,Active,Lower Saxony
POL-004737,CUST-00225,Lebensversicherung,AGT-036,2024-07-19,1567.93,Active,Rhineland-Palatinate
POL-004738,CUST-02911,Wohngebaeude,AGT-025,2024-02-29,258.73,Active,Bavaria
POL-004739,CUST-03962,Kfz,AGT-021,2022-11-06,969.11,Active,Hesse
POL-004740,CUST-02794,Haftpflicht,AGT-036,2024-04-01,44.64,Lapsed,Hamburg
POL-004741,CUST-00359,Lebensversicherung,AGT-002,2024-05-16,2006.95,Active,Bavaria
POL-004742,CUST-00740,Hausrat,AGT-031,2022-02-25,201.03,Active,Saarland
POL-004743,CUST-02166,Kfz,AGT-027,2024-04-23,371.67,Active,Berlin
POL-004744,CUST-03974,Kfz,AGT-023,2025-04-09,975.3,Active,Mecklenburg-Vorpommern
POL-004745,CUST-03245,Hausrat,AGT-022,2024-10-07,141.36,Active,Bavaria
POL-004746,CUST-00200,Hausrat,AGT-039,2023-11-27,217.98,Active,Berlin
POL-004747,CUST-00197,Kfz,AGT-038,2025-06-27,546.16,Active,North Rhine-Westphalia
POL-004748,CUST-03802,Haftpflicht,AGT-019,2024-01-30,111.29,Active,Baden-Wuerttemberg
POL-004749,CUST-03458,Haftpflicht,AGT-009,2023-08-13,101.99,Active,Hamburg
POL-004750,CUST-02864,Kfz,AGT-012,2022-04-09,740.39,Active,North Rhine-Westphalia
POL-004751,CUST-03123,Haftpflicht,AGT-033,2022-07-08,86.5,Active,Brandenburg
POL-004752,CUST-02021,Hausrat,AGT-034,2025-01-03,99.99,Active,Bavaria
POL-004753,CUST-01144,Kfz,AGT-037,2022-07-11,822.41,Lapsed,Baden-Wuerttemberg
POL-004754,CUST-01364,Lebensversicherung,AGT-024,2024-09-06,1258.0,Active,North Rhine-Westphalia
POL-004755,CUST-03567,Kfz,AGT-013,2024-10-08,705.94,Active,Lower Saxony
POL-004756,CUST-03849,Kfz,AGT-009,2024-07-01,722.14,Lapsed,Thuringia
POL-004757,CUST-02290,Kfz,AGT-026,2025-01-07,610.18,Active,Berlin
POL-004758,CUST-02031,Lebensversicherung,AGT-019,2022-05-01,768.4,Active,Bremen
POL-004759,CUST-01505,Wohngebaeude,AGT-014,2024-03-21,530.39,Active,Thuringia
POL-004760,CUST-02710,Lebensversicherung,AGT-032,2023-10-09,846.33,Active,Hesse
POL-004761,CUST-00233,Haftpflicht,AGT-030,2024-11-27,48.37,Active,Bavaria
POL-004762,CUST-00009,Kfz,AGT-008,2025-01-10,443.45,Active,Hesse
POL-004763,CUST-03470,Wohngebaeude,AGT-016,2022-01-12,551.94,Active,Lower Saxony
POL-004764,CUST-02808,Wohngebaeude,AGT-040,2024-04-09,206.74,Active,Bremen
POL-004765,CUST-03264,Kfz,AGT-023,2024-12-01,911.51,Active,Mecklenburg-Vorpommern
POL-004766,CUST-03605,Haftpflicht,AGT-026,2025-02-26,41.48,Active,Schleswig-Holstein
POL-004767,CUST-03212,Wohngebaeude,AGT-038,2022-04-09,396.49,Active,Mecklenburg-Vorpommern
POL-004768,CUST-00579,Hausrat,AGT-009,2024-06-08,242.14,Active,Bremen
POL-004769,CUST-00429,Hausrat,AGT-002,2024-06-28,85.12,Active,North Rhine-Westphalia
POL-004770,CUST-03479,Kfz,AGT-012,2024-02-21,370.29,Active,Brandenburg
POL-004771,CUST-01357,Wohngebaeude,AGT-038,2024-04-24,448.99,Active,Baden-Wuerttemberg
POL-004772,CUST-02216,Hausrat,AGT-033,2025-04-18,120.24,Lapsed,Schleswig-Holstein
POL-004773,CUST-03481,Wohngebaeude,AGT-013,2025-03-25,828.36,Active,Bremen
POL-004774,CUST-02485,Lebensversicherung,AGT-005,2023-12-23,718.42,Active,Saxony
POL-004775,CUST-01682,Kfz,AGT-006,2023-08-26,934.28,Lapsed,Brandenburg
POL-004776,CUST-03471,Kfz,AGT-015,2023-04-04,1118.51,Active,Bremen
POL-004777,CUST-02646,Wohngebaeude,AGT-003,2024-02-13,739.8,Active,North Rhine-Westphalia
POL-004778,CUST-03187,Haftpflicht,AGT-030,2024-06-16,67.16,Active,Bremen
POL-004779,CUST-02930,Haftpflicht,AGT-014,2023-03-19,48.38,Active,Saxony
POL-004780,CUST-01170,Hausrat,AGT-038,2022-02-02,62.48,Active,Saarland
POL-004781,CUST-00831,Haftpflicht,AGT-019,2023-12-02,52.57,Active,Baden-Wuerttemberg
POL-004782,CUST-03336,Kfz,AGT-028,2022-11-23,466.93,Active,Bavaria
POL-004783,CUST-00364,Wohngebaeude,AGT-002,2025-05-31,486.23,Active,Hamburg
POL-004784,CUST-01826,Wohngebaeude,AGT-033,2024-11-01,819.93,Active,Brandenburg
POL-004785,CUST-01477,Kfz,AGT-036,2024-01-27,1239.91,Active,Berlin
POL-004786,CUST-02616,Haftpflicht,AGT-003,2023-11-07,60.04,Active,Brandenburg
POL-004787,CUST-00953,Hausrat,AGT-037,2023-11-21,63.37,Active,Berlin
POL-004788,CUST-01545,Haftpflicht,AGT-025,2023-02-11,99.72,Active,Bavaria
POL-004789,CUST-02176,Haftpflicht,AGT-026,2023-06-12,63.54,Cancelled,Hesse
POL-004790,CUST-00923,Hausrat,AGT-012,2024-04-08,210.79,Active,Rhineland-Palatinate
POL-004791,CUST-00825,Wohngebaeude,AGT-002,2023-12-07,663.96,Active,Bremen
POL-004792,CUST-03261,Wohngebaeude,AGT-019,2022-08-02,632.58,Active,Saarland
POL-004793,CUST-00255,Haftpflicht,AGT-033,2022-02-16,46.06,Active,Rhineland-Palatinate
POL-004794,CUST-01136,Wohngebaeude,AGT-021,2023-05-04,850.93,Active,Hesse
POL-004795,CUST-03087,Hausrat,AGT-006,2023-05-31,125.94,Active,Berlin
POL-004796,CUST-01247,Hausrat,AGT-032,2025-02-21,158.97,Active,Brandenburg
POL-004797,CUST-03289,Kfz,AGT-020,2023-12-18,374.82,Active,Hesse
POL-004798,CUST-03384,Kfz,AGT-004,2023-02-14,974.57,Active,North Rhine-Westphalia
POL-004799,CUST-03552,Haftpflicht,AGT-022,2024-05-26,75.78,Active,North Rhine-Westphalia
POL-004800,CUST-01306,Hausrat,AGT-031,2023-01-25,244.64,Lapsed,Mecklenburg-Vorpommern
POL-004801,CUST-01853,Hausrat,AGT-014,2023-03-27,134.57,Active,Mecklenburg-Vorpommern
POL-004802,CUST-01933,Kfz,AGT-018,2023-01-06,1370.7,Active,Saxony-Anhalt
POL-004803,CUST-03009,Hausrat,AGT-015,2022-07-10,217.89,Active,Thuringia
POL-004804,CUST-02083,Haftpflicht,AGT-011,2022-05-12,91.3,Cancelled,Schleswig-Holstein
POL-004805,CUST-01401,Hausrat,AGT-005,2024-05-03,117.33,Active,Saxony
POL-004806,CUST-01942,Hausrat,AGT-013,2024-01-11,201.47,Active,Mecklenburg-Vorpommern
POL-004807,CUST-02018,Kfz,AGT-017,2024-03-11,380.96,Active,Mecklenburg-Vorpommern
POL-004808,CUST-02984,Kfz,AGT-038,2022-05-04,414.47,Active,Hamburg
POL-004809,CUST-02773,Hausrat,AGT-022,2023-02-19,231.94,Cancelled,Hamburg
POL-004810,CUST-02564,Wohngebaeude,AGT-036,2024-07-02,564.2,Active,Saarland
POL-004811,CUST-00920,Haftpflicht,AGT-020,2023-06-18,40.01,Cancelled,Saarland
POL-004812,CUST-03629,Hausrat,AGT-013,2023-08-03,125.46,Active,Bavaria
POL-004813,CUST-00670,Hausrat,AGT-027,2024-12-24,183.02,Lapsed,Hamburg
POL-004814,CUST-03741,Lebensversicherung,AGT-025,2023-01-06,1554.15,Active,Mecklenburg-Vorpommern
POL-004815,CUST-01397,Kfz,AGT-017,2024-01-28,1149.72,Active,Brandenburg
POL-004816,CUST-03975,Haftpflicht,AGT-037,2024-11-10,100.48,Active,Bremen
POL-004817,CUST-01636,Haftpflicht,AGT-020,2024-01-04,66.34,Active,Saxony
POL-004818,CUST-01074,Kfz,AGT-029,2022-04-11,1248.84,Active,Schleswig-Holstein
POL-004819,CUST-01467,Wohngebaeude,AGT-033,2024-10-10,805.92,Lapsed,Berlin
POL-004820,CUST-02303,Hausrat,AGT-030,2022-01-23,72.93,Active,Saxony
POL-004821,CUST-00984,Wohngebaeude,AGT-033,2022-05-08,390.79,Active,Hesse
POL-004822,CUST-03487,Wohngebaeude,AGT-023,2024-11-29,515.52,Active,Rhineland-Palatinate
POL-004823,CUST-00539,Kfz,AGT-038,2023-06-30,585.95,Active,Bremen
POL-004824,CUST-01273,Wohngebaeude,AGT-018,2023-05-07,584.38,Lapsed,Saxony
POL-004825,CUST-03675,Wohngebaeude,AGT-017,2022-05-05,309.09,Lapsed,Bavaria
POL-004826,CUST-01578,Kfz,AGT-040,2024-05-18,891.34,Active,North Rhine-Westphalia
POL-004827,CUST-03639,Haftpflicht,AGT-017,2024-07-13,72.05,Cancelled,Saxony
POL-004828,CUST-01907,Haftpflicht,AGT-007,2023-09-22,75.14,Active,Bremen
POL-004829,CUST-03862,Haftpflicht,AGT-035,2023-02-01,78.43,Active,Hamburg
POL-004830,CUST-03034,Kfz,AGT-032,2024-04-06,514.7,Active,Saarland
POL-004831,CUST-02960,Wohngebaeude,AGT-032,2023-04-26,719.44,Active,Brandenburg
POL-004832,CUST-02332,Kfz,AGT-008,2023-03-18,1301.09,Active,Hamburg
POL-004833,CUST-01273,Wohngebaeude,AGT-026,2022-09-04,496.94,Active,Hamburg
POL-004834,CUST-03017,Haftpflicht,AGT-005,2024-03-16,53.78,Active,Saxony
POL-004835,CUST-02581,Kfz,AGT-012,2025-03-12,1372.34,Active,Saarland
POL-004836,CUST-00174,Haftpflicht,AGT-030,2025-02-04,73.89,Active,Bremen
POL-004837,CUST-02338,Kfz,AGT-023,2023-07-03,894.75,Active,Hesse
POL-004838,CUST-00707,Kfz,AGT-013,2025-01-04,739.13,Cancelled,Hesse
POL-004839,CUST-00107,Haftpflicht,AGT-040,2022-04-23,118.49,Active,Baden-Wuerttemberg
POL-004840,CUST-01398,Kfz,AGT-018,2024-06-23,601.14,Active,Brandenburg
POL-004841,CUST-01417,Haftpflicht,AGT-021,2022-07-16,117.13,Active,Saxony
POL-004842,CUST-03386,Wohngebaeude,AGT-037,2022-05-16,590.16,Active,Bremen
POL-004843,CUST-01848,Kfz,AGT-002,2025-05-21,1366.35,Active,Saarland
POL-004844,CUST-03566,Hausrat,AGT-008,2025-05-25,97.51,Active,Mecklenburg-Vorpommern
POL-004845,CUST-02268,Wohngebaeude,AGT-013,2023-09-02,418.9,Active,Brandenburg
POL-004846,CUST-03504,Kfz,AGT-015,2023-10-23,1387.11,Cancelled,Rhineland-Palatinate
POL-004847,CUST-00363,Kfz,AGT-003,2022-12-25,1206.12,Active,Thuringia
POL-004848,CUST-03151,Lebensversicherung,AGT-039,2024-04-06,1292.54,Active,Saxony-Anhalt
POL-004849,CUST-00953,Wohngebaeude,AGT-007,2024-07-08,529.86,Active,Saarland
POL-004850,CUST-02972,Kfz,AGT-009,2024-05-27,909.5,Active,Berlin
POL-004851,CUST-03284,Kfz,AGT-014,2022-05-18,1293.92,Active,Saxony-Anhalt
POL-004852,CUST-03584,Haftpflicht,AGT-031,2023-01-31,102.85,Active,Rhineland-Palatinate
POL-004853,CUST-02592,Haftpflicht,AGT-020,2024-06-06,58.82,Cancelled,Brandenburg
POL-004854,CUST-00480,Hausrat,AGT-002,2025-04-01,156.47,Active,Berlin
POL-004855,CUST-03119,Hausrat,AGT-013,2024-04-24,223.29,Active,Bavaria
POL-004856,CUST-03554,Haftpflicht,AGT-038,2022-02-17,61.98,Active,Hesse
POL-004857,CUST-00717,Hausrat,AGT-018,2022-07-03,176.7,Active,Berlin
POL-004858,CUST-02467,Hausrat,AGT-031,2023-11-30,69.53,Active,Saxony
POL-004859,CUST-02059,Kfz,AGT-031,2025-03-31,1124.75,Active,Lower Saxony
POL-004860,CUST-00619,Kfz,AGT-038,2022-02-07,576.31,Active,Berlin
POL-004861,CUST-03756,Haftpflicht,AGT-003,2025-05-05,110.43,Active,Bavaria
POL-004862,CUST-03852,Wohngebaeude,AGT-020,2024-01-23,635.18,Active,Hamburg
POL-004863,CUST-00250,Kfz,AGT-025,2025-02-18,1387.0,Active,Rhineland-Palatinate
POL-004864,CUST-03984,Kfz,AGT-021,2022-03-05,356.44,Active,Schleswig-Holstein
POL-004865,CUST-03293,Wohngebaeude,AGT-013,2024-12-02,211.86,Active,Schleswig-Holstein
POL-004866,CUST-03751,Kfz,AGT-023,2023-05-08,787.1,Active,Berlin
POL-004867,CUST-01410,Kfz,AGT-018,2022-08-09,475.7,Active,Hesse
POL-004868,CUST-03968,Haftpflicht,AGT-007,2024-08-28,87.62,Active,North Rhine-Westphalia
POL-004869,CUST-01200,Hausrat,AGT-005,2022-05-17,104.64,Active,Hamburg
POL-004870,CUST-03723,Kfz,AGT-024,2025-03-11,485.27,Cancelled,Brandenburg
POL-004871,CUST-00103,Haftpflicht,AGT-037,2023-02-22,102.89,Cancelled,Baden-Wuerttemberg
POL-004872,CUST-03098,Haftpflicht,AGT-006,2024-11-30,41.09,Active,Berlin
POL-004873,CUST-01577,Lebensversicherung,AGT-019,2024-05-02,339.7,Active,Brandenburg
POL-004874,CUST-03666,Haftpflicht,AGT-039,2023-02-05,92.42,Active,Hesse
POL-004875,CUST-03875,Kfz,AGT-008,2025-04-09,784.76,Active,Thuringia
POL-004876,CUST-00734,Kfz,AGT-023,2022-03-01,726.75,Cancelled,Saxony
POL-004877,CUST-03517,Lebensversicherung,AGT-036,2025-02-22,1502.94,Active,Bavaria
POL-004878,CUST-02030,Wohngebaeude,AGT-003,2023-09-08,896.04,Active,Schleswig-Holstein
POL-004879,CUST-00399,Haftpflicht,AGT-026,2023-11-08,65.82,Active,Berlin
POL-004880,CUST-01364,Kfz,AGT-029,2023-08-03,383.17,Active,Brandenburg
POL-004881,CUST-00816,Kfz,AGT-037,2025-03-04,565.09,Active,Bavaria
POL-004882,CUST-01624,Kfz,AGT-026,2025-04-01,427.27,Active,Bavaria
POL-004883,CUST-02079,Hausrat,AGT-022,2024-01-08,89.48,Active,Mecklenburg-Vorpommern
POL-004884,CUST-00775,Haftpflicht,AGT-039,2022-03-29,60.89,Active,Bavaria
POL-004885,CUST-02176,Kfz,AGT-038,2024-11-20,1060.74,Cancelled,Thuringia
POL-004886,CUST-01329,Hausrat,AGT-031,2025-01-10,217.4,Active,Berlin
POL-004887,CUST-01959,Hausrat,AGT-002,2025-01-19,68.57,Active,Saarland
POL-004888,CUST-01509,Kfz,AGT-036,2022-06-19,511.07,Lapsed,Hamburg
POL-004889,CUST-00841,Haftpflicht,AGT-004,2023-09-19,81.55,Active,Bremen
POL-004890,CUST-01050,Lebensversicherung,AGT-002,2022-06-09,2068.32,Active,Saxony-Anhalt
POL-004891,CUST-00059,Hausrat,AGT-021,2022-08-29,235.6,Active,Baden-Wuerttemberg
POL-004892,CUST-02907,Haftpflicht,AGT-025,2023-05-13,96.83,Active,North Rhine-Westphalia
POL-004893,CUST-01466,Kfz,AGT-020,2023-07-20,890.44,Active,Lower Saxony
POL-004894,CUST-02726,Hausrat,AGT-017,2022-10-04,189.58,Active,Lower Saxony
POL-004895,CUST-01333,Kfz,AGT-011,2025-04-08,648.64,Active,Rhineland-Palatinate
POL-004896,CUST-03449,Hausrat,AGT-024,2024-02-28,87.76,Active,Schleswig-Holstein
POL-004897,CUST-02935,Kfz,AGT-037,2022-11-15,1046.32,Active,North Rhine-Westphalia
POL-004898,CUST-02709,Kfz,AGT-009,2022-04-30,992.76,Active,Hesse
POL-004899,CUST-01767,Haftpflicht,AGT-008,2022-08-09,79.7,Active,Brandenburg
POL-004900,CUST-03073,Haftpflicht,AGT-003,2023-04-25,52.6,Active,Thuringia
POL-004901,CUST-01685,Lebensversicherung,AGT-005,2022-10-05,2349.13,Active,Mecklenburg-Vorpommern
POL-004902,CUST-02309,Wohngebaeude,AGT-020,2024-04-25,897.36,Active,North Rhine-Westphalia
POL-004903,CUST-00849,Kfz,AGT-015,2022-05-12,522.93,Cancelled,Bavaria
POL-004904,CUST-01563,Kfz,AGT-022,2024-07-20,958.69,Cancelled,Mecklenburg-Vorpommern
POL-004905,CUST-02247,Hausrat,AGT-013,2023-05-19,95.48,Active,Brandenburg
POL-004906,CUST-01611,Kfz,AGT-011,2023-05-09,672.65,Active,Bavaria
POL-004907,CUST-02635,Hausrat,AGT-004,2023-06-25,185.87,Active,Berlin
POL-004908,CUST-00056,Haftpflicht,AGT-022,2025-03-16,102.3,Active,Saxony-Anhalt
POL-004909,CUST-02626,Kfz,AGT-005,2023-07-08,519.9,Active,Rhineland-Palatinate
POL-004910,CUST-02015,Haftpflicht,AGT-012,2023-11-10,116.21,Active,Saarland
POL-004911,CUST-00501,Kfz,AGT-004,2023-08-11,1351.17,Lapsed,Saxony-Anhalt
POL-004912,CUST-03708,Haftpflicht,AGT-037,2023-12-18,99.29,Active,Baden-Wuerttemberg
POL-004913,CUST-01278,Haftpflicht,AGT-038,2023-11-20,47.29,Active,Saxony-Anhalt
POL-004914,CUST-02568,Kfz,AGT-021,2024-05-18,618.78,Active,Lower Saxony
POL-004915,CUST-00580,Haftpflicht,AGT-017,2022-09-20,84.14,Active,Saarland
POL-004916,CUST-00245,Lebensversicherung,AGT-011,2022-12-18,1546.35,Active,Hesse
POL-004917,CUST-01573,Hausrat,AGT-021,2024-07-28,247.91,Active,Rhineland-Palatinate
POL-004918,CUST-02561,Hausrat,AGT-022,2022-10-26,66.22,Lapsed,Lower Saxony
POL-004919,CUST-01487,Lebensversicherung,AGT-025,2023-05-16,534.72,Active,Saxony-Anhalt
POL-004920,CUST-00568,Kfz,AGT-018,2023-03-24,413.49,Lapsed,Rhineland-Palatinate
POL-004921,CUST-00270,Kfz,AGT-019,2022-08-25,468.78,Active,Brandenburg
POL-004922,CUST-02631,Kfz,AGT-031,2023-08-01,610.75,Active,Bavaria
POL-004923,CUST-03721,Lebensversicherung,AGT-040,2024-01-31,1038.8,Active,Hesse
POL-004924,CUST-02706,Wohngebaeude,AGT-009,2024-08-29,216.48,Active,Brandenburg
POL-004925,CUST-02665,Haftpflicht,AGT-031,2024-03-29,89.84,Active,Bremen
POL-004926,CUST-02424,Hausrat,AGT-028,2023-12-21,136.54,Active,Brandenburg
POL-004927,CUST-03499,Kfz,AGT-029,2023-03-10,715.04,Active,Brandenburg
POL-004928,CUST-02870,Hausrat,AGT-029,2024-02-18,145.82,Active,Berlin
POL-004929,CUST-03874,Kfz,AGT-003,2024-04-21,881.33,Active,Lower Saxony
POL-004930,CUST-00196,Hausrat,AGT-023,2023-08-02,154.83,Active,Hesse
POL-004931,CUST-03455,Kfz,AGT-031,2022-05-16,501.24,Lapsed,Bavaria
POL-004932,CUST-02866,Hausrat,AGT-024,2022-10-19,84.43,Cancelled,Rhineland-Palatinate
POL-004933,CUST-02261,Kfz,AGT-006,2022-10-11,570.74,Lapsed,Rhineland-Palatinate
POL-004934,CUST-03892,Kfz,AGT-005,2024-04-12,1289.74,Active,Mecklenburg-Vorpommern
POL-004935,CUST-01932,Hausrat,AGT-020,2025-06-26,227.14,Active,Hamburg
POL-004936,CUST-00459,Haftpflicht,AGT-039,2022-03-23,79.02,Cancelled,Thuringia
POL-004937,CUST-02024,Wohngebaeude,AGT-035,2022-08-14,282.39,Lapsed,Hesse
POL-004938,CUST-02027,Kfz,AGT-008,2022-05-03,1309.18,Active,Saxony-Anhalt
POL-004939,CUST-00745,Lebensversicherung,AGT-026,2024-11-22,1181.43,Active,Berlin
POL-004940,CUST-01239,Haftpflicht,AGT-022,2022-12-31,97.91,Lapsed,Brandenburg
POL-004941,CUST-01827,Hausrat,AGT-005,2025-04-04,221.63,Lapsed,Bremen
POL-004942,CUST-00106,Hausrat,AGT-034,2024-10-14,125.82,Active,Saxony-Anhalt
POL-004943,CUST-00277,Hausrat,AGT-032,2024-07-30,179.14,Active,Brandenburg
POL-004944,CUST-01997,Kfz,AGT-017,2022-05-04,513.96,Active,Schleswig-Holstein
POL-004945,CUST-01809,Kfz,AGT-039,2023-09-21,1334.05,Lapsed,Mecklenburg-Vorpommern
POL-004946,CUST-02207,Haftpflicht,AGT-026,2022-04-17,62.93,Lapsed,Bremen
POL-004947,CUST-01668,Kfz,AGT-005,2025-01-07,900.23,Active,Saarland
POL-004948,CUST-01825,Hausrat,AGT-030,2023-03-28,116.21,Active,Hamburg
POL-004949,CUST-01536,Haftpflicht,AGT-009,2024-11-26,99.27,Active,Rhineland-Palatinate
POL-004950,CUST-02622,Hausrat,AGT-007,2023-05-12,182.02,Active,Lower Saxony
POL-004951,CUST-01167,Kfz,AGT-008,2024-10-11,693.45,Lapsed,Thuringia
POL-004952,CUST-01795,Kfz,AGT-039,2023-12-22,710.7,Active,Bavaria
POL-004953,CUST-00250,Hausrat,AGT-031,2025-05-16,208.9,Lapsed,North Rhine-Westphalia
POL-004954,CUST-00863,Wohngebaeude,AGT-002,2024-02-04,436.17,Cancelled,Baden-Wuerttemberg
POL-004955,CUST-01074,Haftpflicht,AGT-007,2022-08-01,102.1,Active,Saxony
POL-004956,CUST-02615,Lebensversicherung,AGT-012,2025-04-18,685.9,Active,Saxony-Anhalt
POL-004957,CUST-01503,Haftpflicht,AGT-024,2022-09-18,60.67,Active,Saxony
POL-004958,CUST-01183,Kfz,AGT-035,2022-08-03,872.97,Active,Thuringia
POL-004959,CUST-00638,Kfz,AGT-018,2024-04-06,673.44,Active,Brandenburg
POL-004960,CUST-00097,Kfz,AGT-012,2022-10-04,1171.21,Active,Schleswig-Holstein
POL-004961,CUST-02339,Kfz,AGT-026,2024-05-06,657.2,Active,Saxony
POL-004962,CUST-03908,Haftpflicht,AGT-007,2022-11-17,97.13,Active,Bremen
POL-004963,CUST-03894,Haftpflicht,AGT-015,2025-06-29,72.9,Active,Saxony-Anhalt
POL-004964,CUST-00659,Kfz,AGT-008,2025-03-20,600.55,Active,Thuringia
POL-004965,CUST-00735,Haftpflicht,AGT-004,2025-06-28,55.61,Active,Bavaria
POL-004966,CUST-03661,Haftpflicht,AGT-037,2023-12-13,43.33,Active,Lower Saxony
POL-004967,CUST-02130,Hausrat,AGT-017,2023-11-19,233.9,Active,Saxony-Anhalt
POL-004968,CUST-03715,Kfz,AGT-017,2024-03-23,612.55,Active,Bavaria
POL-004969,CUST-02334,Wohngebaeude,AGT-025,2022-12-16,223.23,Active,North Rhine-Westphalia
POL-004970,CUST-03874,Kfz,AGT-012,2024-04-23,500.97,Active,Saxony-Anhalt
POL-004971,CUST-02468,Kfz,AGT-025,2024-08-12,680.8,Active,Saxony
POL-004972,CUST-02143,Wohngebaeude,AGT-028,2024-04-15,219.22,Active,Baden-Wuerttemberg
POL-004973,CUST-00730,Lebensversicherung,AGT-012,2023-03-10,895.06,Active,North Rhine-Westphalia
POL-004974,CUST-02806,Wohngebaeude,AGT-003,2023-03-21,255.07,Cancelled,Bremen
POL-004975,CUST-01040,Kfz,AGT-040,2022-10-21,939.43,Cancelled,Thuringia
POL-004976,CUST-01640,Wohngebaeude,AGT-032,2025-03-06,334.73,Cancelled,Saxony
POL-004977,CUST-01992,Haftpflicht,AGT-026,2024-03-25,42.64,Cancelled,Saarland
POL-004978,CUST-00875,Hausrat,AGT-033,2024-12-21,145.54,Active,North Rhine-Westphalia
POL-004979,CUST-00136,Kfz,AGT-023,2022-05-11,1196.88,Active,Hesse
POL-004980,CUST-03785,Lebensversicherung,AGT-011,2024-12-20,789.55,Active,Bremen
POL-004981,CUST-03260,Haftpflicht,AGT-034,2022-04-01,61.58,Lapsed,Mecklenburg-Vorpommern
POL-004982,CUST-02254,Hausrat,AGT-040,2023-01-19,110.15,Active,Schleswig-Holstein
POL-004983,CUST-03794,Haftpflicht,AGT-011,2023-07-25,107.54,Active,Mecklenburg-Vorpommern
POL-004984,CUST-01274,Hausrat,AGT-009,2024-01-21,121.73,Active,Rhineland-Palatinate
POL-004985,CUST-00229,Kfz,AGT-009,2025-04-19,949.35,Active,Brandenburg
POL-004986,CUST-02510,Hausrat,AGT-003,2022-06-08,200.84,Active,Mecklenburg-Vorpommern
POL-004987,CUST-03512,Kfz,AGT-028,2022-11-01,1363.41,Active,Saxony-Anhalt
POL-004988,CUST-00183,Kfz,AGT-017,2022-06-19,966.35,Active,Bremen
POL-004989,CUST-01698,Wohngebaeude,AGT-030,2022-12-08,632.56,Cancelled,North Rhine-Westphalia
POL-004990,CUST-03189,Kfz,AGT-011,2023-02-26,687.46,Active,Bremen
POL-004991,CUST-01100,Wohngebaeude,AGT-021,2023-07-16,477.89,Cancelled,Mecklenburg-Vorpommern
POL-004992,CUST-03646,Kfz,AGT-023,2025-01-05,1148.03,Lapsed,Baden-Wuerttemberg
POL-004993,CUST-01312,Haftpflicht,AGT-026,2022-03-06,112.91,Active,Saxony
POL-004994,CUST-00292,Wohngebaeude,AGT-008,2024-04-07,539.65,Active,Saarland
POL-004995,CUST-02469,Haftpflicht,AGT-011,2022-08-22,54.38,Active,Saxony
POL-004996,CUST-02445,Wohngebaeude,AGT-019,2025-04-06,254.02,Cancelled,Hesse
POL-004997,CUST-01427,Kfz,AGT-016,2025-05-27,499.13,Active,Baden-Wuerttemberg
POL-004998,CUST-01960,Haftpflicht,AGT-025,2023-11-08,103.25,Active,Mecklenburg-Vorpommern
POL-004999,CUST-02744,Haftpflicht,AGT-017,2024-09-19,52.94,Lapsed,Saxony-Anhalt
POL-005000,CUST-03591,Wohngebaeude,AGT-016,2024-12-01,883.8,Active,Bavaria
POL-005001,CUST-02716,Haftpflicht,AGT-019,2025-02-20,57.3,Active,Berlin
POL-005002,CUST-00894,Hausrat,AGT-026,2023-02-03,149.66,Lapsed,Lower Saxony
POL-005003,CUST-01594,Haftpflicht,AGT-027,2025-03-26,54.6,Active,Mecklenburg-Vorpommern
POL-005004,CUST-00091,Hausrat,AGT-031,2022-02-18,163.0,Active,Hamburg
POL-005005,CUST-00764,Kfz,AGT-010,2022-04-15,376.51,Active,Saxony-Anhalt
POL-005006,CUST-02700,Kfz,AGT-002,2023-02-18,1076.52,Active,Bavaria
POL-005007,CUST-03666,Hausrat,AGT-015,2025-02-21,66.77,Active,Baden-Wuerttemberg
POL-005008,CUST-01935,Kfz,AGT-019,2022-08-17,576.72,Active,Saxony
POL-005009,CUST-00719,Haftpflicht,AGT-010,2025-03-10,58.21,Active,Schleswig-Holstein
POL-005010,CUST-02043,Wohngebaeude,AGT-027,2023-11-03,382.02,Active,Hesse
POL-005011,CUST-02995,Hausrat,AGT-037,2023-05-20,238.58,Lapsed,Berlin
POL-005012,CUST-01931,Kfz,AGT-012,2023-09-26,381.27,Lapsed,Baden-Wuerttemberg
POL-005013,CUST-02506,Wohngebaeude,AGT-033,2025-06-17,780.31,Active,Hamburg
POL-005014,CUST-03275,Lebensversicherung,AGT-033,2024-10-23,356.0,Lapsed,Bavaria
POL-005015,CUST-01077,Haftpflicht,AGT-002,2025-02-23,97.91,Active,Rhineland-Palatinate
POL-005016,CUST-01101,Haftpflicht,AGT-020,2022-12-29,75.01,Active,Hesse
POL-005017,CUST-00558,Kfz,AGT-025,2024-01-07,982.41,Active,Hesse
POL-005018,CUST-03669,Hausrat,AGT-010,2024-09-18,94.1,Active,Thuringia
POL-005019,CUST-00206,Lebensversicherung,AGT-007,2023-05-03,621.21,Active,Berlin
POL-005020,CUST-03718,Hausrat,AGT-029,2023-01-16,167.67,Active,Lower Saxony
POL-005021,CUST-02877,Kfz,AGT-005,2024-03-19,705.16,Active,Mecklenburg-Vorpommern
POL-005022,CUST-03209,Kfz,AGT-021,2023-08-30,1224.91,Lapsed,Rhineland-Palatinate
POL-005023,CUST-02956,Kfz,AGT-001,2024-05-20,797.4,Cancelled,Thuringia
POL-005024,CUST-02628,Wohngebaeude,AGT-037,2023-10-25,790.68,Active,Brandenburg
POL-005025,CUST-02787,Wohngebaeude,AGT-006,2024-09-07,245.99,Active,Berlin
POL-005026,CUST-01858,Wohngebaeude,AGT-010,2022-10-03,660.85,Active,Lower Saxony
POL-005027,CUST-03987,Haftpflicht,AGT-026,2022-06-28,82.99,Active,Saxony-Anhalt
POL-005028,CUST-01773,Wohngebaeude,AGT-038,2024-04-21,856.08,Active,Thuringia
POL-005029,CUST-01877,Lebensversicherung,AGT-027,2022-05-10,2433.87,Active,Saxony-Anhalt
POL-005030,CUST-02378,Haftpflicht,AGT-005,2025-06-21,115.12,Cancelled,Mecklenburg-Vorpommern
POL-005031,CUST-01663,Lebensversicherung,AGT-004,2024-04-24,1587.66,Active,Hesse
POL-005032,CUST-02344,Kfz,AGT-037,2023-07-17,1382.61,Lapsed,Saxony-Anhalt
POL-005033,CUST-02731,Hausrat,AGT-001,2023-08-16,104.55,Active,Berlin
POL-005034,CUST-01216,Wohngebaeude,AGT-039,2023-05-31,881.68,Active,Hamburg
POL-005035,CUST-01917,Kfz,AGT-031,2023-02-09,475.62,Active,Schleswig-Holstein
POL-005036,CUST-00762,Kfz,AGT-020,2022-10-25,453.7,Active,Lower Saxony
POL-005037,CUST-00786,Wohngebaeude,AGT-033,2025-04-24,788.98,Active,Bavaria
POL-005038,CUST-00426,Wohngebaeude,AGT-030,2023-06-12,510.63,Active,North Rhine-Westphalia
POL-005039,CUST-02214,Hausrat,AGT-016,2025-04-25,236.34,Active,Thuringia
POL-005040,CUST-01942,Kfz,AGT-007,2023-02-26,596.91,Active,Thuringia
POL-005041,CUST-00892,Kfz,AGT-021,2023-10-23,441.96,Active,Berlin
POL-005042,CUST-00269,Lebensversicherung,AGT-029,2023-08-27,2491.7,Cancelled,Baden-Wuerttemberg
POL-005043,CUST-03304,Wohngebaeude,AGT-013,2024-02-19,361.16,Active,Schleswig-Holstein
POL-005044,CUST-03571,Haftpflicht,AGT-017,2022-06-24,96.13,Lapsed,Berlin
POL-005045,CUST-00682,Kfz,AGT-021,2024-11-02,1342.26,Active,Saarland
POL-005046,CUST-00577,Wohngebaeude,AGT-010,2025-01-20,600.01,Active,Hesse
POL-005047,CUST-01044,Haftpflicht,AGT-022,2025-04-27,112.19,Active,North Rhine-Westphalia
POL-005048,CUST-01420,Kfz,AGT-030,2024-11-15,1327.75,Active,Hamburg
POL-005049,CUST-02719,Haftpflicht,AGT-033,2022-07-24,100.52,Cancelled,Hamburg
POL-005050,CUST-02445,Hausrat,AGT-039,2024-01-27,238.87,Active,Brandenburg
POL-005051,CUST-00821,Kfz,AGT-014,2024-05-06,705.65,Cancelled,Hamburg
POL-005052,CUST-02836,Kfz,AGT-019,2023-04-02,784.99,Lapsed,Baden-Wuerttemberg
POL-005053,CUST-01306,Haftpflicht,AGT-018,2024-05-29,106.08,Active,Bremen
POL-005054,CUST-03250,Hausrat,AGT-016,2024-09-18,202.94,Active,Baden-Wuerttemberg
POL-005055,CUST-01711,Kfz,AGT-039,2023-06-16,858.08,Active,Saxony-Anhalt
POL-005056,CUST-01858,Lebensversicherung,AGT-034,2022-06-09,682.98,Lapsed,Brandenburg
POL-005057,CUST-01848,Wohngebaeude,AGT-009,2024-03-05,635.26,Cancelled,Hamburg
POL-005058,CUST-01118,Haftpflicht,AGT-006,2022-10-16,108.32,Active,Saxony
POL-005059,CUST-00434,Hausrat,AGT-025,2022-05-14,177.01,Lapsed,Bremen
POL-005060,CUST-01057,Kfz,AGT-032,2025-02-17,754.38,Cancelled,Bavaria
POL-005061,CUST-00590,Wohngebaeude,AGT-024,2022-08-28,625.27,Active,Lower Saxony
POL-005062,CUST-00005,Haftpflicht,AGT-017,2023-11-17,66.1,Active,Lower Saxony
POL-005063,CUST-02218,Haftpflicht,AGT-018,2023-08-28,96.48,Active,Bremen
POL-005064,CUST-01153,Kfz,AGT-023,2024-02-15,850.6,Active,North Rhine-Westphalia
POL-005065,CUST-01458,Haftpflicht,AGT-004,2022-07-02,60.64,Active,Mecklenburg-Vorpommern
POL-005066,CUST-01353,Kfz,AGT-021,2022-04-26,578.97,Active,Saxony
POL-005067,CUST-02539,Kfz,AGT-028,2023-03-07,506.0,Active,Berlin
POL-005068,CUST-01471,Wohngebaeude,AGT-035,2023-09-25,341.87,Active,Saxony-Anhalt
POL-005069,CUST-01898,Hausrat,AGT-030,2022-08-10,225.58,Active,Saxony-Anhalt
POL-005070,CUST-02694,Haftpflicht,AGT-037,2024-03-13,96.29,Active,Thuringia
POL-005071,CUST-02836,Hausrat,AGT-027,2023-07-07,103.05,Active,Mecklenburg-Vorpommern
POL-005072,CUST-01891,Kfz,AGT-008,2024-10-15,451.8,Cancelled,Hamburg
POL-005073,CUST-01403,Haftpflicht,AGT-039,2023-03-11,117.22,Active,Saxony-Anhalt
POL-005074,CUST-01513,Lebensversicherung,AGT-004,2025-05-25,892.56,Active,Thuringia
POL-005075,CUST-02205,Haftpflicht,AGT-027,2022-09-21,88.55,Active,North Rhine-Westphalia
POL-005076,CUST-02133,Hausrat,AGT-022,2024-08-03,193.74,Active,Schleswig-Holstein
POL-005077,CUST-03412,Kfz,AGT-040,2025-04-03,564.59,Active,Rhineland-Palatinate
POL-005078,CUST-01079,Kfz,AGT-011,2025-03-05,1090.05,Lapsed,Saxony-Anhalt
POL-005079,CUST-01895,Kfz,AGT-025,2022-03-09,958.78,Active,Hesse
POL-005080,CUST-00136,Haftpflicht,AGT-020,2024-01-09,79.57,Active,Saxony-Anhalt
POL-005081,CUST-01906,Kfz,AGT-002,2024-09-20,1018.45,Active,Schleswig-Holstein
POL-005082,CUST-03333,Lebensversicherung,AGT-015,2024-06-01,1136.79,Active,Bremen
POL-005083,CUST-02489,Wohngebaeude,AGT-032,2024-06-23,599.24,Active,Bavaria
POL-005084,CUST-01449,Haftpflicht,AGT-007,2024-03-20,96.32,Active,Brandenburg
POL-005085,CUST-03958,Kfz,AGT-015,2022-12-14,1217.89,Active,Hamburg
POL-005086,CUST-02917,Kfz,AGT-005,2022-03-27,635.54,Active,Hesse
POL-005087,CUST-00588,Haftpflicht,AGT-021,2022-10-12,44.21,Active,Berlin
POL-005088,CUST-02820,Hausrat,AGT-023,2022-01-09,94.07,Active,Baden-Wuerttemberg
POL-005089,CUST-03396,Kfz,AGT-029,2023-06-10,1298.02,Active,North Rhine-Westphalia
POL-005090,CUST-00986,Hausrat,AGT-031,2024-01-29,121.18,Active,Bavaria
POL-005091,CUST-02877,Kfz,AGT-019,2024-10-09,712.18,Active,Brandenburg
POL-005092,CUST-00864,Kfz,AGT-016,2024-02-22,593.48,Active,Brandenburg
POL-005093,CUST-02338,Wohngebaeude,AGT-003,2024-04-28,439.85,Active,Brandenburg
POL-005094,CUST-01207,Haftpflicht,AGT-006,2022-04-19,84.73,Active,Lower Saxony
POL-005095,CUST-03158,Haftpflicht,AGT-017,2022-04-11,72.45,Active,Schleswig-Holstein
POL-005096,CUST-02617,Wohngebaeude,AGT-037,2022-03-26,340.94,Active,Brandenburg
POL-005097,CUST-02797,Lebensversicherung,AGT-031,2022-09-01,2423.42,Active,Berlin
POL-005098,CUST-02903,Kfz,AGT-003,2023-04-24,1332.05,Cancelled,Bremen
POL-005099,CUST-00410,Kfz,AGT-035,2022-11-08,1223.57,Active,Mecklenburg-Vorpommern
POL-005100,CUST-02331,Hausrat,AGT-011,2024-06-07,186.38,Cancelled,Baden-Wuerttemberg
POL-005101,CUST-02601,Haftpflicht,AGT-034,2024-02-10,76.9,Active,Baden-Wuerttemberg
POL-005102,CUST-03884,Hausrat,AGT-004,2022-02-25,163.37,Active,Rhineland-Palatinate
POL-005103,CUST-01635,Wohngebaeude,AGT-037,2025-02-14,368.7,Active,Bavaria
POL-005104,CUST-02745,Hausrat,AGT-023,2022-10-15,211.57,Active,Thuringia
POL-005105,CUST-01108,Kfz,AGT-005,2024-01-03,794.24,Lapsed,Berlin
POL-005106,CUST-02144,Kfz,AGT-026,2024-07-13,1078.66,Active,Mecklenburg-Vorpommern
POL-005107,CUST-00949,Kfz,AGT-033,2022-02-04,1046.74,Active,Hesse
POL-005108,CUST-01414,Kfz,AGT-040,2022-05-25,848.63,Active,Thuringia
POL-005109,CUST-00097,Kfz,AGT-013,2022-04-01,981.58,Active,Saxony-Anhalt
POL-005110,CUST-01542,Hausrat,AGT-040,2022-10-11,159.03,Active,Thuringia
POL-005111,CUST-03483,Kfz,AGT-031,2022-07-03,375.79,Active,Berlin
POL-005112,CUST-03974,Wohngebaeude,AGT-021,2023-01-13,511.25,Lapsed,Brandenburg
POL-005113,CUST-02836,Haftpflicht,AGT-020,2022-04-18,108.73,Active,Mecklenburg-Vorpommern
POL-005114,CUST-00965,Haftpflicht,AGT-036,2025-03-23,96.35,Active,Saxony-Anhalt
POL-005115,CUST-00007,Hausrat,AGT-008,2023-01-09,65.17,Cancelled,Saxony-Anhalt
POL-005116,CUST-02256,Hausrat,AGT-020,2023-09-13,207.02,Active,Hesse
POL-005117,CUST-00430,Kfz,AGT-036,2023-07-10,409.79,Lapsed,Bremen
POL-005118,CUST-00697,Kfz,AGT-007,2023-01-22,1062.45,Active,Bremen
POL-005119,CUST-00549,Haftpflicht,AGT-023,2025-06-14,88.98,Active,Rhineland-Palatinate
POL-005120,CUST-00856,Haftpflicht,AGT-012,2022-02-23,116.89,Active,Schleswig-Holstein
POL-005121,CUST-01994,Kfz,AGT-009,2022-04-17,591.03,Active,Baden-Wuerttemberg
POL-005122,CUST-03610,Kfz,AGT-039,2022-11-04,1304.56,Active,Thuringia
POL-005123,CUST-01464,Wohngebaeude,AGT-008,2024-07-06,428.71,Active,Berlin
POL-005124,CUST-02488,Haftpflicht,AGT-028,2022-04-25,79.51,Active,Berlin
POL-005125,CUST-00649,Kfz,AGT-023,2022-02-17,1186.59,Active,Mecklenburg-Vorpommern
POL-005126,CUST-00714,Haftpflicht,AGT-008,2024-12-26,89.84,Lapsed,Saarland
POL-005127,CUST-00852,Kfz,AGT-014,2022-11-25,453.59,Active,Saxony-Anhalt
POL-005128,CUST-03941,Haftpflicht,AGT-026,2025-06-29,115.76,Cancelled,Mecklenburg-Vorpommern
POL-005129,CUST-02450,Kfz,AGT-021,2025-04-02,1352.11,Lapsed,North Rhine-Westphalia
POL-005130,CUST-01217,Haftpflicht,AGT-005,2025-03-06,64.32,Active,Saarland
POL-005131,CUST-01752,Haftpflicht,AGT-013,2023-03-03,100.88,Active,Saxony
POL-005132,CUST-03153,Kfz,AGT-033,2024-05-04,1331.95,Active,Hamburg
POL-005133,CUST-02391,Wohngebaeude,AGT-023,2024-10-16,505.88,Lapsed,Thuringia
POL-005134,CUST-01318,Hausrat,AGT-008,2024-09-22,197.35,Active,Saxony-Anhalt
POL-005135,CUST-02454,Lebensversicherung,AGT-038,2022-04-18,1171.89,Active,Schleswig-Holstein
POL-005136,CUST-02400,Wohngebaeude,AGT-001,2022-05-17,269.6,Active,Hesse
POL-005137,CUST-01870,Wohngebaeude,AGT-001,2023-11-10,488.98,Active,Saxony
POL-005138,CUST-02047,Haftpflicht,AGT-040,2024-02-13,116.59,Active,North Rhine-Westphalia
POL-005139,CUST-01669,Wohngebaeude,AGT-001,2023-09-06,682.05,Active,Mecklenburg-Vorpommern
POL-005140,CUST-00130,Kfz,AGT-019,2023-01-11,879.76,Active,Hesse
POL-005141,CUST-03272,Hausrat,AGT-011,2023-11-08,60.01,Active,Saxony
POL-005142,CUST-03138,Kfz,AGT-015,2022-12-24,465.4,Active,Saxony
POL-005143,CUST-03360,Haftpflicht,AGT-025,2023-07-31,61.24,Cancelled,Hesse
POL-005144,CUST-03918,Wohngebaeude,AGT-007,2024-02-14,370.44,Lapsed,Brandenburg
POL-005145,CUST-01931,Haftpflicht,AGT-006,2023-06-24,87.21,Active,Lower Saxony
POL-005146,CUST-01130,Kfz,AGT-024,2025-05-08,1345.24,Active,Rhineland-Palatinate
POL-005147,CUST-03677,Hausrat,AGT-015,2025-01-23,119.5,Active,Brandenburg
POL-005148,CUST-03455,Haftpflicht,AGT-005,2025-05-19,94.6,Active,Saxony-Anhalt
POL-005149,CUST-02643,Kfz,AGT-039,2023-12-15,1318.36,Active,Hesse
POL-005150,CUST-01318,Kfz,AGT-006,2024-08-27,1034.89,Active,Bavaria
POL-005151,CUST-00368,Haftpflicht,AGT-032,2022-04-01,45.26,Active,Bremen
POL-005152,CUST-01177,Kfz,AGT-039,2022-05-10,478.63,Active,Berlin
POL-005153,CUST-02500,Haftpflicht,AGT-007,2022-02-22,85.16,Cancelled,North Rhine-Westphalia
POL-005154,CUST-03078,Kfz,AGT-021,2022-01-06,645.93,Active,Mecklenburg-Vorpommern
POL-005155,CUST-01853,Hausrat,AGT-018,2022-07-28,177.51,Active,Saxony-Anhalt
POL-005156,CUST-00852,Hausrat,AGT-017,2024-01-22,207.54,Lapsed,Brandenburg
POL-005157,CUST-00068,Haftpflicht,AGT-020,2023-07-13,53.44,Active,Brandenburg
POL-005158,CUST-02569,Wohngebaeude,AGT-027,2024-11-18,330.88,Active,North Rhine-Westphalia
POL-005159,CUST-01329,Wohngebaeude,AGT-022,2025-01-25,510.06,Active,Saxony-Anhalt
POL-005160,CUST-00495,Kfz,AGT-039,2023-11-17,1392.28,Active,Berlin
POL-005161,CUST-00010,Haftpflicht,AGT-029,2024-07-05,100.73,Lapsed,Mecklenburg-Vorpommern
POL-005162,CUST-02793,Hausrat,AGT-026,2022-03-02,247.52,Active,Hamburg
POL-005163,CUST-01496,Haftpflicht,AGT-007,2022-08-19,56.9,Active,Schleswig-Holstein
POL-005164,CUST-03473,Wohngebaeude,AGT-039,2025-02-13,343.49,Active,Saxony-Anhalt
POL-005165,CUST-00656,Haftpflicht,AGT-032,2024-01-17,83.05,Active,North Rhine-Westphalia
POL-005166,CUST-00539,Hausrat,AGT-009,2025-04-09,177.68,Active,Lower Saxony
POL-005167,CUST-02751,Wohngebaeude,AGT-017,2024-03-06,594.35,Active,Hamburg
POL-005168,CUST-02038,Wohngebaeude,AGT-028,2024-12-08,651.5,Active,Bavaria
POL-005169,CUST-00316,Kfz,AGT-009,2023-04-07,721.82,Active,Schleswig-Holstein
POL-005170,CUST-01572,Haftpflicht,AGT-038,2025-04-15,96.68,Active,Saarland
POL-005171,CUST-03608,Kfz,AGT-013,2023-06-19,980.95,Active,Hamburg
POL-005172,CUST-03550,Kfz,AGT-033,2024-09-03,726.45,Active,Schleswig-Holstein
POL-005173,CUST-02215,Haftpflicht,AGT-031,2022-06-24,59.42,Lapsed,Saarland
POL-005174,CUST-00363,Wohngebaeude,AGT-006,2022-08-20,592.81,Active,Rhineland-Palatinate
POL-005175,CUST-03594,Kfz,AGT-011,2024-08-27,990.61,Active,Lower Saxony
POL-005176,CUST-02579,Kfz,AGT-029,2022-12-07,639.26,Active,Bremen
POL-005177,CUST-02062,Wohngebaeude,AGT-032,2022-07-21,301.19,Active,Hamburg
POL-005178,CUST-03331,Kfz,AGT-040,2024-11-10,859.58,Active,Baden-Wuerttemberg
POL-005179,CUST-00207,Kfz,AGT-033,2022-12-19,531.31,Cancelled,Saxony
POL-005180,CUST-01204,Wohngebaeude,AGT-016,2023-09-18,397.35,Lapsed,Lower Saxony
POL-005181,CUST-03188,Hausrat,AGT-036,2024-11-20,207.5,Active,Schleswig-Holstein
POL-005182,CUST-03109,Haftpflicht,AGT-003,2024-09-01,48.91,Lapsed,Hesse
POL-005183,CUST-02422,Hausrat,AGT-002,2023-11-29,248.41,Active,Saxony
POL-005184,CUST-03133,Haftpflicht,AGT-007,2022-12-03,50.65,Active,Lower Saxony
POL-005185,CUST-03217,Haftpflicht,AGT-007,2023-04-03,108.15,Active,Saarland
POL-005186,CUST-00919,Hausrat,AGT-004,2023-03-06,108.91,Lapsed,Saarland
POL-005187,CUST-02618,Haftpflicht,AGT-006,2023-11-12,96.58,Active,Rhineland-Palatinate
POL-005188,CUST-00953,Kfz,AGT-027,2023-12-13,896.58,Active,Saxony
POL-005189,CUST-02512,Kfz,AGT-032,2023-11-17,1249.5,Active,Saxony-Anhalt
POL-005190,CUST-00379,Lebensversicherung,AGT-025,2024-04-07,686.51,Cancelled,Bavaria
POL-005191,CUST-02106,Hausrat,AGT-009,2024-05-04,91.18,Cancelled,Hesse
POL-005192,CUST-02689,Kfz,AGT-025,2024-07-25,1231.76,Active,Thuringia
POL-005193,CUST-03393,Hausrat,AGT-037,2023-03-13,133.89,Active,Rhineland-Palatinate
POL-005194,CUST-03497,Wohngebaeude,AGT-007,2023-11-13,230.68,Active,Schleswig-Holstein
POL-005195,CUST-03765,Kfz,AGT-038,2025-05-25,745.83,Active,Hesse
POL-005196,CUST-02158,Wohngebaeude,AGT-019,2022-06-19,789.3,Active,Schleswig-Holstein
POL-005197,CUST-02433,Haftpflicht,AGT-029,2025-04-10,62.24,Active,Brandenburg
POL-005198,CUST-03128,Haftpflicht,AGT-004,2022-10-28,92.7,Active,Schleswig-Holstein
POL-005199,CUST-02781,Wohngebaeude,AGT-007,2023-09-20,894.14,Active,Saxony-Anhalt
POL-005200,CUST-00008,Haftpflicht,AGT-017,2025-03-11,60.57,Lapsed,Thuringia
POL-005201,CUST-01250,Kfz,AGT-027,2023-08-04,666.11,Active,Saxony-Anhalt
POL-005202,CUST-01198,Haftpflicht,AGT-021,2024-11-24,45.46,Active,Hesse
POL-005203,CUST-02188,Hausrat,AGT-026,2024-11-13,203.68,Active,Thuringia
POL-005204,CUST-03667,Wohngebaeude,AGT-002,2025-02-21,627.26,Active,Baden-Wuerttemberg
POL-005205,CUST-00314,Haftpflicht,AGT-016,2025-02-16,63.5,Cancelled,Lower Saxony
POL-005206,CUST-02530,Kfz,AGT-032,2024-06-13,1088.05,Active,Rhineland-Palatinate
POL-005207,CUST-03668,Hausrat,AGT-009,2024-09-25,152.13,Active,Bremen
POL-005208,CUST-00621,Hausrat,AGT-011,2024-01-12,107.76,Active,Saxony
POL-005209,CUST-03490,Lebensversicherung,AGT-034,2022-01-04,1876.47,Active,Schleswig-Holstein
POL-005210,CUST-00563,Hausrat,AGT-012,2023-01-17,114.71,Active,Bremen
POL-005211,CUST-03744,Wohngebaeude,AGT-005,2022-03-31,511.18,Active,Saxony-Anhalt
POL-005212,CUST-02764,Kfz,AGT-004,2024-09-04,401.76,Lapsed,Rhineland-Palatinate
POL-005213,CUST-02475,Kfz,AGT-036,2025-05-05,1312.89,Active,Saarland
POL-005214,CUST-01528,Lebensversicherung,AGT-011,2023-03-06,797.45,Active,Bavaria
POL-005215,CUST-02623,Haftpflicht,AGT-030,2024-12-20,55.14,Active,Saxony
POL-005216,CUST-00359,Lebensversicherung,AGT-034,2023-04-09,650.06,Active,Saxony-Anhalt
POL-005217,CUST-01420,Wohngebaeude,AGT-033,2022-05-05,589.74,Active,Baden-Wuerttemberg
POL-005218,CUST-02465,Haftpflicht,AGT-040,2022-07-24,103.92,Active,Lower Saxony
POL-005219,CUST-00553,Haftpflicht,AGT-001,2025-02-21,58.81,Active,Berlin
POL-005220,CUST-03659,Kfz,AGT-021,2025-04-19,1132.47,Active,Brandenburg
POL-005221,CUST-01859,Kfz,AGT-007,2023-08-05,942.03,Active,Bremen
POL-005222,CUST-03395,Kfz,AGT-037,2022-01-26,633.91,Active,Berlin
POL-005223,CUST-00803,Kfz,AGT-003,2022-10-31,640.88,Lapsed,Baden-Wuerttemberg
POL-005224,CUST-01541,Hausrat,AGT-013,2024-07-30,102.74,Active,Brandenburg
POL-005225,CUST-02685,Hausrat,AGT-032,2022-01-08,184.96,Active,Saxony
POL-005226,CUST-03437,Kfz,AGT-037,2024-09-10,877.86,Active,Saarland
POL-005227,CUST-03707,Kfz,AGT-011,2022-10-05,437.74,Active,Hamburg
POL-005228,CUST-01243,Lebensversicherung,AGT-008,2022-06-09,409.67,Active,Saxony
POL-005229,CUST-01192,Haftpflicht,AGT-040,2022-11-30,119.71,Active,North Rhine-Westphalia
POL-005230,CUST-03337,Haftpflicht,AGT-005,2025-03-14,86.63,Active,Berlin
POL-005231,CUST-02076,Kfz,AGT-037,2025-03-04,836.69,Active,Hamburg
POL-005232,CUST-03602,Haftpflicht,AGT-035,2022-04-26,114.5,Active,Saxony-Anhalt
POL-005233,CUST-01912,Kfz,AGT-029,2022-02-12,1139.0,Active,Lower Saxony
POL-005234,CUST-01594,Hausrat,AGT-009,2022-09-16,102.23,Active,Saarland
POL-005235,CUST-00080,Haftpflicht,AGT-014,2022-02-20,118.63,Active,Hamburg
POL-005236,CUST-01279,Hausrat,AGT-016,2023-12-16,149.58,Active,Saarland
POL-005237,CUST-03513,Lebensversicherung,AGT-029,2023-04-30,1507.12,Cancelled,Baden-Wuerttemberg
POL-005238,CUST-03727,Hausrat,AGT-024,2025-01-24,111.2,Active,Mecklenburg-Vorpommern
POL-005239,CUST-00439,Kfz,AGT-012,2022-04-08,1322.18,Active,Baden-Wuerttemberg
POL-005240,CUST-03496,Haftpflicht,AGT-031,2023-01-29,72.56,Cancelled,Thuringia
POL-005241,CUST-02719,Wohngebaeude,AGT-034,2022-07-11,297.54,Cancelled,Berlin
POL-005242,CUST-01560,Lebensversicherung,AGT-010,2022-06-27,415.98,Active,Bavaria
POL-005243,CUST-02759,Haftpflicht,AGT-019,2024-02-25,102.59,Active,Saxony
POL-005244,CUST-00625,Hausrat,AGT-037,2022-11-24,224.12,Active,Brandenburg
POL-005245,CUST-03346,Wohngebaeude,AGT-018,2024-03-16,435.67,Active,Rhineland-Palatinate
POL-005246,CUST-01217,Wohngebaeude,AGT-024,2024-06-04,621.34,Active,North Rhine-Westphalia
POL-005247,CUST-03064,Kfz,AGT-019,2023-11-24,586.57,Active,Berlin
POL-005248,CUST-01851,Haftpflicht,AGT-025,2023-06-08,74.96,Active,Hesse
POL-005249,CUST-02020,Kfz,AGT-020,2024-09-13,759.33,Active,Bavaria
POL-005250,CUST-01374,Kfz,AGT-011,2023-12-30,1394.79,Active,Brandenburg
POL-005251,CUST-01475,Hausrat,AGT-039,2022-12-16,191.5,Lapsed,Schleswig-Holstein
POL-005252,CUST-02476,Lebensversicherung,AGT-029,2022-10-29,1105.69,Active,Mecklenburg-Vorpommern
POL-005253,CUST-03449,Kfz,AGT-026,2024-09-14,437.26,Active,Berlin
POL-005254,CUST-03738,Kfz,AGT-015,2024-11-13,1003.48,Active,Hamburg
POL-005255,CUST-01406,Kfz,AGT-016,2023-12-14,749.08,Lapsed,Saxony-Anhalt
POL-005256,CUST-03040,Kfz,AGT-021,2022-07-08,450.66,Active,Saxony
POL-005257,CUST-02772,Kfz,AGT-017,2022-07-11,714.66,Active,Bremen
POL-005258,CUST-01704,Hausrat,AGT-036,2022-05-05,193.71,Active,Rhineland-Palatinate
POL-005259,CUST-02059,Kfz,AGT-015,2024-01-27,1287.03,Active,Thuringia
POL-005260,CUST-03136,Kfz,AGT-040,2025-02-24,820.75,Active,Saarland
POL-005261,CUST-03777,Kfz,AGT-011,2023-12-17,1120.33,Active,North Rhine-Westphalia
POL-005262,CUST-02172,Hausrat,AGT-011,2023-09-14,100.47,Lapsed,Thuringia
POL-005263,CUST-02027,Haftpflicht,AGT-034,2023-06-08,86.82,Active,Bremen
POL-005264,CUST-01972,Haftpflicht,AGT-012,2024-06-01,112.59,Active,Rhineland-Palatinate
POL-005265,CUST-02171,Kfz,AGT-001,2024-11-13,462.34,Active,Mecklenburg-Vorpommern
POL-005266,CUST-03788,Lebensversicherung,AGT-039,2024-12-05,1784.26,Active,Lower Saxony
POL-005267,CUST-02783,Kfz,AGT-011,2025-05-18,1298.14,Lapsed,Hamburg
POL-005268,CUST-00633,Haftpflicht,AGT-030,2025-02-26,89.35,Active,Berlin
POL-005269,CUST-00035,Haftpflicht,AGT-010,2022-08-05,41.62,Active,Saxony-Anhalt
POL-005270,CUST-00303,Wohngebaeude,AGT-036,2024-02-29,333.37,Lapsed,Saxony-Anhalt
POL-005271,CUST-00742,Haftpflicht,AGT-003,2024-01-21,56.31,Active,Rhineland-Palatinate
POL-005272,CUST-00083,Haftpflicht,AGT-005,2023-03-30,94.72,Active,Hamburg
POL-005273,CUST-01976,Kfz,AGT-011,2022-08-10,1002.87,Active,Brandenburg
POL-005274,CUST-02020,Kfz,AGT-021,2022-04-28,571.89,Active,Bavaria
POL-005275,CUST-02991,Haftpflicht,AGT-034,2023-03-31,52.3,Lapsed,Schleswig-Holstein
POL-005276,CUST-03410,Kfz,AGT-013,2022-07-07,828.86,Lapsed,Rhineland-Palatinate
POL-005277,CUST-01884,Lebensversicherung,AGT-007,2024-09-19,361.51,Active,Hamburg
POL-005278,CUST-01906,Wohngebaeude,AGT-031,2025-04-25,239.95,Lapsed,Rhineland-Palatinate
POL-005279,CUST-03285,Haftpflicht,AGT-037,2022-08-05,117.98,Lapsed,Bremen
POL-005280,CUST-01695,Kfz,AGT-004,2022-12-13,864.86,Active,Bavaria
POL-005281,CUST-03338,Lebensversicherung,AGT-029,2025-06-01,2306.63,Active,North Rhine-Westphalia
POL-005282,CUST-02104,Kfz,AGT-014,2024-08-04,407.8,Active,Mecklenburg-Vorpommern
POL-005283,CUST-01548,Haftpflicht,AGT-007,2022-05-27,83.53,Active,Thuringia
POL-005284,CUST-02047,Wohngebaeude,AGT-004,2024-07-18,228.71,Lapsed,Lower Saxony
POL-005285,CUST-00543,Kfz,AGT-008,2022-11-03,1137.81,Active,Mecklenburg-Vorpommern
POL-005286,CUST-03867,Haftpflicht,AGT-040,2023-03-23,109.92,Active,Lower Saxony
POL-005287,CUST-03959,Wohngebaeude,AGT-005,2022-03-15,285.33,Active,Baden-Wuerttemberg
POL-005288,CUST-01101,Hausrat,AGT-038,2025-03-05,97.23,Active,Mecklenburg-Vorpommern
POL-005289,CUST-03691,Wohngebaeude,AGT-031,2024-06-12,631.2,Lapsed,North Rhine-Westphalia
POL-005290,CUST-01249,Wohngebaeude,AGT-006,2022-08-14,397.13,Active,Hamburg
POL-005291,CUST-03047,Kfz,AGT-010,2023-01-03,936.57,Active,Mecklenburg-Vorpommern
POL-005292,CUST-03757,Kfz,AGT-038,2022-10-04,1307.71,Cancelled,Mecklenburg-Vorpommern
POL-005293,CUST-00258,Kfz,AGT-032,2024-07-02,503.15,Active,Hesse
POL-005294,CUST-03223,Wohngebaeude,AGT-039,2023-06-03,797.66,Active,Thuringia
POL-005295,CUST-03783,Kfz,AGT-011,2022-11-18,1091.41,Lapsed,Baden-Wuerttemberg
POL-005296,CUST-03416,Wohngebaeude,AGT-017,2022-10-18,841.15,Active,North Rhine-Westphalia
POL-005297,CUST-02531,Kfz,AGT-022,2024-08-13,1344.91,Active,Saxony
POL-005298,CUST-00567,Kfz,AGT-027,2023-05-31,1033.39,Active,Saxony-Anhalt
POL-005299,CUST-02578,Kfz,AGT-021,2022-08-25,1042.44,Active,Bremen
POL-005300,CUST-03940,Haftpflicht,AGT-013,2022-09-13,107.51,Active,Hesse
POL-005301,CUST-02522,Kfz,AGT-009,2022-07-04,1074.72,Active,Lower Saxony
POL-005302,CUST-03407,Hausrat,AGT-030,2024-04-30,145.43,Active,Saxony
POL-005303,CUST-02044,Kfz,AGT-013,2024-09-28,932.37,Active,North Rhine-Westphalia
POL-005304,CUST-00944,Lebensversicherung,AGT-003,2023-09-05,1646.71,Active,Mecklenburg-Vorpommern
POL-005305,CUST-01790,Haftpflicht,AGT-012,2024-07-08,100.61,Active,North Rhine-Westphalia
POL-005306,CUST-03873,Hausrat,AGT-020,2025-05-31,221.31,Lapsed,Baden-Wuerttemberg
POL-005307,CUST-02928,Wohngebaeude,AGT-032,2022-03-27,379.91,Active,Hamburg
POL-005308,CUST-01053,Kfz,AGT-021,2025-05-04,694.03,Active,Schleswig-Holstein
POL-005309,CUST-01892,Hausrat,AGT-008,2024-04-13,125.39,Active,Bremen
POL-005310,CUST-01908,Kfz,AGT-033,2023-02-09,617.4,Active,Berlin
POL-005311,CUST-03478,Hausrat,AGT-030,2022-12-24,159.01,Active,Hesse
POL-005312,CUST-03144,Lebensversicherung,AGT-025,2022-12-22,2072.81,Active,Thuringia
POL-005313,CUST-00525,Kfz,AGT-032,2024-12-30,1013.15,Lapsed,Brandenburg
POL-005314,CUST-01127,Lebensversicherung,AGT-004,2023-09-18,1054.08,Active,Bavaria
POL-005315,CUST-03481,Hausrat,AGT-020,2022-11-15,182.21,Active,Hamburg
POL-005316,CUST-03683,Kfz,AGT-013,2025-02-27,658.58,Active,Saxony
POL-005317,CUST-01020,Lebensversicherung,AGT-020,2023-03-17,600.19,Lapsed,Thuringia
POL-005318,CUST-01709,Hausrat,AGT-033,2023-03-24,126.33,Lapsed,Hesse
POL-005319,CUST-03008,Hausrat,AGT-027,2024-12-08,173.75,Lapsed,Saarland
POL-005320,CUST-02599,Hausrat,AGT-010,2023-09-14,174.91,Active,Rhineland-Palatinate
POL-005321,CUST-00464,Wohngebaeude,AGT-013,2025-06-13,583.03,Active,Bremen
POL-005322,CUST-00320,Hausrat,AGT-024,2022-05-30,210.54,Active,Saarland
POL-005323,CUST-03591,Lebensversicherung,AGT-006,2022-07-23,2311.29,Active,Baden-Wuerttemberg
POL-005324,CUST-01559,Haftpflicht,AGT-010,2024-12-18,48.64,Active,Saxony-Anhalt
POL-005325,CUST-00301,Kfz,AGT-008,2023-07-14,518.48,Active,Bremen
POL-005326,CUST-02363,Wohngebaeude,AGT-005,2024-04-09,436.51,Active,Bremen
POL-005327,CUST-03634,Wohngebaeude,AGT-029,2024-01-17,215.88,Lapsed,Hesse
POL-005328,CUST-02686,Kfz,AGT-039,2024-01-30,417.57,Active,Baden-Wuerttemberg
POL-005329,CUST-01208,Kfz,AGT-015,2025-03-30,1247.71,Active,Hesse
POL-005330,CUST-00058,Haftpflicht,AGT-025,2023-04-07,51.07,Active,Brandenburg
POL-005331,CUST-02268,Kfz,AGT-001,2024-04-25,1009.93,Lapsed,Saxony
POL-005332,CUST-03569,Haftpflicht,AGT-026,2023-02-09,114.74,Lapsed,Hamburg
POL-005333,CUST-01010,Hausrat,AGT-006,2022-07-25,76.67,Active,Bremen
POL-005334,CUST-03495,Kfz,AGT-031,2025-05-07,878.09,Cancelled,Schleswig-Holstein
POL-005335,CUST-03667,Kfz,AGT-019,2023-01-16,803.47,Active,Rhineland-Palatinate
POL-005336,CUST-03281,Kfz,AGT-017,2024-02-10,1053.78,Active,Lower Saxony
POL-005337,CUST-00827,Kfz,AGT-033,2023-02-12,881.52,Lapsed,Baden-Wuerttemberg
POL-005338,CUST-00551,Haftpflicht,AGT-035,2023-09-08,96.69,Active,Thuringia
POL-005339,CUST-01165,Wohngebaeude,AGT-031,2022-04-15,449.03,Active,Brandenburg
POL-005340,CUST-02082,Haftpflicht,AGT-038,2023-11-20,50.69,Active,Saxony
POL-005341,CUST-01877,Hausrat,AGT-037,2023-11-15,215.2,Active,Saxony
POL-005342,CUST-02835,Kfz,AGT-019,2023-08-13,706.86,Active,Schleswig-Holstein
POL-005343,CUST-01230,Kfz,AGT-038,2022-02-13,359.9,Active,Lower Saxony
POL-005344,CUST-01318,Kfz,AGT-018,2024-08-27,817.8,Active,North Rhine-Westphalia
POL-005345,CUST-02239,Hausrat,AGT-025,2024-06-20,193.66,Active,Hesse
POL-005346,CUST-03480,Lebensversicherung,AGT-014,2024-06-01,1608.02,Active,Thuringia
POL-005347,CUST-02752,Wohngebaeude,AGT-009,2022-01-18,222.77,Active,Saxony-Anhalt
POL-005348,CUST-02699,Lebensversicherung,AGT-012,2025-05-03,1036.28,Lapsed,Saxony-Anhalt
POL-005349,CUST-03369,Haftpflicht,AGT-032,2023-02-27,76.35,Active,Berlin
POL-005350,CUST-01484,Kfz,AGT-034,2024-01-05,516.02,Active,Saarland
POL-005351,CUST-00390,Wohngebaeude,AGT-008,2022-09-09,354.62,Active,Saxony-Anhalt
POL-005352,CUST-01495,Kfz,AGT-036,2023-05-02,1050.39,Active,Hesse
POL-005353,CUST-00510,Wohngebaeude,AGT-022,2025-02-27,642.38,Active,Hamburg
POL-005354,CUST-02030,Haftpflicht,AGT-036,2023-09-30,57.62,Active,Bremen
POL-005355,CUST-02803,Lebensversicherung,AGT-039,2023-04-19,1012.05,Active,Baden-Wuerttemberg
POL-005356,CUST-01142,Wohngebaeude,AGT-035,2023-12-18,748.42,Lapsed,Saxony
POL-005357,CUST-01983,Kfz,AGT-014,2022-11-22,1107.66,Active,Schleswig-Holstein
POL-005358,CUST-01764,Kfz,AGT-006,2023-02-18,1248.41,Active,Bavaria
POL-005359,CUST-02251,Hausrat,AGT-027,2025-06-16,86.83,Active,Saarland
POL-005360,CUST-01934,Haftpflicht,AGT-031,2022-11-10,93.33,Active,Thuringia
POL-005361,CUST-00194,Kfz,AGT-038,2024-06-19,1179.69,Active,Saxony-Anhalt
POL-005362,CUST-02429,Kfz,AGT-007,2024-02-26,744.28,Active,Hesse
POL-005363,CUST-03504,Lebensversicherung,AGT-026,2025-01-24,990.2,Active,Schleswig-Holstein
POL-005364,CUST-02343,Kfz,AGT-016,2024-05-10,649.92,Active,Baden-Wuerttemberg
POL-005365,CUST-02898,Kfz,AGT-035,2024-02-21,1144.62,Active,Bavaria
POL-005366,CUST-00170,Kfz,AGT-026,2022-09-14,454.35,Active,Bavaria
POL-005367,CUST-00946,Hausrat,AGT-024,2024-04-17,107.47,Active,Thuringia
POL-005368,CUST-00365,Wohngebaeude,AGT-028,2022-10-24,616.29,Lapsed,Mecklenburg-Vorpommern
POL-005369,CUST-03010,Kfz,AGT-016,2022-05-07,1228.35,Lapsed,Bremen
POL-005370,CUST-02792,Kfz,AGT-021,2023-08-19,886.73,Cancelled,Brandenburg
POL-005371,CUST-01902,Lebensversicherung,AGT-019,2023-02-12,365.24,Lapsed,Bremen
POL-005372,CUST-00497,Hausrat,AGT-019,2024-08-18,234.85,Lapsed,Saxony-Anhalt
POL-005373,CUST-01645,Wohngebaeude,AGT-016,2024-10-23,346.98,Active,Saxony
POL-005374,CUST-03898,Wohngebaeude,AGT-016,2023-03-31,801.55,Active,Berlin
POL-005375,CUST-01898,Kfz,AGT-033,2024-07-24,1121.33,Lapsed,Mecklenburg-Vorpommern
POL-005376,CUST-00766,Wohngebaeude,AGT-022,2024-07-17,899.74,Active,Mecklenburg-Vorpommern
POL-005377,CUST-02358,Haftpflicht,AGT-023,2022-04-02,114.91,Active,Saxony-Anhalt
POL-005378,CUST-00194,Hausrat,AGT-027,2024-05-23,75.56,Active,Hamburg
POL-005379,CUST-03127,Haftpflicht,AGT-017,2023-03-05,50.88,Active,Lower Saxony
POL-005380,CUST-02755,Hausrat,AGT-018,2023-06-16,72.18,Active,Schleswig-Holstein
POL-005381,CUST-02109,Kfz,AGT-014,2024-06-11,896.41,Active,Mecklenburg-Vorpommern
POL-005382,CUST-02262,Kfz,AGT-010,2022-01-11,1275.96,Active,Saarland
POL-005383,CUST-02259,Kfz,AGT-008,2023-03-20,907.72,Active,Hesse
POL-005384,CUST-02427,Haftpflicht,AGT-037,2025-03-05,47.61,Lapsed,Lower Saxony
POL-005385,CUST-02474,Lebensversicherung,AGT-009,2024-12-30,1351.32,Active,Thuringia
POL-005386,CUST-01907,Kfz,AGT-024,2024-12-10,1352.85,Active,Bavaria
POL-005387,CUST-01766,Kfz,AGT-029,2022-03-07,1363.48,Active,Thuringia
POL-005388,CUST-01255,Hausrat,AGT-039,2022-09-16,138.18,Lapsed,Thuringia
POL-005389,CUST-00689,Kfz,AGT-033,2024-11-27,995.41,Active,Mecklenburg-Vorpommern
POL-005390,CUST-00330,Wohngebaeude,AGT-032,2023-11-22,755.54,Cancelled,Berlin
POL-005391,CUST-03145,Kfz,AGT-030,2022-06-20,1238.04,Lapsed,Rhineland-Palatinate
POL-005392,CUST-03979,Kfz,AGT-032,2023-10-30,494.5,Active,Hamburg
POL-005393,CUST-01012,Wohngebaeude,AGT-032,2023-12-07,439.88,Active,Saxony-Anhalt
POL-005394,CUST-01313,Kfz,AGT-028,2024-11-28,1272.05,Active,Hamburg
POL-005395,CUST-00879,Hausrat,AGT-039,2023-11-23,80.95,Active,Saxony
POL-005396,CUST-02840,Haftpflicht,AGT-013,2023-11-07,60.15,Active,Baden-Wuerttemberg
POL-005397,CUST-00960,Wohngebaeude,AGT-022,2023-02-04,401.13,Active,Berlin
POL-005398,CUST-01275,Kfz,AGT-038,2022-01-26,1099.29,Active,Bremen
POL-005399,CUST-01212,Kfz,AGT-028,2023-09-10,1028.01,Active,Brandenburg
POL-005400,CUST-02111,Hausrat,AGT-032,2025-01-08,87.06,Active,Saxony
POL-005401,CUST-03709,Kfz,AGT-021,2022-09-18,1289.0,Active,Saarland
POL-005402,CUST-03686,Lebensversicherung,AGT-023,2023-07-27,2107.11,Active,Baden-Wuerttemberg
POL-005403,CUST-02726,Kfz,AGT-025,2023-03-02,675.86,Active,Hamburg
POL-005404,CUST-03768,Kfz,AGT-028,2024-05-06,1000.64,Active,Rhineland-Palatinate
POL-005405,CUST-03624,Haftpflicht,AGT-032,2023-06-30,63.45,Active,Brandenburg
POL-005406,CUST-02627,Kfz,AGT-034,2023-11-27,1131.48,Lapsed,Rhineland-Palatinate
POL-005407,CUST-01510,Kfz,AGT-030,2022-06-28,376.79,Lapsed,Hesse
POL-005408,CUST-01727,Hausrat,AGT-025,2025-06-25,239.42,Active,Saxony
POL-005409,CUST-03351,Lebensversicherung,AGT-032,2022-03-29,2228.74,Active,Rhineland-Palatinate
POL-005410,CUST-01540,Wohngebaeude,AGT-029,2023-04-23,349.8,Lapsed,Saarland
POL-005411,CUST-00138,Haftpflicht,AGT-036,2023-09-30,107.75,Active,Saarland
POL-005412,CUST-02887,Wohngebaeude,AGT-004,2022-08-18,563.84,Lapsed,Berlin
POL-005413,CUST-03014,Hausrat,AGT-016,2023-07-18,66.68,Active,Saxony
POL-005414,CUST-01990,Haftpflicht,AGT-013,2022-08-21,113.56,Active,Hesse
POL-005415,CUST-02722,Wohngebaeude,AGT-001,2022-04-19,347.82,Active,Mecklenburg-Vorpommern
POL-005416,CUST-00396,Kfz,AGT-033,2024-06-11,1087.44,Cancelled,Saarland
POL-005417,CUST-03711,Haftpflicht,AGT-040,2024-11-06,79.87,Active,Brandenburg
POL-005418,CUST-02971,Kfz,AGT-032,2024-10-22,1007.01,Active,Saxony-Anhalt
POL-005419,CUST-00406,Haftpflicht,AGT-019,2025-04-04,78.17,Lapsed,Baden-Wuerttemberg
POL-005420,CUST-01707,Haftpflicht,AGT-005,2025-05-17,107.41,Active,North Rhine-Westphalia
POL-005421,CUST-03851,Lebensversicherung,AGT-012,2025-04-21,1858.64,Lapsed,Saxony-Anhalt
POL-005422,CUST-03944,Kfz,AGT-014,2025-01-08,1253.32,Cancelled,Saarland
POL-005423,CUST-03509,Hausrat,AGT-028,2024-03-25,134.57,Active,Brandenburg
POL-005424,CUST-03859,Kfz,AGT-025,2022-02-12,590.43,Cancelled,Thuringia
POL-005425,CUST-03598,Kfz,AGT-021,2023-04-13,1395.84,Lapsed,Schleswig-Holstein
POL-005426,CUST-00162,Kfz,AGT-029,2023-07-13,1142.65,Cancelled,Saxony-Anhalt
POL-005427,CUST-00729,Wohngebaeude,AGT-037,2023-04-02,351.2,Active,Saxony-Anhalt
POL-005428,CUST-02583,Haftpflicht,AGT-037,2022-04-19,59.9,Active,Baden-Wuerttemberg
POL-005429,CUST-03992,Lebensversicherung,AGT-037,2025-01-10,895.04,Active,Saarland
POL-005430,CUST-03920,Kfz,AGT-028,2023-10-12,566.31,Active,Mecklenburg-Vorpommern
POL-005431,CUST-02011,Kfz,AGT-025,2025-03-08,821.08,Active,Berlin
POL-005432,CUST-00280,Kfz,AGT-018,2023-10-20,774.23,Active,Lower Saxony
POL-005433,CUST-03753,Kfz,AGT-033,2023-02-09,1331.23,Active,Brandenburg
POL-005434,CUST-02922,Haftpflicht,AGT-024,2025-03-26,109.42,Active,Baden-Wuerttemberg
POL-005435,CUST-03138,Kfz,AGT-022,2022-04-14,383.48,Active,North Rhine-Westphalia
POL-005436,CUST-01146,Kfz,AGT-007,2022-03-02,1261.03,Cancelled,Bremen
POL-005437,CUST-00751,Kfz,AGT-016,2024-04-08,1102.21,Lapsed,Rhineland-Palatinate
POL-005438,CUST-02595,Kfz,AGT-010,2023-02-23,663.89,Active,Brandenburg
POL-005439,CUST-02100,Wohngebaeude,AGT-037,2024-06-19,286.74,Lapsed,Mecklenburg-Vorpommern
POL-005440,CUST-03210,Kfz,AGT-031,2022-06-03,1147.63,Active,Brandenburg
POL-005441,CUST-00144,Hausrat,AGT-007,2025-06-02,93.75,Active,Saarland
POL-005442,CUST-00332,Wohngebaeude,AGT-022,2025-01-14,736.87,Lapsed,Saarland
POL-005443,CUST-02009,Hausrat,AGT-037,2022-02-10,199.09,Active,Baden-Wuerttemberg
POL-005444,CUST-02714,Kfz,AGT-018,2023-07-15,1071.8,Active,Baden-Wuerttemberg
POL-005445,CUST-03989,Hausrat,AGT-021,2024-05-09,192.83,Active,Mecklenburg-Vorpommern
POL-005446,CUST-01438,Haftpflicht,AGT-031,2024-09-12,47.35,Active,Hamburg
POL-005447,CUST-01776,Kfz,AGT-033,2024-12-24,1296.82,Active,Berlin
POL-005448,CUST-01838,Haftpflicht,AGT-030,2024-02-01,95.7,Active,Bremen
POL-005449,CUST-02338,Kfz,AGT-013,2022-05-15,953.98,Lapsed,Baden-Wuerttemberg
POL-005450,CUST-03534,Haftpflicht,AGT-032,2024-09-06,40.08,Active,Bavaria
POL-005451,CUST-01737,Kfz,AGT-011,2024-06-17,956.29,Active,Brandenburg
POL-005452,CUST-03473,Kfz,AGT-019,2024-06-25,881.06,Cancelled,Bavaria
POL-005453,CUST-02233,Hausrat,AGT-032,2022-01-22,101.69,Active,North Rhine-Westphalia
POL-005454,CUST-03898,Haftpflicht,AGT-022,2023-08-11,73.89,Lapsed,Brandenburg
POL-005455,CUST-03504,Hausrat,AGT-035,2022-06-29,185.15,Active,Brandenburg
POL-005456,CUST-01114,Hausrat,AGT-039,2024-11-12,152.45,Active,Saxony
POL-005457,CUST-01549,Kfz,AGT-036,2025-04-05,498.28,Lapsed,Mecklenburg-Vorpommern
POL-005458,CUST-00848,Haftpflicht,AGT-031,2022-02-22,91.85,Active,Saarland
POL-005459,CUST-02889,Haftpflicht,AGT-025,2023-08-11,66.21,Lapsed,Berlin
POL-005460,CUST-03905,Kfz,AGT-027,2022-10-21,623.69,Active,Bavaria
POL-005461,CUST-00615,Wohngebaeude,AGT-012,2022-08-17,355.75,Active,Bremen
POL-005462,CUST-00671,Haftpflicht,AGT-027,2023-06-14,46.08,Active,Rhineland-Palatinate
POL-005463,CUST-00013,Hausrat,AGT-037,2024-02-04,198.87,Active,Thuringia
POL-005464,CUST-01174,Haftpflicht,AGT-037,2024-06-27,58.59,Active,Hamburg
POL-005465,CUST-01038,Haftpflicht,AGT-032,2022-10-25,104.64,Active,Bavaria
POL-005466,CUST-02787,Kfz,AGT-033,2025-02-11,509.83,Active,Baden-Wuerttemberg
POL-005467,CUST-02153,Kfz,AGT-034,2022-10-23,617.82,Active,Hamburg
POL-005468,CUST-00981,Kfz,AGT-039,2024-07-30,1038.0,Active,Mecklenburg-Vorpommern
POL-005469,CUST-03578,Hausrat,AGT-015,2025-05-20,106.48,Active,Berlin
POL-005470,CUST-02159,Kfz,AGT-029,2023-02-05,1110.67,Lapsed,Berlin
POL-005471,CUST-03240,Haftpflicht,AGT-034,2024-03-27,81.76,Active,Lower Saxony
POL-005472,CUST-02949,Lebensversicherung,AGT-028,2023-03-07,1526.03,Cancelled,Lower Saxony
POL-005473,CUST-03043,Wohngebaeude,AGT-010,2024-02-15,444.01,Active,North Rhine-Westphalia
POL-005474,CUST-02588,Haftpflicht,AGT-040,2025-05-20,106.7,Active,Saarland
POL-005475,CUST-02375,Kfz,AGT-039,2024-01-08,489.72,Active,Mecklenburg-Vorpommern
POL-005476,CUST-02445,Lebensversicherung,AGT-026,2023-06-08,2331.88,Active,Berlin
POL-005477,CUST-03723,Lebensversicherung,AGT-040,2023-08-16,688.32,Active,North Rhine-Westphalia
POL-005478,CUST-02948,Haftpflicht,AGT-010,2024-08-07,52.32,Active,Hamburg
POL-005479,CUST-01842,Kfz,AGT-026,2022-06-30,1293.17,Active,Bremen
POL-005480,CUST-03940,Wohngebaeude,AGT-029,2025-01-07,797.36,Active,Rhineland-Palatinate
POL-005481,CUST-00277,Hausrat,AGT-039,2024-09-14,74.29,Active,Bremen
POL-005482,CUST-03225,Kfz,AGT-037,2024-05-31,876.45,Lapsed,Rhineland-Palatinate
POL-005483,CUST-01991,Kfz,AGT-018,2024-01-11,576.31,Active,Hamburg
POL-005484,CUST-00481,Kfz,AGT-004,2023-06-09,497.3,Active,Rhineland-Palatinate
POL-005485,CUST-02041,Kfz,AGT-013,2025-02-12,1077.57,Active,Lower Saxony
POL-005486,CUST-00455,Haftpflicht,AGT-040,2023-07-15,102.39,Active,Hamburg
POL-005487,CUST-02377,Hausrat,AGT-020,2022-06-16,100.18,Active,Rhineland-Palatinate
POL-005488,CUST-01914,Lebensversicherung,AGT-026,2024-08-25,701.47,Lapsed,Saxony-Anhalt
POL-005489,CUST-02706,Haftpflicht,AGT-034,2022-10-29,104.64,Active,Bavaria
POL-005490,CUST-02896,Haftpflicht,AGT-020,2025-02-06,114.3,Lapsed,Saxony-Anhalt
POL-005491,CUST-02548,Haftpflicht,AGT-038,2022-01-17,42.16,Lapsed,Hamburg
POL-005492,CUST-02857,Haftpflicht,AGT-018,2025-03-10,52.88,Active,Thuringia
POL-005493,CUST-01095,Hausrat,AGT-040,2023-11-01,72.31,Active,Bremen
POL-005494,CUST-01998,Hausrat,AGT-024,2023-12-08,196.96,Active,Brandenburg
POL-005495,CUST-01564,Lebensversicherung,AGT-019,2023-10-21,816.67,Active,Mecklenburg-Vorpommern
POL-005496,CUST-02956,Kfz,AGT-037,2022-05-06,861.69,Active,Bremen
POL-005497,CUST-02858,Haftpflicht,AGT-028,2022-11-03,52.86,Active,Mecklenburg-Vorpommern
POL-005498,CUST-01327,Hausrat,AGT-016,2022-06-23,203.68,Active,North Rhine-Westphalia
POL-005499,CUST-01886,Kfz,AGT-024,2024-10-14,361.66,Active,Saarland
POL-005500,CUST-03658,Wohngebaeude,AGT-028,2025-06-06,529.26,Active,Rhineland-Palatinate
POL-005501,CUST-00444,Wohngebaeude,AGT-017,2022-03-21,827.98,Active,Mecklenburg-Vorpommern
POL-005502,CUST-01782,Hausrat,AGT-034,2022-01-21,82.23,Lapsed,Baden-Wuerttemberg
POL-005503,CUST-03574,Kfz,AGT-001,2022-03-18,872.86,Active,Mecklenburg-Vorpommern
POL-005504,CUST-03895,Hausrat,AGT-023,2025-06-19,189.98,Active,Saxony-Anhalt
POL-005505,CUST-03661,Lebensversicherung,AGT-011,2023-03-25,2206.57,Lapsed,Schleswig-Holstein
POL-005506,CUST-01388,Kfz,AGT-012,2023-12-30,1341.05,Active,Hesse
POL-005507,CUST-01267,Kfz,AGT-018,2025-01-02,1384.89,Active,Berlin
POL-005508,CUST-02687,Hausrat,AGT-006,2025-03-17,169.17,Lapsed,Mecklenburg-Vorpommern
POL-005509,CUST-00213,Haftpflicht,AGT-016,2023-02-12,56.69,Active,Thuringia
POL-005510,CUST-00171,Haftpflicht,AGT-031,2023-11-01,86.98,Active,Hamburg
POL-005511,CUST-01767,Haftpflicht,AGT-014,2022-05-14,41.04,Active,Lower Saxony
POL-005512,CUST-02126,Hausrat,AGT-032,2022-05-11,213.49,Active,Lower Saxony
POL-005513,CUST-02814,Kfz,AGT-025,2023-01-26,1380.58,Active,Rhineland-Palatinate
POL-005514,CUST-01287,Wohngebaeude,AGT-009,2022-10-25,248.47,Active,Mecklenburg-Vorpommern
POL-005515,CUST-00961,Kfz,AGT-001,2025-03-26,1359.86,Lapsed,Saxony
POL-005516,CUST-00307,Haftpflicht,AGT-033,2022-04-26,68.85,Active,Thuringia
POL-005517,CUST-00778,Haftpflicht,AGT-007,2022-04-17,84.77,Active,Hesse
POL-005518,CUST-02989,Hausrat,AGT-035,2022-04-20,109.91,Active,Hamburg
POL-005519,CUST-00279,Kfz,AGT-036,2025-06-09,1332.53,Cancelled,Schleswig-Holstein
POL-005520,CUST-02227,Lebensversicherung,AGT-028,2025-05-01,2222.56,Active,Brandenburg
POL-005521,CUST-03705,Haftpflicht,AGT-032,2025-06-28,101.66,Active,North Rhine-Westphalia
POL-005522,CUST-01874,Hausrat,AGT-020,2024-02-03,108.16,Active,North Rhine-Westphalia
POL-005523,CUST-00113,Kfz,AGT-004,2024-02-19,510.83,Lapsed,Mecklenburg-Vorpommern
POL-005524,CUST-01265,Lebensversicherung,AGT-018,2025-04-11,1727.2,Active,Lower Saxony
POL-005525,CUST-03644,Haftpflicht,AGT-015,2022-07-19,51.08,Lapsed,North Rhine-Westphalia
POL-005526,CUST-01773,Haftpflicht,AGT-004,2024-02-07,108.78,Lapsed,Saxony-Anhalt
POL-005527,CUST-03418,Kfz,AGT-033,2023-12-16,998.45,Lapsed,Saxony-Anhalt
POL-005528,CUST-02203,Hausrat,AGT-037,2024-05-26,122.67,Active,Saarland
POL-005529,CUST-03796,Haftpflicht,AGT-039,2023-05-25,86.69,Active,Schleswig-Holstein
POL-005530,CUST-03455,Kfz,AGT-038,2022-11-08,1270.16,Active,Berlin
POL-005531,CUST-03239,Kfz,AGT-037,2022-11-09,436.78,Active,Mecklenburg-Vorpommern
POL-005532,CUST-00111,Wohngebaeude,AGT-009,2022-02-07,614.74,Active,Schleswig-Holstein
POL-005533,CUST-02768,Haftpflicht,AGT-015,2023-09-24,54.98,Active,Lower Saxony
POL-005534,CUST-01790,Kfz,AGT-027,2025-04-04,401.64,Active,Hesse
POL-005535,CUST-02591,Kfz,AGT-036,2024-07-10,551.75,Active,Rhineland-Palatinate
POL-005536,CUST-03712,Lebensversicherung,AGT-035,2023-05-26,316.36,Active,Schleswig-Holstein
POL-005537,CUST-02188,Haftpflicht,AGT-001,2022-11-29,59.99,Active,Mecklenburg-Vorpommern
POL-005538,CUST-00741,Kfz,AGT-033,2023-02-06,1124.7,Active,Hesse
POL-005539,CUST-03951,Wohngebaeude,AGT-036,2024-05-03,423.92,Active,North Rhine-Westphalia
POL-005540,CUST-00167,Hausrat,AGT-003,2023-11-15,234.83,Active,Saxony-Anhalt
POL-005541,CUST-03772,Wohngebaeude,AGT-014,2025-03-25,660.32,Active,Thuringia
POL-005542,CUST-00218,Haftpflicht,AGT-006,2024-02-02,109.21,Lapsed,Schleswig-Holstein
POL-005543,CUST-03057,Kfz,AGT-022,2025-01-18,1386.85,Active,Lower Saxony
POL-005544,CUST-01860,Haftpflicht,AGT-040,2022-04-12,116.91,Cancelled,Schleswig-Holstein
POL-005545,CUST-03605,Hausrat,AGT-034,2022-08-07,211.83,Cancelled,Lower Saxony
POL-005546,CUST-01111,Kfz,AGT-028,2022-08-22,1352.93,Active,Thuringia
POL-005547,CUST-00016,Kfz,AGT-027,2024-07-19,447.86,Lapsed,Hamburg
POL-005548,CUST-02197,Wohngebaeude,AGT-036,2024-03-21,473.62,Active,Thuringia
POL-005549,CUST-02597,Hausrat,AGT-026,2023-04-27,207.68,Active,Saarland
POL-005550,CUST-03644,Haftpflicht,AGT-023,2024-01-09,88.36,Active,North Rhine-Westphalia
POL-005551,CUST-03780,Kfz,AGT-009,2023-04-14,639.31,Active,Lower Saxony
POL-005552,CUST-01758,Wohngebaeude,AGT-018,2023-01-06,329.18,Active,Brandenburg
POL-005553,CUST-01606,Hausrat,AGT-007,2022-08-09,160.03,Active,Saxony
POL-005554,CUST-02918,Haftpflicht,AGT-022,2023-04-24,72.31,Active,North Rhine-Westphalia
POL-005555,CUST-02697,Hausrat,AGT-024,2023-02-28,98.15,Active,Berlin
POL-005556,CUST-00466,Kfz,AGT-007,2023-02-08,712.78,Cancelled,Bavaria
POL-005557,CUST-00769,Kfz,AGT-020,2024-11-03,654.01,Active,Berlin
POL-005558,CUST-02542,Haftpflicht,AGT-008,2022-12-26,58.13,Active,Mecklenburg-Vorpommern
POL-005559,CUST-03610,Kfz,AGT-011,2024-04-14,935.44,Active,Thuringia
POL-005560,CUST-03822,Hausrat,AGT-018,2024-12-06,247.94,Active,Lower Saxony
POL-005561,CUST-02789,Kfz,AGT-032,2023-10-06,1081.03,Active,Bremen
POL-005562,CUST-01850,Kfz,AGT-013,2023-07-15,378.99,Active,Hesse
POL-005563,CUST-01996,Haftpflicht,AGT-023,2024-05-09,48.35,Active,Bremen
POL-005564,CUST-00228,Haftpflicht,AGT-025,2025-03-16,104.8,Active,Rhineland-Palatinate
POL-005565,CUST-00510,Hausrat,AGT-006,2023-06-22,88.37,Active,Thuringia
POL-005566,CUST-03678,Kfz,AGT-009,2023-10-04,431.82,Active,Saxony-Anhalt
POL-005567,CUST-00971,Lebensversicherung,AGT-020,2024-11-18,2408.02,Active,Bavaria
POL-005568,CUST-00357,Kfz,AGT-029,2024-05-22,1237.14,Active,Mecklenburg-Vorpommern
POL-005569,CUST-01333,Kfz,AGT-014,2022-08-29,669.5,Cancelled,Saarland
POL-005570,CUST-00083,Hausrat,AGT-007,2023-12-17,220.2,Lapsed,Mecklenburg-Vorpommern
POL-005571,CUST-02758,Hausrat,AGT-007,2023-07-20,142.72,Active,Brandenburg
POL-005572,CUST-00934,Lebensversicherung,AGT-013,2023-12-20,2238.4,Active,Schleswig-Holstein
POL-005573,CUST-01095,Kfz,AGT-005,2025-06-21,443.06,Active,Baden-Wuerttemberg
POL-005574,CUST-02351,Kfz,AGT-024,2022-01-12,861.31,Active,Lower Saxony
POL-005575,CUST-00417,Hausrat,AGT-020,2023-09-05,231.69,Active,Lower Saxony
POL-005576,CUST-03174,Kfz,AGT-013,2024-01-06,693.24,Active,Berlin
POL-005577,CUST-01913,Haftpflicht,AGT-012,2022-03-16,116.46,Active,Hamburg
POL-005578,CUST-01054,Hausrat,AGT-016,2024-11-25,69.43,Lapsed,Baden-Wuerttemberg
POL-005579,CUST-00574,Haftpflicht,AGT-030,2025-01-12,64.87,Active,Berlin
POL-005580,CUST-02475,Hausrat,AGT-003,2022-02-17,216.4,Active,Bavaria
POL-005581,CUST-01395,Wohngebaeude,AGT-001,2024-02-28,392.83,Active,Bavaria
POL-005582,CUST-02922,Haftpflicht,AGT-008,2022-01-06,60.94,Active,North Rhine-Westphalia
POL-005583,CUST-00865,Haftpflicht,AGT-004,2024-11-17,78.35,Active,Saarland
POL-005584,CUST-00569,Hausrat,AGT-030,2024-02-13,105.44,Active,Berlin
POL-005585,CUST-02512,Wohngebaeude,AGT-021,2023-03-31,782.91,Active,Berlin
POL-005586,CUST-01360,Kfz,AGT-038,2024-03-01,1285.14,Active,Bremen
POL-005587,CUST-00577,Kfz,AGT-011,2023-03-08,693.74,Active,Saxony-Anhalt
POL-005588,CUST-03252,Kfz,AGT-023,2023-02-26,405.04,Lapsed,Bremen
POL-005589,CUST-00396,Wohngebaeude,AGT-013,2023-09-18,790.43,Active,Saxony-Anhalt
POL-005590,CUST-00595,Wohngebaeude,AGT-027,2025-04-18,504.04,Active,Mecklenburg-Vorpommern
POL-005591,CUST-02549,Wohngebaeude,AGT-030,2022-02-22,627.04,Active,Schleswig-Holstein
POL-005592,CUST-02682,Wohngebaeude,AGT-016,2023-10-06,262.8,Active,Mecklenburg-Vorpommern
POL-005593,CUST-03501,Kfz,AGT-006,2022-05-22,988.41,Active,Hamburg
POL-005594,CUST-03988,Haftpflicht,AGT-011,2023-09-28,97.37,Active,Brandenburg
POL-005595,CUST-00173,Wohngebaeude,AGT-027,2022-12-21,499.61,Active,Saxony
POL-005596,CUST-01475,Kfz,AGT-030,2024-12-02,622.74,Active,Berlin
POL-005597,CUST-02348,Haftpflicht,AGT-020,2025-05-07,65.54,Active,Saxony
POL-005598,CUST-01142,Kfz,AGT-032,2022-05-11,1023.02,Active,Schleswig-Holstein
POL-005599,CUST-01501,Hausrat,AGT-021,2024-07-27,127.52,Active,Thuringia
POL-005600,CUST-01754,Lebensversicherung,AGT-032,2023-02-18,1479.36,Active,Saxony-Anhalt
POL-005601,CUST-03012,Hausrat,AGT-001,2022-04-30,99.93,Active,Hesse
POL-005602,CUST-03114,Hausrat,AGT-034,2023-05-18,102.65,Active,Berlin
POL-005603,CUST-01235,Hausrat,AGT-019,2023-06-21,93.93,Active,Berlin
POL-005604,CUST-03177,Wohngebaeude,AGT-022,2023-11-19,401.97,Active,Bremen
POL-005605,CUST-02576,Kfz,AGT-015,2024-11-03,902.7,Active,Berlin
POL-005606,CUST-01523,Haftpflicht,AGT-019,2022-09-18,68.96,Active,Berlin
POL-005607,CUST-01392,Lebensversicherung,AGT-012,2023-05-25,2350.33,Cancelled,Saxony-Anhalt
POL-005608,CUST-01174,Kfz,AGT-025,2023-02-05,1064.29,Active,Bavaria
POL-005609,CUST-02965,Lebensversicherung,AGT-037,2024-06-04,2396.28,Active,Hesse
POL-005610,CUST-03943,Lebensversicherung,AGT-023,2023-06-08,1334.47,Active,Thuringia
POL-005611,CUST-00191,Haftpflicht,AGT-005,2022-08-04,41.37,Active,Berlin
POL-005612,CUST-00421,Wohngebaeude,AGT-009,2022-11-29,325.66,Active,Thuringia
POL-005613,CUST-03524,Lebensversicherung,AGT-027,2022-08-07,693.51,Active,Rhineland-Palatinate
POL-005614,CUST-03733,Kfz,AGT-017,2022-11-10,933.26,Active,Hesse
POL-005615,CUST-02572,Lebensversicherung,AGT-009,2024-04-18,2101.45,Active,Hesse
POL-005616,CUST-03722,Kfz,AGT-031,2023-06-25,685.4,Active,North Rhine-Westphalia
POL-005617,CUST-01609,Kfz,AGT-032,2022-09-13,1226.48,Active,Bremen
POL-005618,CUST-03137,Haftpflicht,AGT-006,2024-10-21,104.78,Active,Saxony-Anhalt
POL-005619,CUST-01732,Hausrat,AGT-035,2022-07-25,99.53,Active,Berlin
POL-005620,CUST-01456,Wohngebaeude,AGT-018,2024-03-16,333.12,Active,North Rhine-Westphalia
POL-005621,CUST-02305,Kfz,AGT-013,2024-03-03,1213.57,Active,Thuringia
POL-005622,CUST-00721,Haftpflicht,AGT-013,2025-03-08,76.4,Active,Lower Saxony
POL-005623,CUST-01860,Haftpflicht,AGT-036,2023-11-29,67.08,Active,Hamburg
POL-005624,CUST-00028,Hausrat,AGT-012,2022-11-28,179.7,Lapsed,Thuringia
POL-005625,CUST-02390,Haftpflicht,AGT-015,2022-02-14,119.0,Active,Hamburg
POL-005626,CUST-01529,Haftpflicht,AGT-001,2022-06-10,87.98,Active,Hamburg
POL-005627,CUST-02333,Haftpflicht,AGT-037,2025-03-11,119.3,Active,Berlin
POL-005628,CUST-02647,Hausrat,AGT-008,2022-08-10,249.73,Lapsed,Brandenburg
POL-005629,CUST-00483,Haftpflicht,AGT-012,2024-07-31,61.83,Active,Baden-Wuerttemberg
POL-005630,CUST-01185,Haftpflicht,AGT-006,2022-01-18,42.89,Active,Lower Saxony
POL-005631,CUST-01624,Haftpflicht,AGT-014,2023-11-01,81.58,Lapsed,Bremen
POL-005632,CUST-03603,Kfz,AGT-031,2023-02-23,562.84,Active,Mecklenburg-Vorpommern
POL-005633,CUST-03315,Haftpflicht,AGT-035,2024-06-08,80.13,Active,Schleswig-Holstein
POL-005634,CUST-03743,Kfz,AGT-005,2022-07-02,754.47,Active,Mecklenburg-Vorpommern
POL-005635,CUST-02523,Haftpflicht,AGT-017,2022-06-22,64.38,Lapsed,Berlin
POL-005636,CUST-02804,Wohngebaeude,AGT-019,2024-04-04,713.84,Active,Baden-Wuerttemberg
POL-005637,CUST-00272,Kfz,AGT-003,2023-12-26,810.89,Cancelled,North Rhine-Westphalia
POL-005638,CUST-02349,Lebensversicherung,AGT-027,2022-10-22,1314.09,Active,Thuringia
POL-005639,CUST-00775,Haftpflicht,AGT-022,2025-06-02,76.11,Lapsed,Brandenburg
POL-005640,CUST-01073,Kfz,AGT-037,2022-11-26,547.76,Active,Thuringia
POL-005641,CUST-02897,Kfz,AGT-036,2022-07-27,527.26,Active,Hamburg
POL-005642,CUST-03668,Kfz,AGT-033,2022-01-11,1144.42,Active,North Rhine-Westphalia
POL-005643,CUST-03575,Hausrat,AGT-040,2022-04-08,184.12,Active,Thuringia
POL-005644,CUST-01196,Kfz,AGT-001,2023-09-11,1132.41,Active,North Rhine-Westphalia
POL-005645,CUST-02884,Haftpflicht,AGT-016,2022-01-30,93.22,Active,Saarland
POL-005646,CUST-02819,Hausrat,AGT-026,2022-11-27,244.35,Lapsed,Hamburg
POL-005647,CUST-01688,Kfz,AGT-020,2023-01-10,530.35,Active,Thuringia
POL-005648,CUST-03031,Hausrat,AGT-012,2023-03-25,192.88,Active,Berlin
POL-005649,CUST-01185,Haftpflicht,AGT-009,2024-03-25,41.05,Active,Baden-Wuerttemberg
POL-005650,CUST-02756,Haftpflicht,AGT-016,2023-07-21,51.06,Cancelled,Mecklenburg-Vorpommern
POL-005651,CUST-00761,Haftpflicht,AGT-029,2023-11-23,100.12,Lapsed,Hamburg
POL-005652,CUST-00401,Haftpflicht,AGT-036,2022-12-29,41.53,Active,Lower Saxony
POL-005653,CUST-03151,Kfz,AGT-025,2023-09-21,1172.51,Active,Schleswig-Holstein
POL-005654,CUST-03295,Wohngebaeude,AGT-032,2025-01-04,227.39,Active,Bavaria
POL-005655,CUST-00063,Hausrat,AGT-039,2024-08-16,171.51,Active,Rhineland-Palatinate
POL-005656,CUST-02812,Haftpflicht,AGT-021,2022-07-27,106.48,Active,Baden-Wuerttemberg
POL-005657,CUST-01802,Haftpflicht,AGT-004,2023-03-13,58.86,Active,Saxony-Anhalt
POL-005658,CUST-01942,Wohngebaeude,AGT-001,2023-05-05,549.2,Active,North Rhine-Westphalia
POL-005659,CUST-01961,Kfz,AGT-023,2023-04-28,841.1,Active,Saxony
POL-005660,CUST-02017,Hausrat,AGT-009,2023-02-11,148.77,Active,Lower Saxony
POL-005661,CUST-00031,Kfz,AGT-013,2023-05-07,588.52,Cancelled,Saxony
POL-005662,CUST-03310,Kfz,AGT-027,2024-02-23,954.15,Active,Schleswig-Holstein
POL-005663,CUST-03712,Wohngebaeude,AGT-016,2022-05-18,333.59,Active,Lower Saxony
POL-005664,CUST-00929,Haftpflicht,AGT-040,2025-05-03,73.17,Active,Brandenburg
POL-005665,CUST-00809,Kfz,AGT-006,2024-04-24,1038.81,Active,Berlin
POL-005666,CUST-00846,Kfz,AGT-020,2025-06-13,380.82,Active,Lower Saxony
POL-005667,CUST-02624,Kfz,AGT-022,2023-12-30,1212.01,Active,Mecklenburg-Vorpommern
POL-005668,CUST-01254,Haftpflicht,AGT-027,2022-06-30,56.57,Lapsed,Berlin
POL-005669,CUST-00753,Kfz,AGT-033,2023-09-10,691.06,Active,Hesse
POL-005670,CUST-03403,Kfz,AGT-020,2023-10-28,1071.29,Active,Thuringia
POL-005671,CUST-02509,Hausrat,AGT-037,2025-05-04,144.9,Active,Schleswig-Holstein
POL-005672,CUST-01795,Haftpflicht,AGT-030,2024-04-12,68.42,Active,Rhineland-Palatinate
POL-005673,CUST-00489,Lebensversicherung,AGT-039,2023-03-30,1062.36,Active,Mecklenburg-Vorpommern
POL-005674,CUST-00589,Kfz,AGT-013,2024-06-06,652.85,Cancelled,Baden-Wuerttemberg
POL-005675,CUST-01071,Kfz,AGT-030,2022-03-25,513.34,Active,Bavaria
POL-005676,CUST-00060,Wohngebaeude,AGT-007,2024-07-15,822.98,Active,Hesse
POL-005677,CUST-02666,Haftpflicht,AGT-018,2022-02-12,116.69,Active,Schleswig-Holstein
POL-005678,CUST-00514,Kfz,AGT-025,2022-02-03,1059.55,Cancelled,Mecklenburg-Vorpommern
POL-005679,CUST-00685,Kfz,AGT-030,2024-04-26,1331.06,Cancelled,Baden-Wuerttemberg
POL-005680,CUST-01072,Kfz,AGT-021,2024-04-11,1344.57,Cancelled,Berlin
POL-005681,CUST-03869,Haftpflicht,AGT-031,2024-05-06,80.77,Active,Hamburg
POL-005682,CUST-02579,Haftpflicht,AGT-012,2023-09-19,71.19,Active,Hamburg
POL-005683,CUST-00365,Hausrat,AGT-015,2022-01-10,229.54,Active,Hesse
POL-005684,CUST-03867,Haftpflicht,AGT-036,2025-02-22,98.93,Cancelled,Lower Saxony
POL-005685,CUST-03892,Wohngebaeude,AGT-027,2022-01-03,319.71,Active,Saarland
POL-005686,CUST-01215,Kfz,AGT-039,2025-03-06,754.05,Active,Lower Saxony
POL-005687,CUST-03010,Wohngebaeude,AGT-030,2023-12-22,283.74,Active,Lower Saxony
POL-005688,CUST-02232,Lebensversicherung,AGT-019,2022-03-27,2051.68,Active,Thuringia
POL-005689,CUST-03356,Lebensversicherung,AGT-027,2022-11-04,1176.32,Active,Saxony
POL-005690,CUST-01284,Wohngebaeude,AGT-026,2024-10-24,520.89,Active,Baden-Wuerttemberg
POL-005691,CUST-01567,Hausrat,AGT-005,2025-03-04,233.58,Active,Saxony-Anhalt
POL-005692,CUST-00648,Hausrat,AGT-022,2025-06-25,227.26,Cancelled,Bremen
POL-005693,CUST-02068,Haftpflicht,AGT-022,2022-04-05,112.89,Lapsed,North Rhine-Westphalia
POL-005694,CUST-03334,Haftpflicht,AGT-015,2022-01-31,55.3,Active,Saarland
POL-005695,CUST-00202,Hausrat,AGT-009,2022-05-26,74.89,Active,Bavaria
POL-005696,CUST-03577,Wohngebaeude,AGT-034,2022-10-12,832.77,Active,Saxony-Anhalt
POL-005697,CUST-03363,Hausrat,AGT-007,2023-11-08,193.42,Active,Hesse
POL-005698,CUST-00145,Haftpflicht,AGT-030,2022-11-12,118.52,Active,Berlin
POL-005699,CUST-03015,Kfz,AGT-036,2023-02-24,604.65,Active,Rhineland-Palatinate
POL-005700,CUST-00277,Haftpflicht,AGT-007,2025-06-18,94.06,Active,Rhineland-Palatinate
POL-005701,CUST-03126,Hausrat,AGT-031,2025-06-23,170.69,Lapsed,Rhineland-Palatinate
POL-005702,CUST-01799,Haftpflicht,AGT-036,2024-07-26,88.13,Cancelled,Mecklenburg-Vorpommern
POL-005703,CUST-01008,Lebensversicherung,AGT-026,2024-12-28,2107.58,Active,Brandenburg
POL-005704,CUST-03317,Kfz,AGT-027,2025-04-29,1158.9,Active,Brandenburg
POL-005705,CUST-01544,Kfz,AGT-022,2023-06-17,1186.06,Active,Berlin
POL-005706,CUST-00096,Kfz,AGT-025,2024-04-05,512.99,Active,Brandenburg
POL-005707,CUST-03316,Hausrat,AGT-037,2025-02-14,180.83,Active,Lower Saxony
POL-005708,CUST-00710,Haftpflicht,AGT-038,2024-06-18,51.3,Active,Baden-Wuerttemberg
POL-005709,CUST-00974,Kfz,AGT-014,2022-01-10,893.61,Active,Brandenburg
POL-005710,CUST-00476,Wohngebaeude,AGT-005,2025-04-01,693.82,Active,Bremen
POL-005711,CUST-00087,Haftpflicht,AGT-022,2023-05-26,111.43,Cancelled,Bremen
POL-005712,CUST-01392,Hausrat,AGT-004,2023-07-27,168.58,Lapsed,Brandenburg
POL-005713,CUST-03383,Kfz,AGT-038,2022-12-16,813.07,Active,Bavaria
POL-005714,CUST-03898,Kfz,AGT-017,2024-12-01,645.02,Active,Lower Saxony
POL-005715,CUST-01548,Wohngebaeude,AGT-038,2024-04-18,260.53,Active,Hamburg
POL-005716,CUST-02129,Wohngebaeude,AGT-034,2023-07-14,781.61,Active,Lower Saxony
POL-005717,CUST-00986,Lebensversicherung,AGT-033,2024-05-26,811.82,Active,Saarland
POL-005718,CUST-02723,Kfz,AGT-019,2023-10-18,856.92,Active,Rhineland-Palatinate
POL-005719,CUST-03494,Haftpflicht,AGT-022,2022-11-22,54.02,Active,Lower Saxony
POL-005720,CUST-03593,Hausrat,AGT-035,2022-09-21,128.42,Active,Saxony-Anhalt
POL-005721,CUST-02020,Kfz,AGT-034,2024-06-02,595.98,Active,Lower Saxony
POL-005722,CUST-01682,Haftpflicht,AGT-033,2023-07-24,97.16,Active,Saarland
POL-005723,CUST-03731,Kfz,AGT-040,2023-01-25,529.14,Active,Lower Saxony
POL-005724,CUST-02658,Hausrat,AGT-007,2022-12-31,218.09,Cancelled,Thuringia
POL-005725,CUST-02154,Hausrat,AGT-006,2022-07-21,164.67,Lapsed,North Rhine-Westphalia
POL-005726,CUST-00784,Kfz,AGT-024,2024-02-26,397.92,Active,Thuringia
POL-005727,CUST-02087,Hausrat,AGT-011,2025-04-27,244.62,Active,Bavaria
POL-005728,CUST-02204,Kfz,AGT-008,2023-07-09,1359.94,Lapsed,Rhineland-Palatinate
POL-005729,CUST-01635,Kfz,AGT-032,2023-04-12,1202.73,Lapsed,Mecklenburg-Vorpommern
POL-005730,CUST-02298,Kfz,AGT-038,2024-07-16,449.83,Active,Schleswig-Holstein
POL-005731,CUST-03238,Wohngebaeude,AGT-030,2024-11-15,740.03,Cancelled,Baden-Wuerttemberg
POL-005732,CUST-02179,Wohngebaeude,AGT-015,2023-02-12,790.63,Active,Bremen
POL-005733,CUST-00052,Hausrat,AGT-017,2023-12-14,245.22,Active,Bavaria
POL-005734,CUST-02119,Lebensversicherung,AGT-011,2025-02-10,367.39,Cancelled,Berlin
POL-005735,CUST-03435,Kfz,AGT-033,2022-06-11,1082.11,Active,Baden-Wuerttemberg
POL-005736,CUST-00086,Wohngebaeude,AGT-018,2023-09-09,716.58,Active,Brandenburg
POL-005737,CUST-02412,Haftpflicht,AGT-019,2024-08-09,82.6,Active,Thuringia
POL-005738,CUST-03818,Haftpflicht,AGT-002,2023-03-29,64.03,Active,Baden-Wuerttemberg
POL-005739,CUST-02992,Haftpflicht,AGT-039,2024-05-09,82.08,Active,Schleswig-Holstein
POL-005740,CUST-02534,Haftpflicht,AGT-024,2022-05-06,60.67,Active,Baden-Wuerttemberg
POL-005741,CUST-01816,Kfz,AGT-025,2022-03-31,575.2,Lapsed,Baden-Wuerttemberg
POL-005742,CUST-00436,Haftpflicht,AGT-025,2024-03-03,96.23,Active,Mecklenburg-Vorpommern
POL-005743,CUST-01274,Haftpflicht,AGT-035,2023-07-03,108.38,Active,Hesse
POL-005744,CUST-02139,Wohngebaeude,AGT-032,2022-03-05,851.79,Active,Brandenburg
POL-005745,CUST-02190,Hausrat,AGT-025,2022-05-26,157.26,Active,Hesse
POL-005746,CUST-01049,Kfz,AGT-004,2023-07-30,617.13,Active,Bremen
POL-005747,CUST-01890,Kfz,AGT-011,2023-09-26,873.39,Active,Rhineland-Palatinate
POL-005748,CUST-02663,Wohngebaeude,AGT-026,2024-04-19,797.42,Active,Baden-Wuerttemberg
POL-005749,CUST-03775,Haftpflicht,AGT-019,2023-07-13,86.74,Cancelled,Saarland
POL-005750,CUST-00280,Hausrat,AGT-040,2022-11-19,224.21,Active,Bremen
POL-005751,CUST-03375,Kfz,AGT-034,2024-03-10,794.65,Cancelled,Rhineland-Palatinate
POL-005752,CUST-02235,Wohngebaeude,AGT-024,2022-10-02,269.91,Lapsed,Berlin
POL-005753,CUST-02977,Wohngebaeude,AGT-004,2024-11-17,858.43,Lapsed,Brandenburg
POL-005754,CUST-00362,Haftpflicht,AGT-011,2024-01-20,95.51,Lapsed,Thuringia
POL-005755,CUST-03715,Haftpflicht,AGT-018,2023-12-11,70.73,Active,Hamburg
POL-005756,CUST-00390,Kfz,AGT-022,2024-03-09,790.57,Active,Lower Saxony
POL-005757,CUST-03839,Lebensversicherung,AGT-032,2022-09-01,608.77,Active,Bavaria
POL-005758,CUST-00786,Hausrat,AGT-024,2024-12-14,205.93,Active,Saarland
POL-005759,CUST-03622,Hausrat,AGT-027,2023-01-16,212.76,Active,Thuringia
POL-005760,CUST-01432,Kfz,AGT-002,2024-07-31,792.08,Active,Rhineland-Palatinate
POL-005761,CUST-02103,Kfz,AGT-017,2025-05-28,1188.0,Active,Hamburg
POL-005762,CUST-02741,Kfz,AGT-034,2024-06-01,1055.91,Active,Berlin
POL-005763,CUST-03907,Hausrat,AGT-010,2023-06-02,98.79,Active,Saarland
POL-005764,CUST-03555,Haftpflicht,AGT-008,2023-03-21,50.46,Active,Bavaria
POL-005765,CUST-02388,Kfz,AGT-035,2023-05-08,579.95,Active,Berlin
POL-005766,CUST-00195,Kfz,AGT-016,2022-01-29,644.6,Active,Hamburg
POL-005767,CUST-03768,Kfz,AGT-037,2023-09-26,1225.39,Active,Bavaria
POL-005768,CUST-01390,Kfz,AGT-028,2023-09-15,394.5,Active,Bavaria
POL-005769,CUST-02001,Kfz,AGT-003,2023-12-22,822.61,Active,North Rhine-Westphalia
POL-005770,CUST-02795,Hausrat,AGT-030,2025-06-04,70.7,Active,Bavaria
POL-005771,CUST-03518,Kfz,AGT-005,2023-01-31,764.68,Active,Lower Saxony
POL-005772,CUST-01721,Haftpflicht,AGT-018,2023-01-31,101.47,Active,Berlin
POL-005773,CUST-03887,Haftpflicht,AGT-027,2024-04-16,86.94,Active,Berlin
POL-005774,CUST-01946,Haftpflicht,AGT-005,2024-06-30,93.74,Active,Bremen
POL-005775,CUST-03781,Kfz,AGT-037,2025-05-09,781.6,Active,Saxony
POL-005776,CUST-03501,Hausrat,AGT-018,2025-06-29,78.86,Active,Bremen
POL-005777,CUST-02751,Lebensversicherung,AGT-017,2025-01-19,1903.57,Active,Hesse
POL-005778,CUST-03082,Kfz,AGT-031,2022-12-02,1184.67,Active,North Rhine-Westphalia
POL-005779,CUST-01385,Wohngebaeude,AGT-003,2024-08-25,436.49,Active,Saxony
POL-005780,CUST-03043,Kfz,AGT-035,2024-12-30,434.36,Active,Mecklenburg-Vorpommern
POL-005781,CUST-03539,Haftpflicht,AGT-002,2025-04-26,97.25,Active,Lower Saxony
POL-005782,CUST-00255,Lebensversicherung,AGT-029,2023-02-16,1456.23,Cancelled,Baden-Wuerttemberg
POL-005783,CUST-00987,Kfz,AGT-018,2022-12-11,373.05,Lapsed,Brandenburg
POL-005784,CUST-03131,Kfz,AGT-005,2022-12-24,923.12,Cancelled,Brandenburg
POL-005785,CUST-01945,Kfz,AGT-035,2024-03-10,535.74,Active,Berlin
POL-005786,CUST-00758,Wohngebaeude,AGT-014,2024-06-20,848.89,Active,Saxony
POL-005787,CUST-02055,Haftpflicht,AGT-037,2023-04-11,58.61,Active,Brandenburg
POL-005788,CUST-02685,Kfz,AGT-033,2023-08-31,675.38,Active,Rhineland-Palatinate
POL-005789,CUST-04000,Lebensversicherung,AGT-003,2023-01-01,2137.22,Lapsed,Thuringia
POL-005790,CUST-01715,Kfz,AGT-007,2025-05-16,756.38,Active,Berlin
POL-005791,CUST-00013,Kfz,AGT-037,2024-08-25,944.59,Active,Schleswig-Holstein
POL-005792,CUST-00079,Haftpflicht,AGT-039,2024-05-08,45.45,Active,Lower Saxony
POL-005793,CUST-03441,Kfz,AGT-023,2022-03-23,576.16,Active,Saxony
POL-005794,CUST-00233,Kfz,AGT-039,2024-03-25,489.64,Active,Bavaria
POL-005795,CUST-01407,Kfz,AGT-024,2025-04-24,1372.64,Active,North Rhine-Westphalia
POL-005796,CUST-01411,Hausrat,AGT-028,2023-09-02,112.09,Lapsed,Mecklenburg-Vorpommern
POL-005797,CUST-01534,Hausrat,AGT-029,2022-03-26,239.57,Lapsed,Saarland
POL-005798,CUST-03708,Haftpflicht,AGT-012,2022-11-13,104.16,Active,Lower Saxony
POL-005799,CUST-03369,Haftpflicht,AGT-036,2025-01-12,85.46,Active,Bavaria
POL-005800,CUST-03049,Kfz,AGT-015,2024-07-30,380.7,Active,Mecklenburg-Vorpommern
POL-005801,CUST-02725,Hausrat,AGT-030,2022-03-01,243.66,Active,Berlin
POL-005802,CUST-02490,Kfz,AGT-013,2023-07-26,895.38,Lapsed,Hesse
POL-005803,CUST-01973,Kfz,AGT-024,2024-08-11,1285.73,Active,Saarland
POL-005804,CUST-01590,Hausrat,AGT-035,2023-07-09,237.75,Active,Saxony
POL-005805,CUST-00640,Kfz,AGT-027,2023-08-25,880.62,Active,North Rhine-Westphalia
POL-005806,CUST-03557,Wohngebaeude,AGT-019,2024-06-22,451.3,Active,Saxony-Anhalt
POL-005807,CUST-01616,Haftpflicht,AGT-020,2024-06-18,83.93,Active,Saxony
POL-005808,CUST-01087,Kfz,AGT-025,2024-07-07,946.21,Active,Hesse
POL-005809,CUST-03903,Wohngebaeude,AGT-024,2025-06-17,667.9,Active,Saxony-Anhalt
POL-005810,CUST-03625,Kfz,AGT-014,2024-12-03,865.06,Active,Baden-Wuerttemberg
POL-005811,CUST-00986,Haftpflicht,AGT-017,2024-09-11,82.42,Cancelled,Baden-Wuerttemberg
POL-005812,CUST-02725,Kfz,AGT-032,2025-02-20,1297.4,Active,Bremen
POL-005813,CUST-02700,Lebensversicherung,AGT-005,2023-02-08,1585.22,Cancelled,Bavaria
POL-005814,CUST-03493,Kfz,AGT-012,2024-12-08,913.73,Active,Hamburg
POL-005815,CUST-02071,Lebensversicherung,AGT-034,2024-04-19,1768.21,Active,Bremen
POL-005816,CUST-00716,Hausrat,AGT-001,2023-08-03,198.78,Active,Bavaria
POL-005817,CUST-03965,Hausrat,AGT-019,2023-10-27,149.43,Active,Hesse
POL-005818,CUST-03161,Wohngebaeude,AGT-027,2024-04-09,346.47,Active,Mecklenburg-Vorpommern
POL-005819,CUST-00352,Wohngebaeude,AGT-009,2022-08-21,442.3,Active,Baden-Wuerttemberg
POL-005820,CUST-00514,Hausrat,AGT-040,2023-04-24,195.34,Active,Saarland
POL-005821,CUST-02998,Hausrat,AGT-028,2024-12-24,202.26,Active,Hamburg
POL-005822,CUST-01039,Kfz,AGT-028,2022-08-10,1316.76,Lapsed,North Rhine-Westphalia
POL-005823,CUST-03277,Wohngebaeude,AGT-023,2022-07-29,545.9,Active,Hamburg
POL-005824,CUST-03338,Haftpflicht,AGT-022,2022-08-08,119.66,Active,Saxony
POL-005825,CUST-00548,Kfz,AGT-017,2023-09-24,431.74,Cancelled,Saxony-Anhalt
POL-005826,CUST-01992,Kfz,AGT-036,2025-05-16,729.36,Active,Berlin
POL-005827,CUST-00977,Wohngebaeude,AGT-009,2022-08-23,465.57,Active,Saxony
POL-005828,CUST-00339,Kfz,AGT-014,2024-08-06,1102.43,Active,North Rhine-Westphalia
POL-005829,CUST-02461,Kfz,AGT-034,2022-06-18,1134.06,Active,Schleswig-Holstein
POL-005830,CUST-01364,Haftpflicht,AGT-024,2023-10-08,105.24,Active,Saarland
POL-005831,CUST-00740,Kfz,AGT-015,2023-03-20,507.16,Lapsed,Baden-Wuerttemberg
POL-005832,CUST-03373,Kfz,AGT-016,2022-05-16,927.29,Active,Schleswig-Holstein
POL-005833,CUST-02102,Hausrat,AGT-001,2023-05-25,128.08,Active,Mecklenburg-Vorpommern
POL-005834,CUST-02366,Hausrat,AGT-030,2024-10-15,99.2,Lapsed,Schleswig-Holstein
POL-005835,CUST-00439,Hausrat,AGT-013,2024-05-24,86.92,Active,Hesse
POL-005836,CUST-02500,Kfz,AGT-034,2023-09-05,761.99,Active,Bavaria
POL-005837,CUST-03332,Hausrat,AGT-002,2024-02-17,135.85,Active,Bremen
POL-005838,CUST-00603,Haftpflicht,AGT-028,2022-04-22,105.31,Active,Thuringia
POL-005839,CUST-02418,Haftpflicht,AGT-036,2024-12-25,113.76,Active,Schleswig-Holstein
POL-005840,CUST-03928,Kfz,AGT-016,2023-09-08,758.28,Active,Schleswig-Holstein
POL-005841,CUST-00708,Wohngebaeude,AGT-030,2022-03-29,605.45,Active,Rhineland-Palatinate
POL-005842,CUST-00378,Hausrat,AGT-006,2022-04-01,171.89,Active,North Rhine-Westphalia
POL-005843,CUST-00395,Kfz,AGT-009,2022-06-01,708.3,Active,Saxony-Anhalt
POL-005844,CUST-00132,Kfz,AGT-021,2024-02-24,885.11,Active,Lower Saxony
POL-005845,CUST-00942,Hausrat,AGT-032,2023-11-11,91.38,Active,Bremen
POL-005846,CUST-00221,Haftpflicht,AGT-003,2024-02-01,46.18,Active,Saxony
POL-005847,CUST-00991,Lebensversicherung,AGT-019,2024-06-01,358.48,Active,Bremen
POL-005848,CUST-01746,Haftpflicht,AGT-030,2023-08-11,59.19,Cancelled,Brandenburg
POL-005849,CUST-00254,Haftpflicht,AGT-014,2023-03-25,46.21,Active,Rhineland-Palatinate
POL-005850,CUST-00995,Haftpflicht,AGT-029,2023-12-26,104.88,Active,Saarland
POL-005851,CUST-02204,Kfz,AGT-012,2023-12-30,925.38,Active,Hamburg
POL-005852,CUST-02468,Wohngebaeude,AGT-040,2023-07-23,733.44,Active,Hesse
POL-005853,CUST-00558,Kfz,AGT-006,2023-02-26,447.83,Active,Saxony-Anhalt
POL-005854,CUST-00801,Lebensversicherung,AGT-040,2024-10-24,1649.58,Active,Berlin
POL-005855,CUST-00455,Kfz,AGT-009,2025-01-17,475.46,Cancelled,Thuringia
POL-005856,CUST-00240,Haftpflicht,AGT-030,2024-04-24,76.04,Active,Saxony
POL-005857,CUST-02920,Wohngebaeude,AGT-022,2023-09-07,377.56,Active,Saarland
POL-005858,CUST-00285,Kfz,AGT-007,2025-05-18,1361.96,Active,Lower Saxony
POL-005859,CUST-03416,Haftpflicht,AGT-032,2024-04-30,104.03,Active,North Rhine-Westphalia
POL-005860,CUST-01212,Kfz,AGT-021,2022-11-19,756.56,Active,Hamburg
POL-005861,CUST-03959,Wohngebaeude,AGT-028,2025-03-17,862.01,Active,Saxony-Anhalt
POL-005862,CUST-03279,Haftpflicht,AGT-037,2022-07-23,104.6,Active,Saxony-Anhalt
POL-005863,CUST-01951,Haftpflicht,AGT-009,2023-12-08,80.27,Active,Saxony
POL-005864,CUST-03435,Hausrat,AGT-012,2024-08-27,126.49,Active,Baden-Wuerttemberg
POL-005865,CUST-00453,Hausrat,AGT-001,2024-03-07,118.08,Active,Bremen
POL-005866,CUST-02242,Wohngebaeude,AGT-002,2024-11-23,868.07,Active,Hamburg
POL-005867,CUST-02022,Lebensversicherung,AGT-003,2023-09-22,1552.04,Active,Thuringia
POL-005868,CUST-03007,Haftpflicht,AGT-008,2025-06-24,40.21,Active,Mecklenburg-Vorpommern
POL-005869,CUST-02712,Hausrat,AGT-016,2023-07-02,101.92,Active,Hesse
POL-005870,CUST-00706,Kfz,AGT-005,2023-11-14,1177.62,Lapsed,Lower Saxony
POL-005871,CUST-02812,Wohngebaeude,AGT-003,2024-11-07,530.11,Cancelled,North Rhine-Westphalia
POL-005872,CUST-00226,Haftpflicht,AGT-023,2022-10-14,54.3,Active,Saxony
POL-005873,CUST-02943,Kfz,AGT-023,2025-04-16,596.79,Active,North Rhine-Westphalia
POL-005874,CUST-01740,Haftpflicht,AGT-025,2024-12-18,42.43,Active,Bremen
POL-005875,CUST-01172,Kfz,AGT-031,2022-02-01,1257.71,Lapsed,Saxony
POL-005876,CUST-03674,Kfz,AGT-037,2024-08-11,1215.66,Active,Lower Saxony
POL-005877,CUST-00181,Hausrat,AGT-026,2024-09-24,96.38,Active,North Rhine-Westphalia
POL-005878,CUST-02981,Hausrat,AGT-033,2024-11-20,160.86,Active,Hamburg
POL-005879,CUST-03768,Hausrat,AGT-013,2023-01-10,148.32,Active,Bavaria
POL-005880,CUST-02821,Kfz,AGT-020,2023-12-15,405.86,Lapsed,Thuringia
POL-005881,CUST-01897,Kfz,AGT-004,2023-02-13,482.98,Cancelled,Saxony-Anhalt
POL-005882,CUST-02708,Kfz,AGT-028,2023-07-18,1310.63,Active,Schleswig-Holstein
POL-005883,CUST-01228,Hausrat,AGT-025,2023-10-05,141.94,Active,Mecklenburg-Vorpommern
POL-005884,CUST-03510,Haftpflicht,AGT-008,2023-06-05,72.94,Active,Brandenburg
POL-005885,CUST-03422,Kfz,AGT-001,2022-01-11,1331.28,Lapsed,Lower Saxony
POL-005886,CUST-01833,Kfz,AGT-033,2024-06-27,626.25,Active,Lower Saxony
POL-005887,CUST-03325,Kfz,AGT-012,2024-08-30,602.26,Active,Saxony
POL-005888,CUST-00915,Kfz,AGT-031,2025-01-15,1074.29,Active,Saxony
POL-005889,CUST-00857,Hausrat,AGT-016,2022-10-17,225.48,Active,North Rhine-Westphalia
POL-005890,CUST-02023,Kfz,AGT-026,2023-07-20,474.54,Active,Hamburg
POL-005891,CUST-02861,Lebensversicherung,AGT-004,2024-06-14,472.72,Active,Saxony-Anhalt
POL-005892,CUST-01562,Haftpflicht,AGT-011,2022-09-09,82.37,Active,Schleswig-Holstein
POL-005893,CUST-02563,Haftpflicht,AGT-014,2023-05-04,89.85,Cancelled,Baden-Wuerttemberg
POL-005894,CUST-02412,Kfz,AGT-025,2022-09-20,764.5,Cancelled,Rhineland-Palatinate
POL-005895,CUST-01424,Kfz,AGT-023,2023-10-18,1368.65,Active,North Rhine-Westphalia
POL-005896,CUST-02041,Hausrat,AGT-022,2024-10-27,151.37,Active,Lower Saxony
POL-005897,CUST-03806,Lebensversicherung,AGT-015,2023-03-11,541.22,Active,Hesse
POL-005898,CUST-03040,Lebensversicherung,AGT-035,2024-10-02,419.28,Active,Schleswig-Holstein
POL-005899,CUST-02735,Haftpflicht,AGT-013,2023-10-17,41.32,Active,Baden-Wuerttemberg
POL-005900,CUST-03711,Kfz,AGT-020,2024-01-22,1100.66,Lapsed,Brandenburg
POL-005901,CUST-01651,Kfz,AGT-018,2023-04-08,518.88,Cancelled,Bremen
POL-005902,CUST-03930,Kfz,AGT-029,2024-08-20,1254.89,Active,Saarland
POL-005903,CUST-01481,Hausrat,AGT-013,2022-05-17,68.97,Active,Saxony-Anhalt
POL-005904,CUST-00754,Kfz,AGT-031,2025-03-03,860.71,Active,Baden-Wuerttemberg
POL-005905,CUST-01590,Hausrat,AGT-011,2024-12-29,89.6,Active,Saarland
POL-005906,CUST-03786,Haftpflicht,AGT-039,2024-05-06,107.95,Active,Bavaria
POL-005907,CUST-02071,Haftpflicht,AGT-028,2022-02-15,64.05,Active,Mecklenburg-Vorpommern
POL-005908,CUST-03539,Kfz,AGT-007,2024-01-07,753.43,Active,Saxony
POL-005909,CUST-02893,Haftpflicht,AGT-002,2022-09-23,109.08,Cancelled,Thuringia
POL-005910,CUST-02303,Haftpflicht,AGT-016,2023-09-16,57.55,Active,Saarland
POL-005911,CUST-00812,Kfz,AGT-008,2023-02-10,1075.62,Cancelled,Hesse
POL-005912,CUST-02372,Haftpflicht,AGT-007,2025-04-26,72.65,Active,Mecklenburg-Vorpommern
POL-005913,CUST-01617,Kfz,AGT-035,2024-08-30,685.75,Active,Schleswig-Holstein
POL-005914,CUST-03930,Wohngebaeude,AGT-025,2023-07-17,759.01,Cancelled,Saxony
POL-005915,CUST-03145,Kfz,AGT-037,2024-05-02,1199.68,Lapsed,Hesse
POL-005916,CUST-00986,Kfz,AGT-004,2023-12-04,905.14,Active,Saxony-Anhalt
POL-005917,CUST-01509,Haftpflicht,AGT-026,2025-02-04,102.17,Active,Rhineland-Palatinate
POL-005918,CUST-02946,Kfz,AGT-003,2023-08-17,997.96,Active,Saxony-Anhalt
POL-005919,CUST-03748,Wohngebaeude,AGT-035,2023-08-18,886.71,Active,Baden-Wuerttemberg
POL-005920,CUST-00671,Wohngebaeude,AGT-029,2023-01-17,508.46,Lapsed,Bremen
POL-005921,CUST-02035,Haftpflicht,AGT-038,2023-03-06,63.08,Lapsed,Berlin
POL-005922,CUST-02282,Kfz,AGT-006,2024-10-24,432.95,Active,Saarland
POL-005923,CUST-00385,Kfz,AGT-008,2024-10-02,824.51,Active,Brandenburg
POL-005924,CUST-02013,Kfz,AGT-015,2022-04-20,1362.48,Active,Saarland
POL-005925,CUST-01072,Kfz,AGT-007,2024-07-20,1144.7,Active,Baden-Wuerttemberg
POL-005926,CUST-03246,Haftpflicht,AGT-004,2024-12-18,40.46,Active,Bavaria
POL-005927,CUST-00242,Wohngebaeude,AGT-011,2022-07-04,359.36,Active,Schleswig-Holstein
POL-005928,CUST-03751,Wohngebaeude,AGT-001,2025-04-20,212.9,Active,Rhineland-Palatinate
POL-005929,CUST-01456,Wohngebaeude,AGT-036,2025-03-14,313.17,Lapsed,Baden-Wuerttemberg
POL-005930,CUST-03847,Haftpflicht,AGT-010,2024-08-12,101.43,Active,Rhineland-Palatinate
POL-005931,CUST-01321,Hausrat,AGT-025,2024-05-11,240.61,Active,Brandenburg
POL-005932,CUST-01530,Haftpflicht,AGT-035,2025-03-20,111.16,Active,Berlin
POL-005933,CUST-02544,Kfz,AGT-029,2024-03-24,1341.21,Active,North Rhine-Westphalia
POL-005934,CUST-02111,Lebensversicherung,AGT-030,2025-04-24,529.39,Active,Lower Saxony
POL-005935,CUST-03546,Hausrat,AGT-033,2025-06-01,203.24,Lapsed,Rhineland-Palatinate
POL-005936,CUST-01540,Lebensversicherung,AGT-023,2022-09-26,2154.2,Active,Saarland
POL-005937,CUST-03633,Haftpflicht,AGT-005,2025-04-04,70.29,Active,Mecklenburg-Vorpommern
POL-005938,CUST-01578,Haftpflicht,AGT-037,2025-06-17,86.42,Lapsed,Saxony
POL-005939,CUST-02761,Hausrat,AGT-002,2024-07-26,225.17,Active,Hamburg
POL-005940,CUST-03770,Hausrat,AGT-019,2024-02-11,127.47,Cancelled,Hamburg
POL-005941,CUST-02719,Haftpflicht,AGT-021,2025-05-07,75.99,Active,Bremen
POL-005942,CUST-02726,Haftpflicht,AGT-033,2024-09-14,57.12,Active,Bremen
POL-005943,CUST-00788,Kfz,AGT-016,2024-04-22,900.7,Lapsed,Rhineland-Palatinate
POL-005944,CUST-01143,Wohngebaeude,AGT-030,2023-04-04,596.15,Active,Baden-Wuerttemberg
POL-005945,CUST-02304,Lebensversicherung,AGT-033,2022-12-26,1254.81,Active,Thuringia
POL-005946,CUST-03355,Haftpflicht,AGT-035,2024-07-03,59.67,Lapsed,Saxony-Anhalt
POL-005947,CUST-03046,Kfz,AGT-024,2024-04-04,353.17,Active,Bremen
POL-005948,CUST-01019,Lebensversicherung,AGT-014,2023-03-07,597.66,Active,Thuringia
POL-005949,CUST-02392,Haftpflicht,AGT-011,2024-06-17,94.44,Lapsed,Bavaria
POL-005950,CUST-03346,Lebensversicherung,AGT-023,2022-11-17,1594.53,Active,Saarland
POL-005951,CUST-02141,Haftpflicht,AGT-035,2023-03-23,44.41,Active,North Rhine-Westphalia
POL-005952,CUST-03411,Haftpflicht,AGT-039,2025-04-07,98.05,Lapsed,Bavaria
POL-005953,CUST-02660,Haftpflicht,AGT-006,2023-01-21,94.8,Active,Brandenburg
POL-005954,CUST-00323,Kfz,AGT-037,2023-09-20,658.28,Lapsed,Brandenburg
POL-005955,CUST-02237,Wohngebaeude,AGT-019,2024-07-19,202.14,Active,Mecklenburg-Vorpommern
POL-005956,CUST-03091,Haftpflicht,AGT-011,2022-08-17,96.26,Active,Thuringia
POL-005957,CUST-00828,Wohngebaeude,AGT-028,2024-02-12,367.73,Active,North Rhine-Westphalia
POL-005958,CUST-03824,Lebensversicherung,AGT-010,2023-05-29,529.61,Active,Mecklenburg-Vorpommern
POL-005959,CUST-02071,Lebensversicherung,AGT-039,2023-01-01,885.19,Active,Saarland
POL-005960,CUST-00414,Kfz,AGT-024,2023-05-21,499.81,Lapsed,Mecklenburg-Vorpommern
POL-005961,CUST-03547,Haftpflicht,AGT-040,2022-05-07,45.04,Active,Bremen
POL-005962,CUST-03220,Kfz,AGT-022,2022-08-16,357.62,Active,Saxony
POL-005963,CUST-00322,Hausrat,AGT-034,2022-04-03,150.5,Lapsed,Bavaria
POL-005964,CUST-02275,Kfz,AGT-038,2022-06-11,604.41,Active,North Rhine-Westphalia
POL-005965,CUST-01577,Kfz,AGT-007,2023-01-26,1314.78,Lapsed,Baden-Wuerttemberg
POL-005966,CUST-04000,Haftpflicht,AGT-031,2023-08-28,47.19,Lapsed,Schleswig-Holstein
POL-005967,CUST-03867,Wohngebaeude,AGT-023,2023-07-26,485.39,Active,Thuringia
POL-005968,CUST-03521,Kfz,AGT-014,2023-01-11,1356.25,Cancelled,Thuringia
POL-005969,CUST-03093,Haftpflicht,AGT-020,2022-06-03,73.2,Active,Baden-Wuerttemberg
POL-005970,CUST-00097,Kfz,AGT-013,2024-04-21,776.48,Active,Rhineland-Palatinate
POL-005971,CUST-01364,Haftpflicht,AGT-002,2023-09-23,80.72,Active,Brandenburg
POL-005972,CUST-03292,Kfz,AGT-021,2023-10-29,538.33,Lapsed,Bavaria
POL-005973,CUST-01499,Kfz,AGT-015,2025-03-06,442.01,Active,Bremen
POL-005974,CUST-02513,Kfz,AGT-028,2024-03-15,1033.85,Lapsed,Saarland
POL-005975,CUST-00852,Haftpflicht,AGT-017,2022-07-22,105.78,Active,Thuringia
POL-005976,CUST-01775,Kfz,AGT-018,2023-07-19,924.94,Active,Baden-Wuerttemberg
POL-005977,CUST-03758,Hausrat,AGT-002,2023-10-10,101.05,Active,Schleswig-Holstein
POL-005978,CUST-00311,Kfz,AGT-034,2023-12-21,1121.62,Active,Mecklenburg-Vorpommern
POL-005979,CUST-02913,Lebensversicherung,AGT-017,2025-05-10,637.52,Active,Mecklenburg-Vorpommern
POL-005980,CUST-01867,Haftpflicht,AGT-006,2023-02-23,51.58,Active,Brandenburg
POL-005981,CUST-00709,Hausrat,AGT-028,2025-04-08,79.7,Active,Schleswig-Holstein
POL-005982,CUST-01087,Lebensversicherung,AGT-031,2023-04-28,2425.14,Active,Lower Saxony
POL-005983,CUST-01485,Haftpflicht,AGT-004,2022-11-21,91.77,Cancelled,Lower Saxony
POL-005984,CUST-02770,Lebensversicherung,AGT-010,2023-03-09,826.1,Active,Mecklenburg-Vorpommern
POL-005985,CUST-00550,Kfz,AGT-036,2025-04-08,1396.58,Active,Saarland
POL-005986,CUST-02845,Hausrat,AGT-039,2022-09-03,81.11,Active,Brandenburg
POL-005987,CUST-03152,Lebensversicherung,AGT-014,2022-08-10,608.0,Active,Bavaria
POL-005988,CUST-00462,Haftpflicht,AGT-033,2023-05-05,100.65,Active,Saxony
POL-005989,CUST-02337,Kfz,AGT-006,2022-08-26,785.16,Active,Mecklenburg-Vorpommern
POL-005990,CUST-02013,Kfz,AGT-040,2025-03-19,808.55,Lapsed,Lower Saxony
POL-005991,CUST-03552,Haftpflicht,AGT-010,2025-06-09,115.91,Active,Thuringia
POL-005992,CUST-01481,Haftpflicht,AGT-014,2023-05-25,98.53,Active,Saxony-Anhalt
POL-005993,CUST-03090,Kfz,AGT-035,2024-06-03,525.95,Lapsed,Hesse
POL-005994,CUST-02596,Hausrat,AGT-002,2023-12-27,192.63,Active,Bavaria
POL-005995,CUST-01829,Haftpflicht,AGT-032,2022-08-01,61.32,Active,Hamburg
POL-005996,CUST-02205,Haftpflicht,AGT-012,2024-12-25,93.3,Active,Hesse
POL-005997,CUST-03330,Kfz,AGT-007,2024-03-01,924.77,Active,Mecklenburg-Vorpommern
POL-005998,CUST-02143,Kfz,AGT-028,2024-09-26,354.1,Lapsed,Brandenburg
POL-005999,CUST-00580,Hausrat,AGT-011,2024-06-18,226.85,Active,Hesse
POL-006000,CUST-01773,Lebensversicherung,AGT-013,2023-06-01,649.18,Active,Berlin
POL-006001,CUST-01030,Haftpflicht,AGT-007,2022-06-10,52.68,Active,Hesse
POL-006002,CUST-02218,Lebensversicherung,AGT-018,2024-09-20,2371.08,Active,Bavaria
POL-006003,CUST-00370,Kfz,AGT-029,2024-08-11,647.18,Active,Berlin
POL-006004,CUST-01877,Kfz,AGT-038,2022-06-09,353.67,Active,North Rhine-Westphalia
POL-006005,CUST-01433,Haftpflicht,AGT-014,2023-10-21,54.6,Active,Rhineland-Palatinate
POL-006006,CUST-01101,Hausrat,AGT-035,2023-07-04,116.79,Active,Schleswig-Holstein
POL-006007,CUST-02406,Hausrat,AGT-024,2022-09-01,169.58,Active,Bavaria
POL-006008,CUST-01304,Hausrat,AGT-017,2025-05-21,145.42,Active,Lower Saxony
POL-006009,CUST-01753,Hausrat,AGT-028,2024-07-11,65.24,Active,Bavaria
POL-006010,CUST-00767,Kfz,AGT-002,2024-05-28,1335.8,Active,Bremen
POL-006011,CUST-03547,Haftpflicht,AGT-019,2022-09-13,60.72,Active,Saarland
POL-006012,CUST-03960,Kfz,AGT-009,2024-11-26,612.84,Active,Saxony-Anhalt
POL-006013,CUST-02806,Kfz,AGT-016,2024-11-28,1265.08,Active,Hamburg
POL-006014,CUST-02293,Haftpflicht,AGT-004,2022-04-16,108.8,Active,Bavaria
POL-006015,CUST-02433,Hausrat,AGT-033,2024-10-25,222.2,Active,Saxony
POL-006016,CUST-00530,Kfz,AGT-023,2022-03-15,959.29,Active,Lower Saxony
POL-006017,CUST-00591,Kfz,AGT-013,2025-04-30,637.43,Active,Schleswig-Holstein
POL-006018,CUST-02990,Haftpflicht,AGT-011,2022-06-17,56.93,Active,Hesse
POL-006019,CUST-01291,Haftpflicht,AGT-006,2025-04-03,40.9,Active,Saxony
POL-006020,CUST-03269,Kfz,AGT-009,2025-05-09,939.5,Lapsed,Bremen
POL-006021,CUST-03688,Haftpflicht,AGT-034,2025-03-14,106.26,Active,Schleswig-Holstein
POL-006022,CUST-00140,Lebensversicherung,AGT-015,2022-12-12,1248.66,Active,Saxony
POL-006023,CUST-02658,Kfz,AGT-030,2025-02-02,354.66,Active,North Rhine-Westphalia
POL-006024,CUST-00427,Kfz,AGT-032,2024-09-12,1160.81,Active,Saxony-Anhalt
POL-006025,CUST-00608,Kfz,AGT-019,2024-02-17,919.2,Active,Saxony-Anhalt
POL-006026,CUST-00205,Wohngebaeude,AGT-035,2022-11-28,868.79,Active,Saxony-Anhalt
POL-006027,CUST-03524,Kfz,AGT-033,2023-01-18,497.3,Active,Mecklenburg-Vorpommern
POL-006028,CUST-02390,Lebensversicherung,AGT-040,2022-02-14,2420.19,Active,Brandenburg
POL-006029,CUST-01811,Haftpflicht,AGT-008,2022-08-13,48.22,Active,North Rhine-Westphalia
POL-006030,CUST-02052,Kfz,AGT-032,2023-08-29,1224.47,Active,Hesse
POL-006031,CUST-02716,Hausrat,AGT-002,2025-06-10,187.9,Active,Hesse
POL-006032,CUST-01144,Kfz,AGT-034,2025-03-25,797.38,Active,Schleswig-Holstein
POL-006033,CUST-03815,Hausrat,AGT-029,2022-10-05,247.31,Active,Hamburg
POL-006034,CUST-03849,Hausrat,AGT-012,2022-06-02,123.69,Lapsed,Thuringia
POL-006035,CUST-01328,Hausrat,AGT-032,2025-05-03,204.18,Active,Brandenburg
POL-006036,CUST-01916,Haftpflicht,AGT-006,2024-10-14,44.13,Active,Baden-Wuerttemberg
POL-006037,CUST-00773,Hausrat,AGT-015,2022-04-07,104.11,Active,Rhineland-Palatinate
POL-006038,CUST-03824,Wohngebaeude,AGT-031,2022-11-01,280.08,Active,Schleswig-Holstein
POL-006039,CUST-00355,Kfz,AGT-024,2023-11-25,1140.96,Active,Hamburg
POL-006040,CUST-02659,Haftpflicht,AGT-018,2022-08-14,118.67,Active,Bremen
POL-006041,CUST-01245,Kfz,AGT-010,2022-08-14,417.51,Lapsed,Lower Saxony
POL-006042,CUST-02543,Kfz,AGT-022,2024-12-04,1147.84,Active,Lower Saxony
POL-006043,CUST-02379,Hausrat,AGT-022,2024-03-02,121.8,Active,Berlin
POL-006044,CUST-02248,Kfz,AGT-008,2024-03-09,794.2,Active,Baden-Wuerttemberg
POL-006045,CUST-00096,Kfz,AGT-001,2024-07-11,1296.34,Active,North Rhine-Westphalia
POL-006046,CUST-01679,Wohngebaeude,AGT-016,2022-08-09,203.36,Active,Saxony
POL-006047,CUST-01575,Kfz,AGT-023,2023-07-10,596.96,Active,Thuringia
POL-006048,CUST-02689,Kfz,AGT-033,2024-11-18,988.25,Active,Saarland
POL-006049,CUST-00267,Haftpflicht,AGT-029,2023-11-08,108.7,Active,Saxony-Anhalt
POL-006050,CUST-02286,Kfz,AGT-003,2023-05-04,770.74,Lapsed,Berlin
POL-006051,CUST-02187,Kfz,AGT-039,2025-05-18,1099.39,Active,Brandenburg
POL-006052,CUST-02492,Hausrat,AGT-005,2022-04-12,159.66,Active,Bavaria
POL-006053,CUST-02216,Haftpflicht,AGT-006,2023-10-30,72.06,Active,Berlin
POL-006054,CUST-01928,Kfz,AGT-038,2023-01-26,440.05,Cancelled,Saxony
POL-006055,CUST-03123,Haftpflicht,AGT-016,2024-02-28,63.05,Active,Bremen
POL-006056,CUST-02354,Kfz,AGT-037,2023-11-21,942.12,Active,Hamburg
POL-006057,CUST-01539,Kfz,AGT-029,2024-11-22,471.1,Active,Lower Saxony
POL-006058,CUST-00073,Haftpflicht,AGT-021,2024-02-09,69.56,Active,Bavaria
POL-006059,CUST-02044,Haftpflicht,AGT-019,2023-11-04,57.21,Active,Saxony-Anhalt
POL-006060,CUST-00771,Hausrat,AGT-006,2024-12-27,97.18,Active,Hamburg
POL-006061,CUST-02314,Haftpflicht,AGT-016,2023-11-12,60.49,Active,Bremen
POL-006062,CUST-03150,Lebensversicherung,AGT-027,2022-08-06,2044.71,Active,Lower Saxony
POL-006063,CUST-02888,Kfz,AGT-016,2025-02-16,1266.84,Active,Baden-Wuerttemberg
POL-006064,CUST-00893,Haftpflicht,AGT-002,2022-03-23,90.25,Active,Lower Saxony
POL-006065,CUST-03952,Haftpflicht,AGT-012,2024-05-17,50.29,Active,Lower Saxony
POL-006066,CUST-00678,Kfz,AGT-029,2025-06-27,1032.79,Active,Lower Saxony
POL-006067,CUST-01843,Wohngebaeude,AGT-033,2022-07-15,581.86,Lapsed,Brandenburg
POL-006068,CUST-03208,Kfz,AGT-002,2024-03-07,841.71,Active,Hesse
POL-006069,CUST-03612,Wohngebaeude,AGT-027,2023-12-08,625.79,Active,Baden-Wuerttemberg
POL-006070,CUST-01434,Kfz,AGT-035,2023-06-10,663.17,Active,Bremen
POL-006071,CUST-01602,Haftpflicht,AGT-005,2023-12-24,47.02,Active,Bavaria
POL-006072,CUST-02701,Lebensversicherung,AGT-017,2022-05-17,2469.99,Active,Bavaria
POL-006073,CUST-02341,Kfz,AGT-028,2023-09-08,676.82,Active,Saxony-Anhalt
POL-006074,CUST-01009,Kfz,AGT-036,2022-08-13,792.05,Lapsed,Bremen
POL-006075,CUST-03999,Wohngebaeude,AGT-004,2023-03-21,755.91,Active,Mecklenburg-Vorpommern
POL-006076,CUST-02874,Haftpflicht,AGT-010,2024-04-03,78.89,Lapsed,Brandenburg
POL-006077,CUST-03139,Kfz,AGT-021,2023-05-08,458.98,Active,Saarland
POL-006078,CUST-00270,Kfz,AGT-007,2023-12-12,1172.78,Cancelled,Schleswig-Holstein
POL-006079,CUST-01793,Haftpflicht,AGT-036,2022-04-30,103.66,Active,Rhineland-Palatinate
POL-006080,CUST-00200,Kfz,AGT-007,2024-05-13,1121.68,Active,Hesse
POL-006081,CUST-00846,Haftpflicht,AGT-039,2024-05-06,73.21,Active,Saxony-Anhalt
POL-006082,CUST-01889,Kfz,AGT-029,2024-05-09,351.28,Active,Hamburg
POL-006083,CUST-03676,Kfz,AGT-014,2024-10-31,420.7,Active,Hamburg
POL-006084,CUST-01065,Kfz,AGT-009,2023-11-19,1038.47,Lapsed,Bavaria
POL-006085,CUST-00829,Kfz,AGT-009,2025-02-02,484.41,Active,North Rhine-Westphalia
POL-006086,CUST-02802,Kfz,AGT-015,2023-10-27,1255.35,Active,Mecklenburg-Vorpommern
POL-006087,CUST-01857,Haftpflicht,AGT-007,2023-09-25,41.37,Active,Saxony-Anhalt
POL-006088,CUST-01394,Kfz,AGT-026,2022-08-20,1148.18,Active,Rhineland-Palatinate
POL-006089,CUST-03443,Kfz,AGT-036,2024-04-29,536.59,Lapsed,Thuringia
POL-006090,CUST-01060,Kfz,AGT-035,2022-08-07,1165.48,Cancelled,Rhineland-Palatinate
POL-006091,CUST-00454,Kfz,AGT-023,2023-08-13,940.85,Active,Hamburg
POL-006092,CUST-00259,Kfz,AGT-025,2024-12-02,840.16,Active,Berlin
POL-006093,CUST-00660,Hausrat,AGT-007,2023-03-01,249.0,Active,North Rhine-Westphalia
POL-006094,CUST-03561,Haftpflicht,AGT-006,2022-07-15,80.95,Lapsed,Thuringia
POL-006095,CUST-03373,Kfz,AGT-006,2023-06-23,1367.34,Lapsed,Saxony-Anhalt
POL-006096,CUST-00781,Kfz,AGT-013,2022-08-01,921.97,Active,Baden-Wuerttemberg
POL-006097,CUST-01246,Haftpflicht,AGT-018,2022-05-29,87.43,Cancelled,Thuringia
POL-006098,CUST-03019,Hausrat,AGT-025,2024-08-27,230.15,Cancelled,Mecklenburg-Vorpommern
POL-006099,CUST-03414,Kfz,AGT-007,2023-02-17,781.53,Active,Lower Saxony
POL-006100,CUST-03995,Hausrat,AGT-024,2022-03-30,103.35,Active,Saarland
POL-006101,CUST-03966,Hausrat,AGT-029,2022-09-08,180.09,Active,Saxony-Anhalt
POL-006102,CUST-00708,Lebensversicherung,AGT-014,2025-06-21,1886.46,Cancelled,North Rhine-Westphalia
POL-006103,CUST-00731,Lebensversicherung,AGT-009,2023-01-14,943.61,Active,Bremen
POL-006104,CUST-00890,Kfz,AGT-013,2024-02-28,676.67,Active,Saxony-Anhalt
POL-006105,CUST-01850,Wohngebaeude,AGT-011,2025-05-12,635.8,Lapsed,Baden-Wuerttemberg
POL-006106,CUST-02514,Kfz,AGT-011,2022-10-01,1356.5,Active,Bavaria
POL-006107,CUST-02370,Wohngebaeude,AGT-014,2025-06-14,851.81,Active,Hamburg
POL-006108,CUST-00515,Wohngebaeude,AGT-004,2024-05-28,641.39,Active,Lower Saxony
POL-006109,CUST-03111,Hausrat,AGT-016,2022-07-11,154.75,Active,Baden-Wuerttemberg
POL-006110,CUST-02790,Kfz,AGT-017,2022-08-23,382.43,Active,North Rhine-Westphalia
POL-006111,CUST-00192,Wohngebaeude,AGT-020,2023-01-16,653.81,Active,Mecklenburg-Vorpommern
POL-006112,CUST-02909,Wohngebaeude,AGT-023,2024-12-31,767.54,Active,Berlin
POL-006113,CUST-01935,Haftpflicht,AGT-012,2025-05-08,68.67,Active,Rhineland-Palatinate
POL-006114,CUST-00034,Wohngebaeude,AGT-011,2023-01-10,716.47,Active,Berlin
POL-006115,CUST-02230,Kfz,AGT-002,2023-07-03,905.24,Active,Hamburg
POL-006116,CUST-01938,Haftpflicht,AGT-026,2024-06-11,68.55,Active,Berlin
POL-006117,CUST-02270,Haftpflicht,AGT-037,2025-05-05,116.4,Active,Hamburg
POL-006118,CUST-02688,Kfz,AGT-019,2022-05-30,524.5,Active,Rhineland-Palatinate
POL-006119,CUST-02788,Kfz,AGT-005,2023-06-20,961.06,Cancelled,Mecklenburg-Vorpommern
POL-006120,CUST-03303,Kfz,AGT-030,2024-11-09,628.63,Active,Lower Saxony
POL-006121,CUST-02634,Haftpflicht,AGT-018,2022-10-24,53.07,Active,Brandenburg
POL-006122,CUST-02152,Kfz,AGT-023,2023-09-11,912.66,Lapsed,Mecklenburg-Vorpommern
POL-006123,CUST-01346,Hausrat,AGT-006,2023-09-28,117.23,Active,Saxony
POL-006124,CUST-02543,Kfz,AGT-038,2024-01-24,836.64,Active,Hesse
POL-006125,CUST-00899,Haftpflicht,AGT-013,2022-04-24,78.37,Lapsed,Baden-Wuerttemberg
POL-006126,CUST-01652,Kfz,AGT-019,2024-12-31,486.13,Active,Lower Saxony
POL-006127,CUST-02463,Lebensversicherung,AGT-023,2022-09-28,765.44,Active,Saxony-Anhalt
POL-006128,CUST-02968,Hausrat,AGT-037,2022-10-29,230.3,Active,Berlin
POL-006129,CUST-03253,Haftpflicht,AGT-030,2022-01-22,105.93,Active,Berlin
POL-006130,CUST-01888,Kfz,AGT-036,2025-06-24,1360.67,Active,Berlin
POL-006131,CUST-00209,Kfz,AGT-031,2025-02-19,764.89,Active,Berlin
POL-006132,CUST-02701,Haftpflicht,AGT-038,2025-05-12,46.98,Cancelled,Saxony
POL-006133,CUST-02090,Haftpflicht,AGT-014,2025-03-01,105.85,Lapsed,Thuringia
POL-006134,CUST-01243,Kfz,AGT-035,2023-04-29,1003.53,Active,Thuringia
POL-006135,CUST-02087,Kfz,AGT-008,2024-01-14,388.65,Active,Baden-Wuerttemberg
POL-006136,CUST-02058,Kfz,AGT-022,2022-09-30,833.64,Active,Hamburg
POL-006137,CUST-02893,Kfz,AGT-026,2024-08-19,1331.48,Cancelled,Bremen
POL-006138,CUST-03351,Wohngebaeude,AGT-033,2022-12-29,416.83,Lapsed,Brandenburg
POL-006139,CUST-03382,Kfz,AGT-023,2024-01-13,780.01,Active,Schleswig-Holstein
POL-006140,CUST-02664,Haftpflicht,AGT-003,2024-07-15,67.44,Active,Schleswig-Holstein
POL-006141,CUST-01072,Haftpflicht,AGT-021,2023-03-12,59.53,Active,Thuringia
POL-006142,CUST-00583,Wohngebaeude,AGT-009,2022-07-02,287.58,Active,Brandenburg
POL-006143,CUST-03981,Haftpflicht,AGT-004,2023-02-23,46.31,Cancelled,Rhineland-Palatinate
POL-006144,CUST-02919,Kfz,AGT-015,2025-03-21,896.42,Active,Hesse
POL-006145,CUST-00163,Hausrat,AGT-011,2023-01-15,88.79,Active,Brandenburg
POL-006146,CUST-03751,Wohngebaeude,AGT-038,2024-10-20,498.71,Active,Mecklenburg-Vorpommern
POL-006147,CUST-00651,Wohngebaeude,AGT-036,2023-02-17,687.72,Active,Hamburg
POL-006148,CUST-00076,Haftpflicht,AGT-001,2022-05-04,94.69,Active,Saarland
POL-006149,CUST-01203,Haftpflicht,AGT-038,2023-11-03,95.26,Active,Saxony
POL-006150,CUST-00075,Haftpflicht,AGT-008,2025-05-09,68.0,Active,Berlin
POL-006151,CUST-00663,Haftpflicht,AGT-022,2023-01-22,44.14,Active,Berlin
POL-006152,CUST-02382,Haftpflicht,AGT-015,2023-06-14,71.11,Active,Hamburg
POL-006153,CUST-01223,Haftpflicht,AGT-019,2023-11-04,113.26,Active,Baden-Wuerttemberg
POL-006154,CUST-00304,Kfz,AGT-040,2022-12-26,542.65,Active,Thuringia
POL-006155,CUST-03645,Lebensversicherung,AGT-023,2024-10-08,697.19,Active,Rhineland-Palatinate
POL-006156,CUST-03839,Kfz,AGT-036,2024-03-23,1200.99,Lapsed,Saxony-Anhalt
POL-006157,CUST-03788,Kfz,AGT-039,2022-11-12,756.88,Active,Saxony-Anhalt
POL-006158,CUST-02979,Kfz,AGT-026,2024-12-06,1207.22,Active,Saxony
POL-006159,CUST-03202,Kfz,AGT-038,2025-02-21,878.04,Active,Hesse
POL-006160,CUST-02290,Wohngebaeude,AGT-027,2024-12-25,643.99,Lapsed,Bavaria
POL-006161,CUST-01395,Kfz,AGT-012,2024-03-30,1014.05,Active,Brandenburg
POL-006162,CUST-00716,Lebensversicherung,AGT-014,2023-02-05,370.38,Active,Hamburg
POL-006163,CUST-03135,Kfz,AGT-007,2023-06-06,1261.54,Active,Rhineland-Palatinate
POL-006164,CUST-00664,Hausrat,AGT-032,2022-02-06,147.5,Lapsed,Hesse
POL-006165,CUST-02699,Wohngebaeude,AGT-023,2022-04-03,812.47,Active,Brandenburg
POL-006166,CUST-01813,Wohngebaeude,AGT-037,2022-01-10,820.58,Active,Rhineland-Palatinate
POL-006167,CUST-02298,Hausrat,AGT-033,2024-06-25,150.0,Lapsed,North Rhine-Westphalia
POL-006168,CUST-00411,Lebensversicherung,AGT-023,2024-11-06,1112.78,Active,Bavaria
POL-006169,CUST-03377,Hausrat,AGT-019,2023-06-28,92.43,Active,Bremen
POL-006170,CUST-03145,Haftpflicht,AGT-020,2022-04-01,64.67,Active,Lower Saxony
POL-006171,CUST-03717,Kfz,AGT-034,2024-11-15,1252.51,Active,Saxony-Anhalt
POL-006172,CUST-03856,Wohngebaeude,AGT-026,2022-06-08,426.29,Active,Saxony
POL-006173,CUST-00818,Kfz,AGT-030,2022-08-23,1331.76,Active,North Rhine-Westphalia
POL-006174,CUST-01155,Hausrat,AGT-001,2024-03-26,165.39,Active,Saarland
POL-006175,CUST-03198,Wohngebaeude,AGT-040,2023-04-28,360.83,Active,Brandenburg
POL-006176,CUST-00420,Haftpflicht,AGT-021,2025-05-06,48.0,Active,Saxony
POL-006177,CUST-01914,Hausrat,AGT-025,2024-10-23,117.38,Active,Bremen
POL-006178,CUST-03190,Kfz,AGT-029,2024-06-06,702.93,Active,Hamburg
POL-006179,CUST-03389,Hausrat,AGT-027,2024-06-21,165.6,Active,Bremen
POL-006180,CUST-00279,Kfz,AGT-008,2023-08-31,598.38,Active,Mecklenburg-Vorpommern
POL-006181,CUST-01522,Wohngebaeude,AGT-009,2024-01-26,611.36,Active,Saarland
POL-006182,CUST-02010,Kfz,AGT-036,2024-12-05,868.62,Active,Hamburg
POL-006183,CUST-00836,Hausrat,AGT-012,2023-07-13,199.1,Active,Bavaria
POL-006184,CUST-02696,Kfz,AGT-036,2022-06-17,378.42,Active,Lower Saxony
POL-006185,CUST-00277,Wohngebaeude,AGT-018,2025-03-16,666.86,Active,Baden-Wuerttemberg
POL-006186,CUST-00335,Kfz,AGT-030,2022-09-22,397.72,Lapsed,Bremen
POL-006187,CUST-01284,Kfz,AGT-031,2025-02-21,447.91,Active,Lower Saxony
POL-006188,CUST-00774,Lebensversicherung,AGT-033,2023-07-16,2249.46,Active,Baden-Wuerttemberg
POL-006189,CUST-02208,Kfz,AGT-010,2023-10-22,1193.85,Active,Saarland
POL-006190,CUST-03070,Hausrat,AGT-032,2024-11-08,244.01,Active,Saxony
POL-006191,CUST-03000,Haftpflicht,AGT-013,2024-01-14,75.89,Active,Brandenburg
POL-006192,CUST-01269,Kfz,AGT-030,2023-07-17,537.39,Active,Saxony
POL-006193,CUST-03375,Haftpflicht,AGT-019,2022-08-10,90.34,Active,Hamburg
POL-006194,CUST-00007,Hausrat,AGT-031,2022-09-27,235.15,Active,Saxony
POL-006195,CUST-03088,Haftpflicht,AGT-016,2022-11-02,50.52,Active,Bremen
POL-006196,CUST-03859,Lebensversicherung,AGT-016,2024-11-07,2234.69,Active,Brandenburg
POL-006197,CUST-02385,Hausrat,AGT-029,2023-07-21,126.58,Cancelled,North Rhine-Westphalia
POL-006198,CUST-00084,Haftpflicht,AGT-013,2025-03-12,111.49,Cancelled,Thuringia
POL-006199,CUST-03918,Haftpflicht,AGT-009,2025-05-03,80.13,Active,Schleswig-Holstein
POL-006200,CUST-00820,Kfz,AGT-027,2022-11-11,823.27,Active,Mecklenburg-Vorpommern
POL-006201,CUST-01213,Haftpflicht,AGT-007,2023-07-20,89.44,Active,Brandenburg
POL-006202,CUST-01082,Wohngebaeude,AGT-019,2024-07-26,619.63,Active,Baden-Wuerttemberg
POL-006203,CUST-00683,Kfz,AGT-026,2024-10-01,1014.63,Lapsed,Bavaria
POL-006204,CUST-02212,Wohngebaeude,AGT-009,2024-06-02,214.75,Active,Hesse
POL-006205,CUST-02608,Kfz,AGT-012,2022-02-03,364.48,Active,Bavaria
POL-006206,CUST-02263,Haftpflicht,AGT-009,2024-09-13,98.46,Active,Hamburg
POL-006207,CUST-02497,Kfz,AGT-010,2023-10-05,562.66,Active,Saxony
POL-006208,CUST-01634,Kfz,AGT-040,2024-11-18,924.98,Active,Thuringia
POL-006209,CUST-03708,Wohngebaeude,AGT-012,2023-03-21,741.51,Active,Hesse
POL-006210,CUST-01250,Kfz,AGT-017,2024-10-10,500.82,Active,Baden-Wuerttemberg
POL-006211,CUST-02113,Wohngebaeude,AGT-014,2024-03-13,794.76,Active,Baden-Wuerttemberg
POL-006212,CUST-02437,Kfz,AGT-018,2025-01-17,963.31,Active,Saxony
POL-006213,CUST-03914,Lebensversicherung,AGT-013,2022-12-03,772.15,Active,Brandenburg
POL-006214,CUST-02391,Haftpflicht,AGT-037,2024-03-20,49.56,Active,North Rhine-Westphalia
POL-006215,CUST-01639,Haftpflicht,AGT-013,2022-07-12,101.29,Active,Lower Saxony
POL-006216,CUST-03084,Kfz,AGT-021,2023-04-10,818.4,Active,Saxony
POL-006217,CUST-01464,Kfz,AGT-020,2023-06-17,711.98,Active,Hesse
POL-006218,CUST-03578,Kfz,AGT-017,2022-02-27,1100.14,Cancelled,Saarland
POL-006219,CUST-00718,Wohngebaeude,AGT-022,2023-06-05,315.71,Active,Bremen
POL-006220,CUST-02110,Kfz,AGT-024,2023-03-24,866.2,Active,Berlin
POL-006221,CUST-03468,Wohngebaeude,AGT-015,2024-06-15,787.89,Active,North Rhine-Westphalia
POL-006222,CUST-00019,Hausrat,AGT-036,2022-04-17,136.03,Active,Bremen
POL-006223,CUST-01564,Haftpflicht,AGT-031,2024-06-09,99.73,Active,Saxony-Anhalt
POL-006224,CUST-03912,Haftpflicht,AGT-006,2024-06-23,112.39,Active,Thuringia
POL-006225,CUST-01362,Haftpflicht,AGT-015,2023-04-25,58.1,Active,Saarland
POL-006226,CUST-00756,Hausrat,AGT-016,2025-04-22,243.63,Active,Brandenburg
POL-006227,CUST-02434,Wohngebaeude,AGT-019,2022-04-25,428.57,Active,Bremen
POL-006228,CUST-00692,Haftpflicht,AGT-030,2022-08-03,116.16,Cancelled,Lower Saxony
POL-006229,CUST-02589,Kfz,AGT-026,2022-03-31,834.49,Active,North Rhine-Westphalia
POL-006230,CUST-00655,Wohngebaeude,AGT-017,2025-06-10,447.22,Active,Bremen
POL-006231,CUST-02936,Kfz,AGT-016,2022-08-26,1263.58,Lapsed,Bremen
POL-006232,CUST-02978,Kfz,AGT-002,2022-06-11,849.7,Active,Bremen
POL-006233,CUST-01604,Kfz,AGT-030,2023-11-08,699.59,Active,Brandenburg
POL-006234,CUST-03646,Haftpflicht,AGT-027,2024-01-25,48.95,Active,Brandenburg
POL-006235,CUST-03234,Wohngebaeude,AGT-039,2023-06-18,684.16,Lapsed,North Rhine-Westphalia
POL-006236,CUST-02872,Wohngebaeude,AGT-026,2024-10-02,864.44,Active,Saarland
POL-006237,CUST-00075,Haftpflicht,AGT-011,2024-11-21,44.19,Cancelled,Hesse
POL-006238,CUST-00040,Kfz,AGT-036,2022-01-04,1377.2,Active,Brandenburg
POL-006239,CUST-03988,Kfz,AGT-008,2024-12-28,853.81,Active,Thuringia
POL-006240,CUST-00803,Wohngebaeude,AGT-040,2022-02-07,894.81,Active,North Rhine-Westphalia
POL-006241,CUST-03507,Hausrat,AGT-001,2023-04-16,156.81,Active,Saxony-Anhalt
POL-006242,CUST-01022,Kfz,AGT-029,2022-08-04,1218.23,Active,Lower Saxony
POL-006243,CUST-02845,Kfz,AGT-002,2025-03-15,737.61,Lapsed,Schleswig-Holstein
POL-006244,CUST-03991,Haftpflicht,AGT-035,2024-11-20,90.16,Active,Saarland
POL-006245,CUST-02319,Hausrat,AGT-030,2025-03-03,221.07,Active,Saxony
POL-006246,CUST-01971,Hausrat,AGT-034,2022-09-30,226.2,Active,Hesse
POL-006247,CUST-02870,Wohngebaeude,AGT-037,2023-04-27,817.78,Lapsed,Mecklenburg-Vorpommern
POL-006248,CUST-00160,Kfz,AGT-027,2025-03-29,448.85,Active,Schleswig-Holstein
POL-006249,CUST-03731,Lebensversicherung,AGT-013,2024-07-31,1535.95,Lapsed,Rhineland-Palatinate
POL-006250,CUST-03741,Haftpflicht,AGT-037,2024-03-04,86.3,Active,Mecklenburg-Vorpommern
POL-006251,CUST-02862,Haftpflicht,AGT-040,2024-08-15,91.92,Cancelled,Hamburg
POL-006252,CUST-01123,Wohngebaeude,AGT-038,2023-06-10,390.8,Active,Saxony-Anhalt
POL-006253,CUST-02740,Kfz,AGT-011,2022-08-05,710.2,Active,Saxony
POL-006254,CUST-03017,Kfz,AGT-007,2024-07-29,589.98,Cancelled,North Rhine-Westphalia
POL-006255,CUST-01235,Haftpflicht,AGT-012,2022-10-05,67.0,Lapsed,Bavaria
POL-006256,CUST-03788,Kfz,AGT-012,2024-08-31,1323.86,Active,Saxony-Anhalt
POL-006257,CUST-00689,Kfz,AGT-032,2023-12-06,1234.72,Active,Hesse
POL-006258,CUST-00908,Kfz,AGT-019,2022-09-04,1086.12,Active,Mecklenburg-Vorpommern
POL-006259,CUST-01712,Haftpflicht,AGT-030,2023-04-24,83.37,Active,Saxony-Anhalt
POL-006260,CUST-01806,Wohngebaeude,AGT-030,2024-06-18,292.3,Active,Schleswig-Holstein
POL-006261,CUST-03789,Haftpflicht,AGT-020,2023-12-23,55.1,Cancelled,Thuringia
POL-006262,CUST-03112,Hausrat,AGT-004,2024-06-20,114.42,Active,Rhineland-Palatinate
POL-006263,CUST-03201,Kfz,AGT-039,2024-12-29,1352.16,Active,Lower Saxony
POL-006264,CUST-01641,Haftpflicht,AGT-011,2023-08-18,100.53,Active,Baden-Wuerttemberg
POL-006265,CUST-01596,Hausrat,AGT-002,2024-09-10,202.86,Active,Bavaria
POL-006266,CUST-00350,Wohngebaeude,AGT-001,2025-01-18,836.97,Active,Saarland
POL-006267,CUST-03985,Wohngebaeude,AGT-008,2024-08-22,578.3,Cancelled,Saxony
POL-006268,CUST-01025,Hausrat,AGT-005,2023-02-21,150.55,Active,Saarland
POL-006269,CUST-00752,Hausrat,AGT-012,2022-04-08,99.48,Active,Baden-Wuerttemberg
POL-006270,CUST-00615,Hausrat,AGT-011,2023-04-18,178.75,Active,Schleswig-Holstein
POL-006271,CUST-02841,Hausrat,AGT-023,2024-01-27,110.37,Active,Brandenburg
POL-006272,CUST-01818,Hausrat,AGT-034,2024-09-14,239.97,Lapsed,Saxony
POL-006273,CUST-02986,Kfz,AGT-030,2024-06-15,1207.27,Cancelled,Baden-Wuerttemberg
POL-006274,CUST-01606,Haftpflicht,AGT-036,2022-02-18,72.64,Active,Schleswig-Holstein
POL-006275,CUST-01540,Kfz,AGT-008,2022-01-12,1065.09,Active,Hamburg
POL-006276,CUST-00783,Hausrat,AGT-029,2024-12-25,225.03,Active,Hesse
POL-006277,CUST-03440,Kfz,AGT-014,2025-05-24,1249.63,Lapsed,Saarland
POL-006278,CUST-02459,Haftpflicht,AGT-005,2024-10-08,85.1,Active,Baden-Wuerttemberg
POL-006279,CUST-03680,Kfz,AGT-026,2022-06-18,1339.7,Active,Lower Saxony
POL-006280,CUST-00709,Haftpflicht,AGT-025,2024-09-06,46.0,Active,Thuringia
POL-006281,CUST-00787,Hausrat,AGT-021,2022-07-29,175.49,Active,Brandenburg
POL-006282,CUST-03267,Kfz,AGT-035,2024-09-24,1056.07,Active,Schleswig-Holstein
POL-006283,CUST-01454,Kfz,AGT-009,2022-07-23,1260.32,Active,Schleswig-Holstein
POL-006284,CUST-00285,Kfz,AGT-035,2022-04-06,940.64,Active,Lower Saxony
POL-006285,CUST-01628,Kfz,AGT-027,2024-09-13,1309.98,Active,Bremen
POL-006286,CUST-00400,Haftpflicht,AGT-032,2022-02-23,55.42,Active,Schleswig-Holstein
POL-006287,CUST-01948,Kfz,AGT-023,2025-06-02,576.85,Active,Saarland
POL-006288,CUST-01057,Haftpflicht,AGT-034,2024-12-31,115.66,Active,Lower Saxony
POL-006289,CUST-02518,Hausrat,AGT-007,2024-02-19,153.99,Active,Thuringia
POL-006290,CUST-02957,Kfz,AGT-018,2022-11-11,353.01,Cancelled,Hamburg
POL-006291,CUST-03714,Haftpflicht,AGT-037,2024-11-16,66.88,Active,Saxony-Anhalt
POL-006292,CUST-02800,Lebensversicherung,AGT-023,2025-01-10,938.07,Active,Berlin
POL-006293,CUST-00407,Hausrat,AGT-004,2022-04-22,237.8,Lapsed,Saxony-Anhalt
POL-006294,CUST-03334,Wohngebaeude,AGT-039,2025-01-28,516.96,Active,Saxony
POL-006295,CUST-02985,Kfz,AGT-021,2023-11-27,846.23,Active,Saxony
POL-006296,CUST-03325,Kfz,AGT-008,2023-05-24,1289.13,Active,Saxony
POL-006297,CUST-03606,Lebensversicherung,AGT-019,2022-12-12,1120.2,Active,Saxony-Anhalt
POL-006298,CUST-00055,Lebensversicherung,AGT-029,2022-01-25,844.0,Active,Hesse
POL-006299,CUST-01804,Kfz,AGT-010,2024-05-26,842.88,Active,Mecklenburg-Vorpommern
POL-006300,CUST-02309,Haftpflicht,AGT-001,2024-09-20,81.61,Cancelled,Thuringia
POL-006301,CUST-00019,Wohngebaeude,AGT-026,2024-04-13,341.09,Active,Mecklenburg-Vorpommern
POL-006302,CUST-00054,Hausrat,AGT-039,2025-06-26,235.19,Active,North Rhine-Westphalia
POL-006303,CUST-00696,Haftpflicht,AGT-040,2024-08-13,97.62,Cancelled,Lower Saxony
POL-006304,CUST-00891,Haftpflicht,AGT-026,2023-07-16,82.62,Active,Saxony-Anhalt
POL-006305,CUST-00747,Kfz,AGT-039,2022-02-21,1062.77,Active,Saxony-Anhalt
POL-006306,CUST-01331,Haftpflicht,AGT-034,2022-02-09,93.22,Active,Brandenburg
POL-006307,CUST-03310,Kfz,AGT-009,2023-07-10,949.16,Active,Thuringia
POL-006308,CUST-00553,Hausrat,AGT-038,2022-03-11,194.72,Active,Saxony-Anhalt
POL-006309,CUST-03168,Wohngebaeude,AGT-020,2022-06-17,664.22,Lapsed,Mecklenburg-Vorpommern
POL-006310,CUST-02214,Kfz,AGT-003,2025-06-27,604.79,Active,Schleswig-Holstein
POL-006311,CUST-02708,Haftpflicht,AGT-017,2022-03-10,77.97,Active,Lower Saxony
POL-006312,CUST-01793,Haftpflicht,AGT-011,2025-05-26,55.32,Active,Baden-Wuerttemberg
POL-006313,CUST-03375,Wohngebaeude,AGT-017,2022-03-10,578.78,Active,Berlin
POL-006314,CUST-01028,Lebensversicherung,AGT-029,2022-06-06,1962.1,Active,Mecklenburg-Vorpommern
POL-006315,CUST-00206,Kfz,AGT-034,2023-01-03,792.93,Active,Saarland
POL-006316,CUST-01311,Haftpflicht,AGT-013,2023-11-18,80.45,Lapsed,Saarland
POL-006317,CUST-01745,Lebensversicherung,AGT-027,2024-11-13,2146.1,Active,North Rhine-Westphalia
POL-006318,CUST-02353,Hausrat,AGT-036,2023-11-07,74.83,Cancelled,Bremen
POL-006319,CUST-00796,Kfz,AGT-012,2023-09-13,1090.46,Active,Bremen
POL-006320,CUST-01890,Lebensversicherung,AGT-019,2023-10-24,945.42,Lapsed,Bremen
POL-006321,CUST-02613,Kfz,AGT-022,2022-03-23,896.96,Active,Berlin
POL-006322,CUST-01162,Kfz,AGT-015,2024-02-04,1254.92,Cancelled,Bremen
POL-006323,CUST-03932,Hausrat,AGT-005,2023-09-24,75.64,Active,Thuringia
POL-006324,CUST-00210,Haftpflicht,AGT-006,2022-11-04,77.82,Cancelled,Saxony-Anhalt
POL-006325,CUST-01643,Wohngebaeude,AGT-040,2024-02-24,313.3,Active,Baden-Wuerttemberg
POL-006326,CUST-03309,Haftpflicht,AGT-038,2024-01-23,50.06,Active,North Rhine-Westphalia
POL-006327,CUST-03345,Haftpflicht,AGT-007,2023-06-06,71.84,Active,Schleswig-Holstein
POL-006328,CUST-03996,Lebensversicherung,AGT-026,2024-04-17,385.96,Active,Berlin
POL-006329,CUST-01348,Wohngebaeude,AGT-035,2023-05-04,539.4,Active,Berlin
POL-006330,CUST-00365,Hausrat,AGT-017,2023-04-06,103.08,Active,Hesse
POL-006331,CUST-03814,Haftpflicht,AGT-037,2023-08-08,80.9,Active,Saxony
POL-006332,CUST-01319,Hausrat,AGT-014,2024-03-17,141.63,Active,Bremen
POL-006333,CUST-00088,Wohngebaeude,AGT-002,2022-06-29,224.48,Active,Baden-Wuerttemberg
POL-006334,CUST-00688,Kfz,AGT-027,2022-02-10,565.49,Active,Baden-Wuerttemberg
POL-006335,CUST-02095,Haftpflicht,AGT-026,2022-01-27,80.65,Lapsed,Brandenburg
POL-006336,CUST-01604,Hausrat,AGT-010,2025-04-03,229.63,Cancelled,Saarland
POL-006337,CUST-03538,Hausrat,AGT-039,2023-12-09,60.67,Active,Saxony
POL-006338,CUST-03330,Haftpflicht,AGT-037,2022-06-24,52.33,Active,Berlin
POL-006339,CUST-02399,Haftpflicht,AGT-011,2024-07-23,66.22,Cancelled,Baden-Wuerttemberg
POL-006340,CUST-03053,Lebensversicherung,AGT-026,2024-08-08,2201.47,Lapsed,Mecklenburg-Vorpommern
POL-006341,CUST-03222,Kfz,AGT-013,2022-10-07,986.34,Active,Bavaria
POL-006342,CUST-01944,Kfz,AGT-003,2022-04-10,1152.03,Active,Bremen
POL-006343,CUST-00081,Hausrat,AGT-035,2023-08-25,118.62,Active,Mecklenburg-Vorpommern
POL-006344,CUST-01325,Kfz,AGT-001,2022-08-28,861.74,Active,Berlin
POL-006345,CUST-00912,Kfz,AGT-008,2022-09-28,1358.46,Lapsed,Rhineland-Palatinate
POL-006346,CUST-00423,Kfz,AGT-032,2024-10-18,746.18,Active,Bavaria
POL-006347,CUST-00429,Wohngebaeude,AGT-020,2023-03-30,516.77,Active,Schleswig-Holstein
POL-006348,CUST-02164,Haftpflicht,AGT-037,2024-04-16,95.58,Active,Berlin
POL-006349,CUST-03597,Hausrat,AGT-013,2024-07-18,188.05,Cancelled,Hesse
POL-006350,CUST-03327,Haftpflicht,AGT-034,2024-03-16,42.57,Active,Hamburg
POL-006351,CUST-01458,Kfz,AGT-002,2024-01-07,734.69,Active,Baden-Wuerttemberg
POL-006352,CUST-01076,Hausrat,AGT-038,2025-03-06,213.71,Active,Saxony-Anhalt
POL-006353,CUST-01380,Kfz,AGT-037,2023-01-27,1279.31,Active,Bavaria
POL-006354,CUST-01113,Kfz,AGT-037,2025-03-18,757.02,Active,North Rhine-Westphalia
POL-006355,CUST-01478,Kfz,AGT-038,2023-08-17,1369.19,Active,Schleswig-Holstein
POL-006356,CUST-00154,Kfz,AGT-014,2022-05-25,354.75,Active,Saarland
POL-006357,CUST-03430,Kfz,AGT-028,2024-07-14,426.47,Active,Brandenburg
POL-006358,CUST-03760,Lebensversicherung,AGT-007,2022-05-17,610.62,Lapsed,Bavaria
POL-006359,CUST-02494,Kfz,AGT-031,2024-04-14,918.4,Active,Baden-Wuerttemberg
POL-006360,CUST-02258,Kfz,AGT-028,2022-05-04,902.58,Active,Saxony
POL-006361,CUST-03855,Kfz,AGT-034,2023-11-10,1092.99,Active,Hesse
POL-006362,CUST-03058,Kfz,AGT-021,2025-06-18,407.92,Lapsed,Brandenburg
POL-006363,CUST-01423,Wohngebaeude,AGT-025,2024-07-31,261.96,Active,Hesse
POL-006364,CUST-03422,Hausrat,AGT-003,2024-04-22,203.27,Active,Bavaria
POL-006365,CUST-02647,Wohngebaeude,AGT-032,2023-05-30,675.67,Active,Rhineland-Palatinate
POL-006366,CUST-03188,Kfz,AGT-013,2024-12-10,1361.34,Cancelled,Thuringia
POL-006367,CUST-00223,Kfz,AGT-020,2024-01-17,1017.46,Active,Bavaria
POL-006368,CUST-00030,Kfz,AGT-029,2024-12-03,555.15,Active,Bremen
POL-006369,CUST-00874,Wohngebaeude,AGT-035,2022-12-15,453.36,Active,Brandenburg
POL-006370,CUST-03355,Kfz,AGT-026,2023-04-25,513.79,Active,Saxony
POL-006371,CUST-03572,Wohngebaeude,AGT-014,2023-11-22,240.87,Active,Berlin
POL-006372,CUST-00950,Haftpflicht,AGT-001,2022-10-08,111.63,Active,Hamburg
POL-006373,CUST-03190,Kfz,AGT-002,2024-09-15,731.64,Active,North Rhine-Westphalia
POL-006374,CUST-03684,Wohngebaeude,AGT-006,2023-11-01,717.75,Active,Saxony
POL-006375,CUST-03461,Kfz,AGT-003,2025-04-12,869.74,Lapsed,Lower Saxony
POL-006376,CUST-01108,Hausrat,AGT-014,2022-02-10,112.49,Active,Saxony-Anhalt
POL-006377,CUST-03349,Hausrat,AGT-038,2025-04-10,162.49,Active,Rhineland-Palatinate
POL-006378,CUST-03436,Wohngebaeude,AGT-027,2022-03-26,664.53,Active,North Rhine-Westphalia
POL-006379,CUST-01656,Hausrat,AGT-033,2024-09-11,226.66,Active,Mecklenburg-Vorpommern
POL-006380,CUST-00637,Haftpflicht,AGT-011,2024-12-03,93.65,Active,Bremen
POL-006381,CUST-01375,Haftpflicht,AGT-024,2024-12-06,68.13,Active,Brandenburg
POL-006382,CUST-02025,Kfz,AGT-032,2022-10-17,960.38,Active,Baden-Wuerttemberg
POL-006383,CUST-00535,Hausrat,AGT-027,2022-10-27,212.71,Lapsed,Brandenburg
POL-006384,CUST-03126,Hausrat,AGT-012,2022-10-09,223.04,Active,Mecklenburg-Vorpommern
POL-006385,CUST-02086,Kfz,AGT-007,2023-12-29,533.42,Cancelled,Bremen
POL-006386,CUST-00090,Kfz,AGT-015,2023-08-13,540.71,Active,Bremen
POL-006387,CUST-00493,Wohngebaeude,AGT-012,2024-07-09,635.97,Active,Brandenburg
POL-006388,CUST-03954,Haftpflicht,AGT-014,2024-11-25,70.66,Active,Rhineland-Palatinate
POL-006389,CUST-01439,Lebensversicherung,AGT-014,2024-10-01,1043.46,Active,Bremen
POL-006390,CUST-01917,Kfz,AGT-028,2023-09-02,1308.52,Active,Hamburg
POL-006391,CUST-00586,Kfz,AGT-030,2025-01-03,723.84,Lapsed,Hamburg
POL-006392,CUST-02579,Lebensversicherung,AGT-025,2023-09-07,2332.33,Lapsed,Baden-Wuerttemberg
POL-006393,CUST-00898,Kfz,AGT-002,2025-02-09,948.48,Active,Saarland
POL-006394,CUST-03814,Hausrat,AGT-007,2023-10-19,249.9,Lapsed,Brandenburg
POL-006395,CUST-02147,Hausrat,AGT-013,2022-09-17,239.44,Active,Bremen
POL-006396,CUST-00097,Haftpflicht,AGT-021,2022-02-13,76.8,Active,Lower Saxony
POL-006397,CUST-01447,Lebensversicherung,AGT-024,2023-12-12,2384.88,Lapsed,North Rhine-Westphalia
POL-006398,CUST-02563,Haftpflicht,AGT-035,2023-09-05,104.53,Active,Mecklenburg-Vorpommern
POL-006399,CUST-03628,Wohngebaeude,AGT-007,2025-05-25,811.07,Active,Bavaria
POL-006400,CUST-01796,Kfz,AGT-009,2022-05-28,1120.69,Active,Bavaria
POL-006401,CUST-02077,Wohngebaeude,AGT-014,2023-01-17,817.55,Active,Saxony-Anhalt
POL-006402,CUST-01069,Hausrat,AGT-012,2022-12-12,183.15,Active,North Rhine-Westphalia
POL-006403,CUST-01654,Haftpflicht,AGT-040,2022-05-22,102.24,Active,Saarland
POL-006404,CUST-01011,Haftpflicht,AGT-022,2022-01-22,67.46,Active,Mecklenburg-Vorpommern
POL-006405,CUST-03177,Wohngebaeude,AGT-005,2022-09-14,714.11,Active,Brandenburg
POL-006406,CUST-00006,Hausrat,AGT-009,2022-06-21,170.57,Active,Saxony
POL-006407,CUST-03342,Haftpflicht,AGT-031,2022-08-04,42.57,Lapsed,Hesse
POL-006408,CUST-03407,Kfz,AGT-009,2024-07-14,733.72,Active,Saxony
POL-006409,CUST-00831,Kfz,AGT-020,2022-03-15,1197.26,Active,North Rhine-Westphalia
POL-006410,CUST-00838,Kfz,AGT-006,2023-05-30,1352.91,Active,Baden-Wuerttemberg
POL-006411,CUST-01619,Hausrat,AGT-014,2023-07-28,219.68,Active,Baden-Wuerttemberg
POL-006412,CUST-03121,Wohngebaeude,AGT-030,2024-12-11,684.33,Lapsed,Baden-Wuerttemberg
POL-006413,CUST-03486,Haftpflicht,AGT-014,2024-10-10,82.76,Active,Thuringia
POL-006414,CUST-00777,Kfz,AGT-007,2023-08-28,729.71,Active,Rhineland-Palatinate
POL-006415,CUST-03695,Lebensversicherung,AGT-029,2022-11-01,1089.83,Active,Saarland
POL-006416,CUST-02668,Kfz,AGT-002,2022-07-31,597.76,Cancelled,Schleswig-Holstein
POL-006417,CUST-01687,Hausrat,AGT-017,2024-07-09,230.7,Active,Saarland
POL-006418,CUST-01576,Kfz,AGT-009,2025-02-13,1227.92,Active,Schleswig-Holstein
POL-006419,CUST-00777,Kfz,AGT-006,2025-01-27,1074.45,Active,Thuringia
POL-006420,CUST-01153,Wohngebaeude,AGT-036,2023-04-25,727.58,Active,Bremen
POL-006421,CUST-01805,Wohngebaeude,AGT-035,2022-02-16,772.92,Lapsed,Saxony-Anhalt
POL-006422,CUST-02195,Hausrat,AGT-020,2024-11-26,112.63,Active,Hesse
POL-006423,CUST-02810,Kfz,AGT-001,2024-09-17,1378.41,Active,North Rhine-Westphalia
POL-006424,CUST-00519,Haftpflicht,AGT-022,2024-06-07,109.94,Active,Berlin
POL-006425,CUST-01111,Hausrat,AGT-023,2023-08-05,108.34,Lapsed,Lower Saxony
POL-006426,CUST-01803,Hausrat,AGT-032,2025-04-20,67.27,Active,Hesse
POL-006427,CUST-03959,Kfz,AGT-036,2022-01-16,1243.27,Active,Hamburg
POL-006428,CUST-03418,Kfz,AGT-032,2023-07-21,660.01,Active,Schleswig-Holstein
POL-006429,CUST-01417,Kfz,AGT-018,2024-06-29,1269.15,Active,Rhineland-Palatinate
POL-006430,CUST-02820,Haftpflicht,AGT-017,2023-05-04,67.01,Active,Bremen
POL-006431,CUST-01718,Kfz,AGT-034,2023-09-30,1385.01,Active,Berlin
POL-006432,CUST-03557,Kfz,AGT-015,2023-11-12,1241.14,Active,Saxony
POL-006433,CUST-01827,Lebensversicherung,AGT-017,2023-01-08,1284.02,Active,Bavaria
POL-006434,CUST-03582,Kfz,AGT-008,2024-11-26,617.54,Active,Saarland
POL-006435,CUST-02024,Wohngebaeude,AGT-032,2023-11-27,569.5,Active,Hesse
POL-006436,CUST-03639,Kfz,AGT-011,2022-06-18,1241.75,Cancelled,North Rhine-Westphalia
POL-006437,CUST-00616,Kfz,AGT-014,2023-09-18,362.82,Active,Schleswig-Holstein
POL-006438,CUST-02777,Kfz,AGT-035,2022-04-07,547.13,Active,Berlin
POL-006439,CUST-03455,Haftpflicht,AGT-014,2024-02-03,113.55,Active,North Rhine-Westphalia
POL-006440,CUST-02717,Wohngebaeude,AGT-027,2022-09-14,267.88,Active,Berlin
POL-006441,CUST-02622,Haftpflicht,AGT-013,2024-04-30,85.27,Active,Thuringia
POL-006442,CUST-02525,Haftpflicht,AGT-005,2025-06-29,113.62,Active,Saarland
POL-006443,CUST-00468,Haftpflicht,AGT-015,2023-10-20,108.16,Active,Brandenburg
POL-006444,CUST-01015,Kfz,AGT-011,2023-10-08,1112.04,Active,Saarland
POL-006445,CUST-02382,Haftpflicht,AGT-020,2024-10-03,108.28,Lapsed,Hesse
POL-006446,CUST-02227,Haftpflicht,AGT-034,2022-07-01,80.28,Active,Lower Saxony
POL-006447,CUST-00999,Haftpflicht,AGT-020,2024-05-07,72.0,Active,North Rhine-Westphalia
POL-006448,CUST-02997,Hausrat,AGT-008,2022-07-19,124.44,Active,Saxony
POL-006449,CUST-03098,Kfz,AGT-023,2024-08-09,829.12,Active,Schleswig-Holstein
POL-006450,CUST-02764,Hausrat,AGT-017,2022-08-22,73.42,Lapsed,Hamburg
POL-006451,CUST-01626,Haftpflicht,AGT-023,2023-07-08,119.0,Active,Saxony
POL-006452,CUST-02624,Lebensversicherung,AGT-018,2024-05-18,1361.45,Cancelled,Bavaria
POL-006453,CUST-00821,Haftpflicht,AGT-033,2023-04-08,67.87,Active,Saxony-Anhalt
POL-006454,CUST-01237,Haftpflicht,AGT-039,2025-03-03,57.29,Active,Thuringia
POL-006455,CUST-02888,Kfz,AGT-014,2024-12-25,511.2,Lapsed,Brandenburg
POL-006456,CUST-01749,Haftpflicht,AGT-029,2022-03-16,67.37,Active,Saxony-Anhalt
POL-006457,CUST-01119,Hausrat,AGT-037,2024-06-05,75.91,Lapsed,Berlin
POL-006458,CUST-01280,Kfz,AGT-025,2023-09-04,621.15,Active,Mecklenburg-Vorpommern
POL-006459,CUST-00614,Haftpflicht,AGT-024,2023-02-24,80.74,Active,Lower Saxony
POL-006460,CUST-01940,Wohngebaeude,AGT-014,2025-05-04,356.61,Active,Saxony
POL-006461,CUST-00345,Hausrat,AGT-006,2024-11-29,237.53,Active,Hamburg
POL-006462,CUST-01080,Haftpflicht,AGT-029,2023-06-25,110.86,Active,Hamburg
POL-006463,CUST-00014,Wohngebaeude,AGT-030,2024-07-11,339.59,Active,Baden-Wuerttemberg
POL-006464,CUST-01029,Lebensversicherung,AGT-008,2024-04-07,1657.71,Active,Hesse
POL-006465,CUST-03898,Haftpflicht,AGT-006,2025-05-19,79.85,Active,Bremen
POL-006466,CUST-02950,Hausrat,AGT-037,2022-08-22,125.14,Active,Bremen
POL-006467,CUST-01114,Kfz,AGT-005,2022-02-12,718.28,Active,Brandenburg
POL-006468,CUST-01305,Hausrat,AGT-008,2025-05-17,161.5,Lapsed,Saarland
POL-006469,CUST-00537,Kfz,AGT-010,2024-03-10,433.89,Lapsed,Brandenburg
POL-006470,CUST-00688,Kfz,AGT-011,2024-01-03,435.97,Active,Thuringia
POL-006471,CUST-03184,Wohngebaeude,AGT-014,2024-10-23,596.0,Active,Bavaria
POL-006472,CUST-01416,Haftpflicht,AGT-029,2022-04-12,99.46,Active,Rhineland-Palatinate
POL-006473,CUST-00478,Wohngebaeude,AGT-003,2025-02-13,596.56,Active,Saxony
POL-006474,CUST-00494,Kfz,AGT-010,2022-03-16,1225.84,Active,Saxony-Anhalt
POL-006475,CUST-03265,Kfz,AGT-030,2025-03-12,953.67,Lapsed,Mecklenburg-Vorpommern
POL-006476,CUST-01372,Hausrat,AGT-004,2023-04-12,79.04,Active,Bavaria
POL-006477,CUST-00217,Haftpflicht,AGT-018,2024-06-14,75.39,Cancelled,Hesse
POL-006478,CUST-01839,Hausrat,AGT-039,2024-01-06,216.84,Active,Berlin
POL-006479,CUST-01587,Kfz,AGT-018,2022-04-05,1221.74,Active,Saxony
POL-006480,CUST-02052,Kfz,AGT-018,2024-01-08,946.91,Lapsed,Saarland
POL-006481,CUST-02203,Haftpflicht,AGT-027,2025-06-29,93.03,Active,Brandenburg
POL-006482,CUST-00975,Kfz,AGT-019,2022-12-26,434.5,Active,North Rhine-Westphalia
POL-006483,CUST-00174,Haftpflicht,AGT-026,2023-02-23,100.58,Active,Hesse
POL-006484,CUST-02917,Kfz,AGT-014,2022-10-13,760.92,Active,Lower Saxony
POL-006485,CUST-02187,Kfz,AGT-031,2024-11-27,1185.11,Active,Thuringia
POL-006486,CUST-02542,Haftpflicht,AGT-033,2024-06-04,52.94,Active,Saxony-Anhalt
POL-006487,CUST-00184,Wohngebaeude,AGT-004,2024-10-28,545.02,Active,Schleswig-Holstein
POL-006488,CUST-02499,Haftpflicht,AGT-018,2023-07-01,70.03,Active,Saxony-Anhalt
POL-006489,CUST-03302,Haftpflicht,AGT-028,2022-04-01,49.79,Active,Hamburg
POL-006490,CUST-01364,Haftpflicht,AGT-015,2024-06-19,82.14,Active,Brandenburg
POL-006491,CUST-02512,Hausrat,AGT-014,2023-11-20,211.79,Active,Mecklenburg-Vorpommern
POL-006492,CUST-00855,Lebensversicherung,AGT-009,2025-06-07,1555.45,Active,Bavaria
POL-006493,CUST-02818,Kfz,AGT-026,2025-01-14,1321.73,Cancelled,Saxony-Anhalt
POL-006494,CUST-03553,Hausrat,AGT-013,2023-08-08,247.01,Lapsed,Berlin
POL-006495,CUST-00896,Haftpflicht,AGT-029,2024-12-10,40.68,Active,Baden-Wuerttemberg
POL-006496,CUST-02231,Haftpflicht,AGT-002,2023-10-22,83.05,Active,Mecklenburg-Vorpommern
POL-006497,CUST-03428,Wohngebaeude,AGT-027,2022-10-28,227.52,Active,Thuringia
POL-006498,CUST-02828,Haftpflicht,AGT-025,2024-06-08,71.19,Active,Berlin
POL-006499,CUST-00465,Haftpflicht,AGT-014,2025-02-04,93.38,Lapsed,Hesse
POL-006500,CUST-00864,Wohngebaeude,AGT-004,2022-10-15,819.18,Lapsed,Saxony
POL-006501,CUST-03071,Kfz,AGT-037,2023-04-18,866.69,Active,Saxony
POL-006502,CUST-01827,Wohngebaeude,AGT-037,2023-09-11,649.87,Cancelled,Berlin
POL-006503,CUST-00379,Haftpflicht,AGT-012,2022-04-05,113.24,Active,Thuringia
POL-006504,CUST-03051,Hausrat,AGT-014,2025-03-11,214.25,Active,Saarland
POL-006505,CUST-00331,Hausrat,AGT-012,2023-12-12,173.44,Active,Hesse
POL-006506,CUST-00857,Hausrat,AGT-029,2022-02-19,72.91,Active,Brandenburg
POL-006507,CUST-02923,Kfz,AGT-001,2024-08-29,1276.45,Active,Thuringia
POL-006508,CUST-02466,Kfz,AGT-006,2024-08-25,1091.2,Cancelled,Baden-Wuerttemberg
POL-006509,CUST-00551,Lebensversicherung,AGT-013,2025-05-21,641.91,Lapsed,Hamburg
POL-006510,CUST-02237,Haftpflicht,AGT-010,2023-10-02,89.86,Active,Rhineland-Palatinate
POL-006511,CUST-00079,Kfz,AGT-014,2025-01-28,364.58,Cancelled,Berlin
POL-006512,CUST-03061,Wohngebaeude,AGT-013,2024-06-07,724.69,Cancelled,Mecklenburg-Vorpommern
POL-006513,CUST-02758,Kfz,AGT-027,2022-05-08,648.05,Active,Brandenburg
POL-006514,CUST-02743,Wohngebaeude,AGT-021,2024-05-11,261.06,Active,Lower Saxony
POL-006515,CUST-03915,Hausrat,AGT-040,2022-01-24,135.62,Active,Hesse
POL-006516,CUST-03813,Wohngebaeude,AGT-016,2025-03-30,329.07,Active,Saarland
POL-006517,CUST-03566,Hausrat,AGT-022,2025-04-01,195.28,Active,Berlin
POL-006518,CUST-03714,Hausrat,AGT-003,2022-10-29,67.96,Cancelled,Baden-Wuerttemberg
POL-006519,CUST-00606,Wohngebaeude,AGT-010,2024-09-11,310.82,Active,Saarland
POL-006520,CUST-03281,Kfz,AGT-003,2024-06-19,894.77,Active,Brandenburg
POL-006521,CUST-02196,Kfz,AGT-014,2022-01-13,884.4,Active,Schleswig-Holstein
POL-006522,CUST-01195,Kfz,AGT-009,2023-11-26,610.56,Active,Brandenburg
POL-006523,CUST-02249,Kfz,AGT-017,2024-10-12,876.23,Active,Saarland
POL-006524,CUST-02077,Kfz,AGT-013,2023-03-17,962.95,Active,Baden-Wuerttemberg
POL-006525,CUST-00384,Haftpflicht,AGT-001,2022-05-21,87.77,Active,Rhineland-Palatinate
POL-006526,CUST-02884,Hausrat,AGT-012,2024-06-29,206.16,Cancelled,Rhineland-Palatinate
POL-006527,CUST-03062,Lebensversicherung,AGT-010,2022-07-05,361.93,Cancelled,Brandenburg
POL-006528,CUST-02814,Kfz,AGT-025,2022-04-05,688.13,Active,North Rhine-Westphalia
POL-006529,CUST-02296,Wohngebaeude,AGT-019,2022-11-19,496.66,Active,Baden-Wuerttemberg
POL-006530,CUST-01918,Lebensversicherung,AGT-028,2024-08-17,2045.21,Lapsed,Hamburg
POL-006531,CUST-02596,Kfz,AGT-035,2024-08-18,1322.58,Active,Saxony
POL-006532,CUST-03559,Haftpflicht,AGT-002,2024-05-04,50.03,Active,Saarland
POL-006533,CUST-00238,Haftpflicht,AGT-006,2025-01-23,90.27,Active,Brandenburg
POL-006534,CUST-03883,Kfz,AGT-010,2022-03-01,903.46,Active,Saxony
POL-006535,CUST-00475,Kfz,AGT-031,2024-03-03,711.75,Active,Saxony
POL-006536,CUST-01311,Wohngebaeude,AGT-010,2023-10-28,827.27,Lapsed,Bavaria
POL-006537,CUST-01707,Lebensversicherung,AGT-002,2023-09-27,1639.55,Lapsed,Schleswig-Holstein
POL-006538,CUST-00177,Haftpflicht,AGT-033,2022-02-19,69.87,Active,Thuringia
POL-006539,CUST-03754,Hausrat,AGT-001,2022-06-28,150.2,Lapsed,Hesse
POL-006540,CUST-03440,Wohngebaeude,AGT-002,2023-08-03,535.56,Lapsed,Bremen
POL-006541,CUST-00520,Haftpflicht,AGT-025,2024-06-22,66.52,Active,Saxony
POL-006542,CUST-01211,Wohngebaeude,AGT-008,2024-12-05,810.86,Active,Berlin
POL-006543,CUST-02799,Kfz,AGT-005,2022-04-22,1254.78,Active,Saarland
POL-006544,CUST-00978,Hausrat,AGT-014,2022-01-31,65.34,Active,Hesse
POL-006545,CUST-01919,Kfz,AGT-020,2022-02-18,808.47,Active,Saxony-Anhalt
POL-006546,CUST-03846,Haftpflicht,AGT-034,2022-04-20,111.51,Active,Mecklenburg-Vorpommern
POL-006547,CUST-00410,Wohngebaeude,AGT-020,2023-06-25,267.01,Active,Schleswig-Holstein
POL-006548,CUST-00460,Kfz,AGT-033,2023-09-16,964.15,Active,Brandenburg
POL-006549,CUST-01173,Wohngebaeude,AGT-027,2023-10-08,516.83,Active,Rhineland-Palatinate
POL-006550,CUST-03345,Kfz,AGT-002,2023-04-18,409.28,Active,North Rhine-Westphalia
POL-006551,CUST-00334,Hausrat,AGT-033,2023-11-26,164.03,Active,Saxony-Anhalt
POL-006552,CUST-01761,Kfz,AGT-009,2022-01-07,1247.36,Active,Saxony-Anhalt
POL-006553,CUST-03006,Lebensversicherung,AGT-039,2025-01-01,1759.86,Lapsed,Schleswig-Holstein
POL-006554,CUST-03139,Hausrat,AGT-017,2025-03-12,184.4,Active,Bremen
POL-006555,CUST-00722,Lebensversicherung,AGT-040,2023-05-03,770.23,Lapsed,Mecklenburg-Vorpommern
POL-006556,CUST-03178,Hausrat,AGT-036,2023-12-24,123.89,Active,North Rhine-Westphalia
POL-006557,CUST-02177,Wohngebaeude,AGT-002,2022-10-08,206.83,Active,Brandenburg
POL-006558,CUST-00627,Hausrat,AGT-029,2025-03-26,226.39,Active,Baden-Wuerttemberg
POL-006559,CUST-03044,Kfz,AGT-018,2023-01-13,1353.38,Active,Baden-Wuerttemberg
POL-006560,CUST-02434,Haftpflicht,AGT-007,2024-01-28,110.28,Active,Lower Saxony
POL-006561,CUST-01087,Hausrat,AGT-003,2022-04-02,81.72,Active,Rhineland-Palatinate
POL-006562,CUST-01822,Kfz,AGT-005,2022-01-12,822.2,Lapsed,Hamburg
POL-006563,CUST-02301,Hausrat,AGT-015,2022-07-24,199.84,Active,Bremen
POL-006564,CUST-02975,Wohngebaeude,AGT-037,2023-09-25,782.66,Active,Saxony
POL-006565,CUST-03118,Kfz,AGT-016,2024-01-07,582.63,Lapsed,Bremen
POL-006566,CUST-02025,Wohngebaeude,AGT-021,2023-10-19,341.43,Active,Mecklenburg-Vorpommern
POL-006567,CUST-00650,Kfz,AGT-017,2023-01-14,1332.08,Cancelled,North Rhine-Westphalia
POL-006568,CUST-02024,Kfz,AGT-022,2023-10-03,952.57,Lapsed,Baden-Wuerttemberg
POL-006569,CUST-00185,Haftpflicht,AGT-012,2023-12-05,43.06,Active,Saarland
POL-006570,CUST-02749,Lebensversicherung,AGT-034,2023-07-02,328.12,Active,Saxony-Anhalt
POL-006571,CUST-02117,Lebensversicherung,AGT-017,2024-09-26,2461.92,Lapsed,Rhineland-Palatinate
POL-006572,CUST-00156,Kfz,AGT-011,2025-02-23,1334.0,Lapsed,Brandenburg
POL-006573,CUST-03571,Kfz,AGT-035,2023-09-10,964.68,Active,Brandenburg
POL-006574,CUST-02906,Kfz,AGT-018,2023-04-22,1337.03,Lapsed,Saarland
POL-006575,CUST-01987,Haftpflicht,AGT-040,2025-04-26,114.4,Active,Berlin
POL-006576,CUST-01511,Hausrat,AGT-006,2022-11-05,61.09,Lapsed,Saxony-Anhalt
POL-006577,CUST-01029,Hausrat,AGT-023,2024-08-10,61.06,Lapsed,Berlin
POL-006578,CUST-00898,Hausrat,AGT-017,2023-04-19,62.11,Active,Lower Saxony
POL-006579,CUST-02096,Haftpflicht,AGT-010,2025-03-07,84.99,Active,Saarland
POL-006580,CUST-02018,Kfz,AGT-014,2023-03-28,601.0,Active,Schleswig-Holstein
POL-006581,CUST-00087,Hausrat,AGT-015,2022-01-24,87.13,Cancelled,North Rhine-Westphalia
POL-006582,CUST-00372,Haftpflicht,AGT-005,2022-01-16,57.77,Active,Brandenburg
POL-006583,CUST-02340,Kfz,AGT-030,2023-12-07,742.39,Active,Hamburg
POL-006584,CUST-01034,Kfz,AGT-033,2024-05-02,1301.6,Active,Brandenburg
POL-006585,CUST-01234,Kfz,AGT-017,2022-05-02,700.26,Cancelled,Saarland
POL-006586,CUST-02109,Lebensversicherung,AGT-010,2023-12-28,346.32,Lapsed,Hesse
POL-006587,CUST-03786,Haftpflicht,AGT-026,2024-12-28,84.67,Active,Bremen
POL-006588,CUST-02803,Hausrat,AGT-033,2025-04-05,228.09,Active,Bavaria
POL-006589,CUST-00500,Haftpflicht,AGT-020,2022-10-21,112.76,Active,Saxony-Anhalt
POL-006590,CUST-01781,Kfz,AGT-034,2022-10-19,910.74,Lapsed,Berlin
POL-006591,CUST-00216,Hausrat,AGT-014,2025-01-17,144.34,Cancelled,Saxony
POL-006592,CUST-03081,Kfz,AGT-009,2023-04-02,1152.53,Active,Brandenburg
POL-006593,CUST-00576,Hausrat,AGT-031,2023-05-05,226.56,Cancelled,Brandenburg
POL-006594,CUST-02252,Kfz,AGT-021,2024-02-17,720.2,Active,Schleswig-Holstein
POL-006595,CUST-02954,Haftpflicht,AGT-016,2022-04-14,53.24,Active,Lower Saxony
POL-006596,CUST-02990,Haftpflicht,AGT-002,2023-07-27,97.66,Lapsed,Baden-Wuerttemberg
POL-006597,CUST-00721,Kfz,AGT-031,2024-11-23,898.06,Active,Schleswig-Holstein
POL-006598,CUST-01062,Wohngebaeude,AGT-018,2022-04-05,610.4,Active,Baden-Wuerttemberg
POL-006599,CUST-03387,Haftpflicht,AGT-010,2022-05-16,97.76,Active,North Rhine-Westphalia
POL-006600,CUST-03972,Haftpflicht,AGT-027,2022-05-27,97.78,Active,Berlin
POL-006601,CUST-02965,Haftpflicht,AGT-016,2024-06-15,55.13,Active,Saxony
POL-006602,CUST-03093,Wohngebaeude,AGT-026,2023-10-21,425.45,Active,Lower Saxony
POL-006603,CUST-02649,Wohngebaeude,AGT-023,2022-08-23,798.32,Active,Bremen
POL-006604,CUST-01844,Hausrat,AGT-017,2025-02-17,70.74,Active,Hesse
POL-006605,CUST-01757,Hausrat,AGT-027,2023-01-22,177.62,Active,Saxony-Anhalt
POL-006606,CUST-00001,Hausrat,AGT-033,2023-06-15,80.2,Active,Saxony
POL-006607,CUST-02694,Hausrat,AGT-029,2024-07-06,112.84,Active,Hamburg
POL-006608,CUST-02475,Kfz,AGT-010,2025-04-05,1032.95,Cancelled,Bavaria
POL-006609,CUST-01946,Haftpflicht,AGT-015,2023-01-25,118.65,Active,Berlin
POL-006610,CUST-00741,Haftpflicht,AGT-007,2023-04-18,79.64,Active,Rhineland-Palatinate
POL-006611,CUST-00238,Kfz,AGT-039,2022-05-03,1031.31,Cancelled,Berlin
POL-006612,CUST-03077,Wohngebaeude,AGT-035,2023-06-11,320.2,Cancelled,Mecklenburg-Vorpommern
POL-006613,CUST-00726,Kfz,AGT-026,2023-05-06,419.55,Active,Thuringia
POL-006614,CUST-01083,Lebensversicherung,AGT-019,2024-10-15,918.98,Active,Mecklenburg-Vorpommern
POL-006615,CUST-00589,Haftpflicht,AGT-007,2023-04-12,66.06,Active,Rhineland-Palatinate
POL-006616,CUST-02080,Kfz,AGT-038,2022-12-08,1307.2,Active,Schleswig-Holstein
POL-006617,CUST-03436,Wohngebaeude,AGT-038,2025-06-18,348.29,Active,Mecklenburg-Vorpommern
POL-006618,CUST-01491,Kfz,AGT-015,2025-05-12,1333.86,Active,Thuringia
POL-006619,CUST-03039,Wohngebaeude,AGT-021,2022-12-02,760.22,Active,Hamburg
POL-006620,CUST-00333,Kfz,AGT-034,2024-04-27,827.29,Active,Saxony
POL-006621,CUST-00855,Lebensversicherung,AGT-028,2024-09-05,435.33,Active,Baden-Wuerttemberg
POL-006622,CUST-03245,Haftpflicht,AGT-010,2024-06-18,57.5,Active,Bremen
POL-006623,CUST-02416,Hausrat,AGT-018,2024-07-06,247.72,Lapsed,Brandenburg
POL-006624,CUST-00099,Kfz,AGT-018,2024-09-08,1123.89,Active,Rhineland-Palatinate
POL-006625,CUST-01587,Lebensversicherung,AGT-038,2024-06-25,1908.97,Lapsed,Bremen
POL-006626,CUST-01634,Haftpflicht,AGT-010,2024-06-10,51.01,Lapsed,Schleswig-Holstein
POL-006627,CUST-00205,Kfz,AGT-026,2024-04-18,1041.44,Active,North Rhine-Westphalia
POL-006628,CUST-03886,Lebensversicherung,AGT-012,2025-04-22,1467.42,Active,Berlin
POL-006629,CUST-00313,Hausrat,AGT-031,2025-02-11,170.54,Active,Berlin
POL-006630,CUST-00906,Hausrat,AGT-040,2024-01-18,224.11,Active,Lower Saxony
POL-006631,CUST-03088,Haftpflicht,AGT-007,2024-07-18,84.33,Active,Hesse
POL-006632,CUST-01794,Haftpflicht,AGT-015,2025-03-20,82.08,Active,Lower Saxony
POL-006633,CUST-03264,Lebensversicherung,AGT-040,2023-12-25,2158.67,Active,Brandenburg
POL-006634,CUST-03300,Kfz,AGT-001,2024-04-23,899.49,Active,Brandenburg
POL-006635,CUST-02728,Haftpflicht,AGT-038,2023-06-19,76.53,Active,Rhineland-Palatinate
POL-006636,CUST-03825,Wohngebaeude,AGT-007,2024-03-27,742.96,Active,Hamburg
POL-006637,CUST-02231,Wohngebaeude,AGT-029,2025-06-02,861.55,Active,Hesse
POL-006638,CUST-01570,Haftpflicht,AGT-015,2025-01-10,119.25,Active,Hamburg
POL-006639,CUST-01752,Hausrat,AGT-015,2024-09-30,146.06,Active,Mecklenburg-Vorpommern
POL-006640,CUST-00978,Kfz,AGT-026,2024-02-02,484.49,Active,Bremen
POL-006641,CUST-02668,Haftpflicht,AGT-036,2022-01-23,60.55,Active,Berlin
POL-006642,CUST-02350,Lebensversicherung,AGT-004,2023-04-19,2017.82,Active,Bremen
POL-006643,CUST-02645,Kfz,AGT-009,2022-11-02,1183.53,Active,Saarland
POL-006644,CUST-02627,Haftpflicht,AGT-038,2024-10-15,78.67,Active,Mecklenburg-Vorpommern
POL-006645,CUST-01697,Kfz,AGT-005,2024-11-23,532.88,Active,Schleswig-Holstein
POL-006646,CUST-00016,Kfz,AGT-009,2022-12-17,929.88,Lapsed,Bavaria
POL-006647,CUST-01205,Kfz,AGT-025,2023-01-03,1063.4,Active,Hamburg
POL-006648,CUST-01473,Kfz,AGT-036,2024-08-26,1083.86,Active,Hamburg
POL-006649,CUST-02040,Lebensversicherung,AGT-004,2024-04-06,1080.7,Active,Berlin
POL-006650,CUST-03089,Haftpflicht,AGT-037,2024-12-21,56.09,Active,Schleswig-Holstein
POL-006651,CUST-00767,Kfz,AGT-026,2025-03-29,1097.46,Lapsed,Baden-Wuerttemberg
POL-006652,CUST-01497,Haftpflicht,AGT-029,2023-06-06,86.08,Active,Brandenburg
POL-006653,CUST-02327,Kfz,AGT-036,2023-03-06,1230.06,Cancelled,North Rhine-Westphalia
POL-006654,CUST-03329,Hausrat,AGT-021,2024-07-24,64.91,Active,Hesse
POL-006655,CUST-01098,Kfz,AGT-025,2025-06-24,490.08,Active,Hesse
POL-006656,CUST-02434,Haftpflicht,AGT-017,2024-04-25,76.74,Lapsed,Lower Saxony
POL-006657,CUST-01679,Haftpflicht,AGT-035,2022-06-09,96.13,Active,Rhineland-Palatinate
POL-006658,CUST-00189,Wohngebaeude,AGT-002,2022-08-23,708.3,Cancelled,Bremen
POL-006659,CUST-03857,Haftpflicht,AGT-003,2024-08-20,72.14,Active,Saxony
POL-006660,CUST-01762,Kfz,AGT-020,2023-05-27,1073.38,Active,Berlin
POL-006661,CUST-01309,Haftpflicht,AGT-012,2022-10-07,59.86,Active,Brandenburg
POL-006662,CUST-02682,Kfz,AGT-026,2023-06-17,1370.38,Active,Lower Saxony
POL-006663,CUST-01057,Kfz,AGT-002,2022-02-17,527.82,Active,Lower Saxony
POL-006664,CUST-01650,Kfz,AGT-022,2023-01-23,947.65,Active,Saxony
POL-006665,CUST-03181,Kfz,AGT-025,2023-10-04,452.42,Active,Rhineland-Palatinate
POL-006666,CUST-00107,Haftpflicht,AGT-039,2025-05-17,115.2,Active,Saxony
POL-006667,CUST-03314,Haftpflicht,AGT-031,2024-11-13,114.22,Active,Saarland
POL-006668,CUST-00407,Kfz,AGT-019,2023-01-28,1097.23,Active,Bavaria
POL-006669,CUST-00727,Haftpflicht,AGT-033,2023-09-06,58.91,Active,Saxony-Anhalt
POL-006670,CUST-01855,Lebensversicherung,AGT-003,2025-03-28,1668.2,Active,Bavaria
POL-006671,CUST-02242,Haftpflicht,AGT-008,2025-03-24,98.33,Active,Hesse
POL-006672,CUST-01057,Kfz,AGT-020,2024-08-25,425.03,Active,Saarland
POL-006673,CUST-01730,Kfz,AGT-017,2022-08-03,584.75,Active,North Rhine-Westphalia
POL-006674,CUST-03684,Wohngebaeude,AGT-034,2024-02-28,697.15,Active,Thuringia
POL-006675,CUST-00412,Haftpflicht,AGT-010,2022-02-22,55.15,Active,Bremen
POL-006676,CUST-00153,Wohngebaeude,AGT-022,2024-09-18,632.52,Active,Saarland
POL-006677,CUST-02554,Kfz,AGT-022,2024-11-04,1079.14,Active,Schleswig-Holstein
POL-006678,CUST-03900,Lebensversicherung,AGT-004,2025-03-28,1293.36,Active,Bremen
POL-006679,CUST-03863,Hausrat,AGT-033,2024-10-07,98.58,Active,Bavaria
POL-006680,CUST-03908,Kfz,AGT-013,2022-07-05,619.0,Active,Hamburg
POL-006681,CUST-02604,Hausrat,AGT-020,2025-06-04,228.5,Active,Bavaria
POL-006682,CUST-03335,Wohngebaeude,AGT-010,2022-10-01,860.17,Cancelled,North Rhine-Westphalia
POL-006683,CUST-01493,Wohngebaeude,AGT-035,2025-02-03,885.17,Active,Berlin
POL-006684,CUST-02146,Lebensversicherung,AGT-005,2023-06-16,1535.99,Active,Brandenburg
POL-006685,CUST-01167,Wohngebaeude,AGT-029,2022-07-10,244.52,Active,Mecklenburg-Vorpommern
POL-006686,CUST-02875,Haftpflicht,AGT-021,2024-09-23,57.56,Active,Schleswig-Holstein
POL-006687,CUST-03807,Kfz,AGT-013,2024-05-09,423.48,Lapsed,Saxony
POL-006688,CUST-02381,Kfz,AGT-030,2022-11-03,471.59,Active,Hesse
POL-006689,CUST-02869,Kfz,AGT-026,2024-08-28,1200.82,Cancelled,Bremen
POL-006690,CUST-02917,Kfz,AGT-014,2023-04-13,693.89,Active,North Rhine-Westphalia
POL-006691,CUST-01110,Hausrat,AGT-008,2024-02-25,158.94,Lapsed,Hesse
POL-006692,CUST-02315,Haftpflicht,AGT-032,2023-07-10,44.46,Lapsed,Schleswig-Holstein
POL-006693,CUST-02943,Kfz,AGT-001,2023-01-08,753.08,Lapsed,Lower Saxony
POL-006694,CUST-03731,Wohngebaeude,AGT-036,2023-10-18,849.81,Cancelled,Hesse
POL-006695,CUST-02419,Kfz,AGT-010,2024-10-29,562.24,Active,Rhineland-Palatinate
POL-006696,CUST-02735,Kfz,AGT-021,2024-08-09,382.06,Lapsed,North Rhine-Westphalia
POL-006697,CUST-00066,Kfz,AGT-032,2024-11-19,780.14,Active,Brandenburg
POL-006698,CUST-01874,Kfz,AGT-013,2024-04-20,496.49,Active,Thuringia
POL-006699,CUST-00479,Kfz,AGT-040,2025-03-20,737.61,Active,Hesse
POL-006700,CUST-01572,Haftpflicht,AGT-032,2023-11-19,66.65,Active,Rhineland-Palatinate
POL-006701,CUST-00633,Kfz,AGT-031,2022-03-23,1027.64,Active,Berlin
POL-006702,CUST-01807,Lebensversicherung,AGT-027,2023-08-30,1476.55,Active,Saxony-Anhalt
POL-006703,CUST-03442,Hausrat,AGT-004,2022-07-15,85.33,Cancelled,Hamburg
POL-006704,CUST-03213,Hausrat,AGT-011,2023-12-15,236.68,Lapsed,Lower Saxony
POL-006705,CUST-00869,Kfz,AGT-006,2025-05-07,1147.65,Active,Lower Saxony
POL-006706,CUST-02268,Kfz,AGT-022,2024-03-11,845.54,Active,Lower Saxony
POL-006707,CUST-03876,Kfz,AGT-009,2022-05-29,469.12,Active,Baden-Wuerttemberg
POL-006708,CUST-02257,Kfz,AGT-021,2022-12-12,1243.68,Active,Schleswig-Holstein
POL-006709,CUST-03417,Haftpflicht,AGT-023,2024-03-30,65.56,Active,Saxony-Anhalt
POL-006710,CUST-01070,Kfz,AGT-035,2024-10-23,689.71,Active,Thuringia
POL-006711,CUST-00207,Hausrat,AGT-020,2022-03-31,133.53,Active,Saarland
POL-006712,CUST-02370,Haftpflicht,AGT-037,2025-01-10,116.81,Active,Brandenburg
POL-006713,CUST-00599,Hausrat,AGT-025,2022-01-03,135.17,Active,North Rhine-Westphalia
POL-006714,CUST-00199,Haftpflicht,AGT-023,2024-01-20,87.69,Active,Hesse
POL-006715,CUST-02530,Kfz,AGT-002,2025-03-04,902.69,Active,Bavaria
POL-006716,CUST-00795,Wohngebaeude,AGT-004,2024-10-14,525.46,Active,Baden-Wuerttemberg
POL-006717,CUST-02376,Kfz,AGT-015,2022-02-10,520.93,Active,Mecklenburg-Vorpommern
POL-006718,CUST-01416,Wohngebaeude,AGT-010,2024-08-10,514.17,Active,Hesse
POL-006719,CUST-02889,Haftpflicht,AGT-010,2025-01-12,64.61,Cancelled,Bremen
POL-006720,CUST-00588,Haftpflicht,AGT-024,2022-08-01,102.99,Active,Rhineland-Palatinate
POL-006721,CUST-02297,Kfz,AGT-033,2024-01-03,896.07,Lapsed,Bavaria
POL-006722,CUST-01992,Kfz,AGT-018,2022-06-11,793.56,Active,Lower Saxony
POL-006723,CUST-03442,Kfz,AGT-021,2022-08-18,442.73,Active,Schleswig-Holstein
POL-006724,CUST-00064,Kfz,AGT-010,2024-11-19,1140.22,Active,Hamburg
POL-006725,CUST-00289,Hausrat,AGT-025,2022-02-07,188.95,Lapsed,Baden-Wuerttemberg
POL-006726,CUST-03646,Wohngebaeude,AGT-031,2024-10-10,271.6,Active,Saarland
POL-006727,CUST-01372,Kfz,AGT-007,2025-06-23,1015.87,Active,Mecklenburg-Vorpommern
POL-006728,CUST-00705,Kfz,AGT-004,2023-01-25,1258.5,Active,Rhineland-Palatinate
POL-006729,CUST-01243,Hausrat,AGT-002,2023-09-04,61.72,Active,Baden-Wuerttemberg
POL-006730,CUST-03944,Haftpflicht,AGT-014,2023-12-03,116.38,Lapsed,Brandenburg
POL-006731,CUST-01494,Kfz,AGT-003,2022-05-23,637.59,Active,Bavaria
POL-006732,CUST-02167,Kfz,AGT-028,2022-06-19,1307.84,Active,Hamburg
POL-006733,CUST-01203,Haftpflicht,AGT-026,2024-06-17,67.62,Lapsed,Berlin
POL-006734,CUST-00618,Haftpflicht,AGT-003,2023-02-27,101.09,Active,Lower Saxony
POL-006735,CUST-03621,Haftpflicht,AGT-038,2023-12-28,55.25,Lapsed,Bavaria
POL-006736,CUST-03330,Hausrat,AGT-003,2024-08-24,239.83,Active,Brandenburg
POL-006737,CUST-03946,Haftpflicht,AGT-004,2024-11-21,77.57,Lapsed,Saxony
POL-006738,CUST-00531,Haftpflicht,AGT-018,2023-04-13,111.2,Lapsed,Bremen
POL-006739,CUST-03970,Haftpflicht,AGT-025,2023-04-19,47.13,Active,Thuringia
POL-006740,CUST-03007,Hausrat,AGT-012,2024-11-06,213.83,Active,Schleswig-Holstein
POL-006741,CUST-01769,Hausrat,AGT-020,2024-04-21,218.51,Cancelled,Bremen
POL-006742,CUST-00609,Hausrat,AGT-016,2024-10-01,100.46,Active,Schleswig-Holstein
POL-006743,CUST-00675,Wohngebaeude,AGT-039,2025-04-26,699.36,Active,Baden-Wuerttemberg
POL-006744,CUST-00022,Kfz,AGT-026,2022-10-11,671.06,Active,Mecklenburg-Vorpommern
POL-006745,CUST-01465,Hausrat,AGT-026,2023-08-15,136.8,Active,Hesse
POL-006746,CUST-00111,Wohngebaeude,AGT-024,2023-06-01,846.0,Active,Hamburg
POL-006747,CUST-00342,Hausrat,AGT-028,2024-12-08,91.9,Active,Lower Saxony
POL-006748,CUST-02140,Kfz,AGT-005,2023-04-01,1010.06,Active,Thuringia
POL-006749,CUST-03542,Haftpflicht,AGT-026,2022-04-07,54.83,Active,Bremen
POL-006750,CUST-03001,Kfz,AGT-020,2024-06-11,399.9,Active,Hesse
POL-006751,CUST-02775,Kfz,AGT-027,2023-08-15,503.79,Active,Hesse
POL-006752,CUST-01655,Haftpflicht,AGT-020,2024-03-20,44.38,Active,Bavaria
POL-006753,CUST-01612,Haftpflicht,AGT-025,2023-09-18,77.04,Cancelled,Bavaria
POL-006754,CUST-00893,Lebensversicherung,AGT-005,2024-01-02,2005.84,Lapsed,Saarland
POL-006755,CUST-01957,Hausrat,AGT-025,2023-03-06,147.82,Active,Rhineland-Palatinate
POL-006756,CUST-00760,Haftpflicht,AGT-020,2024-09-13,112.88,Active,Saxony
POL-006757,CUST-01278,Wohngebaeude,AGT-005,2022-12-12,537.88,Active,Saarland
POL-006758,CUST-03015,Hausrat,AGT-033,2022-08-06,85.39,Active,Lower Saxony
POL-006759,CUST-03438,Kfz,AGT-036,2025-04-09,993.17,Active,Brandenburg
POL-006760,CUST-01277,Hausrat,AGT-003,2024-10-31,73.92,Active,Lower Saxony
POL-006761,CUST-03948,Kfz,AGT-006,2024-07-27,714.34,Active,Brandenburg
POL-006762,CUST-03414,Wohngebaeude,AGT-013,2025-02-18,497.77,Active,Mecklenburg-Vorpommern
POL-006763,CUST-00124,Haftpflicht,AGT-025,2023-06-30,81.65,Lapsed,Schleswig-Holstein
POL-006764,CUST-01605,Haftpflicht,AGT-040,2024-03-03,67.79,Active,Hamburg
POL-006765,CUST-00105,Wohngebaeude,AGT-022,2022-05-23,850.94,Active,Saxony-Anhalt
POL-006766,CUST-01981,Wohngebaeude,AGT-033,2024-10-25,218.43,Active,Brandenburg
POL-006767,CUST-01722,Haftpflicht,AGT-038,2024-09-17,40.62,Active,Hesse
POL-006768,CUST-00791,Wohngebaeude,AGT-025,2022-11-06,664.39,Active,Bavaria
POL-006769,CUST-00296,Haftpflicht,AGT-014,2023-05-15,93.89,Lapsed,Thuringia
POL-006770,CUST-01343,Lebensversicherung,AGT-019,2022-10-09,2361.9,Lapsed,Saxony-Anhalt
POL-006771,CUST-00079,Hausrat,AGT-020,2022-05-19,90.91,Active,Hamburg
POL-006772,CUST-02471,Kfz,AGT-024,2025-02-03,721.72,Active,North Rhine-Westphalia
POL-006773,CUST-03391,Kfz,AGT-021,2022-03-22,410.03,Lapsed,Bavaria
POL-006774,CUST-00052,Hausrat,AGT-024,2024-02-20,205.18,Active,North Rhine-Westphalia
POL-006775,CUST-01070,Haftpflicht,AGT-014,2025-03-10,52.51,Active,Baden-Wuerttemberg
POL-006776,CUST-01009,Kfz,AGT-011,2024-12-14,1007.31,Active,Saxony-Anhalt
POL-006777,CUST-00440,Wohngebaeude,AGT-027,2022-04-25,317.99,Active,Mecklenburg-Vorpommern
POL-006778,CUST-02208,Haftpflicht,AGT-039,2022-03-30,52.86,Active,Saxony
POL-006779,CUST-02073,Haftpflicht,AGT-039,2022-07-11,60.58,Active,Saxony-Anhalt
POL-006780,CUST-00388,Wohngebaeude,AGT-031,2025-04-22,663.3,Active,Saxony-Anhalt
POL-006781,CUST-03958,Lebensversicherung,AGT-025,2025-02-05,1837.11,Lapsed,Baden-Wuerttemberg
POL-006782,CUST-03886,Kfz,AGT-025,2025-02-16,581.44,Active,Brandenburg
POL-006783,CUST-02871,Kfz,AGT-019,2023-02-07,646.88,Active,Rhineland-Palatinate
POL-006784,CUST-03862,Kfz,AGT-030,2022-10-18,801.73,Active,Schleswig-Holstein
POL-006785,CUST-03965,Wohngebaeude,AGT-005,2024-03-21,503.97,Active,Thuringia
POL-006786,CUST-00316,Lebensversicherung,AGT-027,2024-03-28,1536.99,Cancelled,Mecklenburg-Vorpommern
POL-006787,CUST-02095,Kfz,AGT-032,2022-04-28,738.56,Lapsed,Hamburg
POL-006788,CUST-02232,Kfz,AGT-011,2022-06-05,844.56,Active,Mecklenburg-Vorpommern
POL-006789,CUST-01930,Wohngebaeude,AGT-015,2023-08-06,724.3,Active,Brandenburg
POL-006790,CUST-02452,Lebensversicherung,AGT-032,2022-02-28,628.75,Active,Hesse
POL-006791,CUST-00459,Lebensversicherung,AGT-038,2024-10-13,745.09,Lapsed,Hamburg
POL-006792,CUST-03441,Hausrat,AGT-024,2025-04-12,117.91,Lapsed,Hesse
POL-006793,CUST-02673,Kfz,AGT-026,2023-08-22,1268.49,Active,Schleswig-Holstein
POL-006794,CUST-01212,Kfz,AGT-020,2025-02-06,794.9,Lapsed,Bavaria
POL-006795,CUST-03381,Hausrat,AGT-020,2024-12-06,111.99,Active,Saxony-Anhalt
POL-006796,CUST-03542,Lebensversicherung,AGT-005,2024-07-19,733.41,Active,Hamburg
POL-006797,CUST-01921,Hausrat,AGT-009,2025-03-29,238.47,Active,Saxony-Anhalt
POL-006798,CUST-00088,Lebensversicherung,AGT-009,2022-06-21,713.84,Cancelled,Rhineland-Palatinate
POL-006799,CUST-01650,Wohngebaeude,AGT-014,2024-09-12,810.88,Active,Baden-Wuerttemberg
POL-006800,CUST-02467,Haftpflicht,AGT-032,2025-06-22,62.72,Active,Bremen
POL-006801,CUST-01571,Haftpflicht,AGT-024,2024-08-07,94.38,Active,Hamburg
POL-006802,CUST-03237,Kfz,AGT-006,2024-10-20,464.84,Active,Saarland
POL-006803,CUST-02380,Haftpflicht,AGT-028,2023-04-10,61.3,Active,Bremen
POL-006804,CUST-03291,Hausrat,AGT-032,2023-12-06,81.56,Active,Berlin
POL-006805,CUST-00240,Wohngebaeude,AGT-027,2023-08-03,774.73,Active,Lower Saxony
POL-006806,CUST-03332,Kfz,AGT-012,2022-07-27,1280.7,Active,Hamburg
POL-006807,CUST-00666,Hausrat,AGT-030,2024-05-09,235.46,Lapsed,Rhineland-Palatinate
POL-006808,CUST-00852,Kfz,AGT-032,2022-12-31,748.24,Active,Hamburg
POL-006809,CUST-01723,Wohngebaeude,AGT-038,2022-12-24,413.21,Active,Baden-Wuerttemberg
POL-006810,CUST-01937,Hausrat,AGT-036,2022-04-05,68.49,Active,Bremen
POL-006811,CUST-01518,Kfz,AGT-028,2024-07-28,476.62,Active,Brandenburg
POL-006812,CUST-00061,Hausrat,AGT-005,2024-08-17,213.1,Active,Berlin
POL-006813,CUST-01047,Lebensversicherung,AGT-023,2025-04-17,1946.09,Active,Mecklenburg-Vorpommern
POL-006814,CUST-00441,Kfz,AGT-023,2022-02-25,861.84,Active,Hamburg
POL-006815,CUST-00680,Hausrat,AGT-036,2024-03-16,125.98,Active,Berlin
POL-006816,CUST-01923,Kfz,AGT-033,2023-06-18,694.17,Lapsed,Thuringia
POL-006817,CUST-00517,Hausrat,AGT-004,2022-11-04,88.79,Active,Mecklenburg-Vorpommern
POL-006818,CUST-02556,Lebensversicherung,AGT-031,2023-12-11,1886.3,Active,Brandenburg
POL-006819,CUST-02616,Hausrat,AGT-004,2023-09-01,111.71,Active,Bavaria
POL-006820,CUST-00006,Kfz,AGT-025,2023-08-08,1342.59,Cancelled,Bremen
POL-006821,CUST-02047,Wohngebaeude,AGT-002,2022-12-21,247.37,Active,Hamburg
POL-006822,CUST-00113,Haftpflicht,AGT-036,2024-08-25,91.36,Active,Saarland
POL-006823,CUST-03915,Hausrat,AGT-028,2022-10-18,83.63,Active,Hesse
POL-006824,CUST-01405,Kfz,AGT-033,2023-06-28,759.05,Active,Mecklenburg-Vorpommern
POL-006825,CUST-00010,Wohngebaeude,AGT-007,2025-05-21,626.45,Active,Hamburg
POL-006826,CUST-01729,Haftpflicht,AGT-027,2022-07-28,106.54,Active,Saxony
POL-006827,CUST-03523,Hausrat,AGT-003,2022-11-10,242.29,Active,Baden-Wuerttemberg
POL-006828,CUST-03514,Hausrat,AGT-002,2022-10-13,79.09,Active,Saxony-Anhalt
POL-006829,CUST-03402,Kfz,AGT-016,2025-03-15,1322.96,Active,Schleswig-Holstein
POL-006830,CUST-02170,Haftpflicht,AGT-036,2023-02-02,111.44,Active,Schleswig-Holstein
POL-006831,CUST-02852,Haftpflicht,AGT-029,2025-02-17,51.64,Active,Bremen
POL-006832,CUST-01273,Haftpflicht,AGT-020,2023-09-12,114.04,Active,Lower Saxony
POL-006833,CUST-01543,Hausrat,AGT-028,2024-08-14,216.31,Lapsed,Baden-Wuerttemberg
POL-006834,CUST-00359,Wohngebaeude,AGT-015,2025-05-14,478.9,Active,Rhineland-Palatinate
POL-006835,CUST-00041,Haftpflicht,AGT-008,2023-01-05,89.64,Lapsed,Saarland
POL-006836,CUST-00796,Wohngebaeude,AGT-009,2022-06-18,227.9,Lapsed,Mecklenburg-Vorpommern
POL-006837,CUST-03988,Kfz,AGT-036,2024-10-25,1091.72,Active,Mecklenburg-Vorpommern
POL-006838,CUST-01360,Hausrat,AGT-005,2022-03-11,225.81,Active,Rhineland-Palatinate
POL-006839,CUST-02784,Wohngebaeude,AGT-004,2025-01-01,349.78,Active,Schleswig-Holstein
POL-006840,CUST-02726,Kfz,AGT-031,2024-11-11,441.89,Lapsed,Baden-Wuerttemberg
POL-006841,CUST-00529,Hausrat,AGT-003,2023-05-13,61.86,Active,Saxony-Anhalt
POL-006842,CUST-00931,Haftpflicht,AGT-008,2023-12-18,52.81,Active,Bremen
POL-006843,CUST-02013,Wohngebaeude,AGT-012,2023-12-21,808.29,Active,Lower Saxony
POL-006844,CUST-02981,Kfz,AGT-002,2024-03-08,1320.06,Active,Brandenburg
POL-006845,CUST-02323,Kfz,AGT-023,2022-07-16,1336.23,Lapsed,Saxony
POL-006846,CUST-02829,Kfz,AGT-018,2023-06-26,964.59,Active,Schleswig-Holstein
POL-006847,CUST-03705,Kfz,AGT-006,2024-03-30,803.73,Lapsed,Saxony
POL-006848,CUST-02421,Hausrat,AGT-032,2022-10-02,70.01,Lapsed,Schleswig-Holstein
POL-006849,CUST-00771,Wohngebaeude,AGT-036,2024-03-02,246.11,Active,Thuringia
POL-006850,CUST-00724,Hausrat,AGT-005,2022-09-01,115.98,Lapsed,Saarland
POL-006851,CUST-00249,Kfz,AGT-023,2023-12-18,746.31,Active,Saxony
POL-006852,CUST-00467,Kfz,AGT-029,2022-03-20,930.03,Cancelled,Bavaria
POL-006853,CUST-00918,Haftpflicht,AGT-034,2022-08-16,55.98,Active,Bremen
POL-006854,CUST-00635,Wohngebaeude,AGT-004,2022-11-03,887.87,Lapsed,Saxony-Anhalt
POL-006855,CUST-02330,Haftpflicht,AGT-024,2023-04-03,74.46,Active,Thuringia
POL-006856,CUST-03234,Haftpflicht,AGT-031,2024-10-05,98.22,Lapsed,Saxony
POL-006857,CUST-03056,Hausrat,AGT-037,2023-06-21,194.6,Cancelled,Baden-Wuerttemberg
POL-006858,CUST-00588,Wohngebaeude,AGT-006,2022-05-23,709.95,Active,Rhineland-Palatinate
POL-006859,CUST-02966,Haftpflicht,AGT-005,2023-01-06,96.18,Active,Baden-Wuerttemberg
POL-006860,CUST-02038,Haftpflicht,AGT-004,2024-08-30,54.47,Active,Brandenburg
POL-006861,CUST-00400,Kfz,AGT-002,2022-12-06,788.71,Active,Bavaria
POL-006862,CUST-03216,Haftpflicht,AGT-038,2023-01-18,41.5,Active,Rhineland-Palatinate
POL-006863,CUST-03309,Hausrat,AGT-017,2025-03-28,105.18,Lapsed,Thuringia
POL-006864,CUST-02775,Wohngebaeude,AGT-005,2023-05-23,892.49,Active,Saxony
POL-006865,CUST-00327,Kfz,AGT-015,2024-09-13,1213.14,Active,Hesse
POL-006866,CUST-00736,Haftpflicht,AGT-034,2024-11-29,77.75,Active,Bremen
POL-006867,CUST-03496,Kfz,AGT-015,2022-03-25,667.78,Active,Mecklenburg-Vorpommern
POL-006868,CUST-00029,Haftpflicht,AGT-001,2022-02-16,99.33,Active,Saarland
POL-006869,CUST-01154,Wohngebaeude,AGT-011,2024-07-28,631.63,Active,Bremen
POL-006870,CUST-02171,Hausrat,AGT-024,2025-05-26,227.99,Active,Rhineland-Palatinate
POL-006871,CUST-00269,Wohngebaeude,AGT-013,2025-04-17,632.42,Lapsed,Thuringia
POL-006872,CUST-03530,Wohngebaeude,AGT-030,2022-05-20,358.05,Active,Schleswig-Holstein
POL-006873,CUST-00498,Kfz,AGT-038,2023-11-18,1199.08,Active,Schleswig-Holstein
POL-006874,CUST-01047,Lebensversicherung,AGT-003,2023-04-02,751.4,Active,Saxony-Anhalt
POL-006875,CUST-02151,Wohngebaeude,AGT-039,2022-05-11,206.51,Active,Lower Saxony
POL-006876,CUST-02722,Haftpflicht,AGT-029,2022-01-03,111.36,Active,Thuringia
POL-006877,CUST-02585,Kfz,AGT-039,2023-11-27,981.91,Active,Mecklenburg-Vorpommern
POL-006878,CUST-02788,Hausrat,AGT-009,2025-02-19,201.64,Lapsed,Thuringia
POL-006879,CUST-01355,Kfz,AGT-016,2024-10-12,1371.96,Cancelled,Lower Saxony
POL-006880,CUST-01510,Hausrat,AGT-013,2024-06-09,162.01,Active,Saarland
POL-006881,CUST-03771,Haftpflicht,AGT-008,2022-08-18,40.92,Lapsed,Hesse
POL-006882,CUST-03565,Kfz,AGT-031,2025-05-29,896.22,Active,Brandenburg
POL-006883,CUST-02293,Haftpflicht,AGT-006,2023-02-17,47.2,Lapsed,Saxony-Anhalt
POL-006884,CUST-02523,Hausrat,AGT-008,2022-05-31,133.78,Active,Bavaria
POL-006885,CUST-01398,Haftpflicht,AGT-008,2023-07-09,112.31,Active,Mecklenburg-Vorpommern
POL-006886,CUST-00978,Kfz,AGT-002,2025-03-25,1265.99,Active,Hamburg
POL-006887,CUST-01962,Kfz,AGT-018,2025-06-17,364.36,Lapsed,Brandenburg
POL-006888,CUST-03516,Kfz,AGT-027,2023-10-18,519.48,Lapsed,Bremen
POL-006889,CUST-02928,Kfz,AGT-019,2023-03-23,415.43,Lapsed,Saarland
POL-006890,CUST-02167,Wohngebaeude,AGT-031,2025-04-02,217.13,Active,Thuringia
POL-006891,CUST-00664,Haftpflicht,AGT-018,2025-03-01,84.8,Cancelled,Thuringia
POL-006892,CUST-03996,Hausrat,AGT-008,2024-01-10,233.99,Active,Rhineland-Palatinate
POL-006893,CUST-01527,Kfz,AGT-018,2024-04-16,1129.96,Active,Rhineland-Palatinate
POL-006894,CUST-01437,Kfz,AGT-023,2024-04-30,945.31,Active,Saarland
POL-006895,CUST-02035,Haftpflicht,AGT-031,2023-02-04,92.56,Active,Saxony
POL-006896,CUST-02305,Hausrat,AGT-032,2023-09-23,103.7,Lapsed,Schleswig-Holstein
POL-006897,CUST-02967,Kfz,AGT-040,2022-08-16,1124.18,Active,Hamburg
POL-006898,CUST-00893,Kfz,AGT-039,2023-12-29,727.34,Lapsed,Saxony
POL-006899,CUST-03869,Haftpflicht,AGT-018,2022-02-07,109.88,Active,Mecklenburg-Vorpommern
POL-006900,CUST-03811,Kfz,AGT-020,2024-01-30,1078.42,Active,Mecklenburg-Vorpommern
POL-006901,CUST-01229,Haftpflicht,AGT-010,2025-05-01,87.33,Active,Saxony
POL-006902,CUST-00023,Haftpflicht,AGT-036,2024-03-23,86.55,Active,Lower Saxony
POL-006903,CUST-00465,Hausrat,AGT-013,2025-01-12,152.98,Active,Berlin
POL-006904,CUST-00120,Hausrat,AGT-023,2022-12-03,66.8,Cancelled,Thuringia
POL-006905,CUST-02200,Haftpflicht,AGT-028,2022-12-03,93.25,Active,Hamburg
POL-006906,CUST-01760,Hausrat,AGT-005,2022-06-06,163.56,Active,Rhineland-Palatinate
POL-006907,CUST-03998,Lebensversicherung,AGT-004,2024-06-02,1789.87,Active,Thuringia
POL-006908,CUST-01480,Lebensversicherung,AGT-005,2022-03-07,2020.36,Active,Brandenburg
POL-006909,CUST-00989,Kfz,AGT-023,2024-10-08,1303.74,Active,Lower Saxony
POL-006910,CUST-01885,Haftpflicht,AGT-019,2024-12-19,64.16,Active,Rhineland-Palatinate
POL-006911,CUST-01665,Kfz,AGT-015,2024-12-14,678.39,Lapsed,Rhineland-Palatinate
POL-006912,CUST-03591,Haftpflicht,AGT-012,2022-01-11,116.33,Active,Hesse
POL-006913,CUST-02351,Wohngebaeude,AGT-009,2022-07-09,548.47,Cancelled,Lower Saxony
POL-006914,CUST-02190,Kfz,AGT-037,2025-02-17,533.04,Active,Bavaria
POL-006915,CUST-00636,Wohngebaeude,AGT-030,2023-10-23,251.94,Active,Bavaria
POL-006916,CUST-01884,Haftpflicht,AGT-037,2024-12-02,47.0,Active,North Rhine-Westphalia
POL-006917,CUST-03697,Hausrat,AGT-014,2024-02-12,86.71,Active,Schleswig-Holstein
POL-006918,CUST-02111,Haftpflicht,AGT-034,2024-07-11,72.32,Active,Schleswig-Holstein
POL-006919,CUST-03394,Kfz,AGT-018,2024-02-29,1188.58,Active,Hesse
POL-006920,CUST-00843,Hausrat,AGT-031,2023-06-14,136.55,Active,Rhineland-Palatinate
POL-006921,CUST-00029,Lebensversicherung,AGT-018,2022-03-27,790.0,Active,Mecklenburg-Vorpommern
POL-006922,CUST-02672,Hausrat,AGT-012,2022-11-07,104.76,Active,North Rhine-Westphalia
POL-006923,CUST-03308,Lebensversicherung,AGT-006,2022-09-15,1693.52,Active,Bavaria
POL-006924,CUST-02408,Hausrat,AGT-023,2022-08-11,77.06,Active,Saarland
POL-006925,CUST-02028,Hausrat,AGT-019,2024-10-26,79.4,Active,Mecklenburg-Vorpommern
POL-006926,CUST-01846,Kfz,AGT-003,2024-05-05,1033.9,Active,Schleswig-Holstein
POL-006927,CUST-01945,Hausrat,AGT-013,2023-04-28,181.65,Active,Bremen
POL-006928,CUST-01531,Hausrat,AGT-016,2022-06-16,108.49,Lapsed,Saxony-Anhalt
POL-006929,CUST-00517,Hausrat,AGT-010,2024-05-26,200.69,Active,Brandenburg
POL-006930,CUST-00231,Haftpflicht,AGT-040,2024-04-08,70.96,Active,Bavaria
POL-006931,CUST-01559,Haftpflicht,AGT-007,2022-07-06,91.71,Active,Saxony-Anhalt
POL-006932,CUST-00396,Haftpflicht,AGT-035,2024-01-26,48.1,Lapsed,Saxony-Anhalt
POL-006933,CUST-01274,Hausrat,AGT-033,2023-09-01,70.78,Cancelled,Mecklenburg-Vorpommern
POL-006934,CUST-01584,Kfz,AGT-037,2022-01-16,929.68,Active,Schleswig-Holstein
POL-006935,CUST-03049,Haftpflicht,AGT-037,2023-10-05,112.48,Lapsed,Bremen
POL-006936,CUST-03126,Haftpflicht,AGT-005,2024-05-27,113.12,Active,Brandenburg
POL-006937,CUST-01343,Kfz,AGT-009,2022-06-17,1142.54,Active,Bavaria
POL-006938,CUST-01464,Wohngebaeude,AGT-002,2022-02-21,640.24,Active,Saxony
POL-006939,CUST-00403,Haftpflicht,AGT-010,2023-07-08,53.65,Active,Bremen
POL-006940,CUST-01232,Kfz,AGT-015,2023-01-15,394.23,Active,Saxony
POL-006941,CUST-03543,Kfz,AGT-006,2022-10-09,661.97,Active,Saxony-Anhalt
POL-006942,CUST-01183,Haftpflicht,AGT-008,2024-11-14,77.97,Active,Rhineland-Palatinate
POL-006943,CUST-02939,Lebensversicherung,AGT-030,2022-11-02,757.43,Active,Saarland
POL-006944,CUST-00282,Kfz,AGT-033,2023-03-11,759.7,Active,Schleswig-Holstein
POL-006945,CUST-02427,Haftpflicht,AGT-024,2024-11-18,112.79,Active,Saxony-Anhalt
POL-006946,CUST-01306,Wohngebaeude,AGT-016,2022-11-30,424.66,Lapsed,Thuringia
POL-006947,CUST-00492,Hausrat,AGT-021,2025-06-20,168.4,Active,Brandenburg
POL-006948,CUST-02243,Kfz,AGT-032,2022-04-21,653.38,Active,Brandenburg
POL-006949,CUST-02288,Kfz,AGT-026,2025-01-12,888.3,Active,Hamburg
POL-006950,CUST-01223,Wohngebaeude,AGT-020,2022-09-01,849.93,Active,Saxony-Anhalt
POL-006951,CUST-02775,Hausrat,AGT-025,2022-04-13,167.88,Active,Rhineland-Palatinate
POL-006952,CUST-02351,Wohngebaeude,AGT-004,2023-11-11,689.67,Active,Saxony-Anhalt
POL-006953,CUST-03556,Lebensversicherung,AGT-028,2024-12-19,1500.76,Active,Thuringia
POL-006954,CUST-00028,Haftpflicht,AGT-021,2023-11-12,61.72,Lapsed,Saxony
POL-006955,CUST-00979,Lebensversicherung,AGT-031,2025-05-20,1155.73,Active,Schleswig-Holstein
POL-006956,CUST-02492,Haftpflicht,AGT-036,2024-10-25,110.93,Active,Mecklenburg-Vorpommern
POL-006957,CUST-00401,Haftpflicht,AGT-034,2023-10-03,44.34,Active,Brandenburg
POL-006958,CUST-01486,Lebensversicherung,AGT-017,2023-01-09,1307.12,Active,North Rhine-Westphalia
POL-006959,CUST-03764,Kfz,AGT-038,2023-07-20,536.28,Active,Rhineland-Palatinate
POL-006960,CUST-01560,Hausrat,AGT-035,2024-05-26,169.41,Active,North Rhine-Westphalia
POL-006961,CUST-01102,Kfz,AGT-023,2022-07-30,479.38,Active,North Rhine-Westphalia
POL-006962,CUST-01617,Hausrat,AGT-024,2023-08-13,133.9,Active,Brandenburg
POL-006963,CUST-01733,Hausrat,AGT-027,2023-03-13,63.91,Lapsed,Berlin
POL-006964,CUST-03548,Kfz,AGT-004,2022-09-12,786.02,Active,Thuringia
POL-006965,CUST-02356,Haftpflicht,AGT-003,2023-01-25,107.98,Active,Thuringia
POL-006966,CUST-00763,Hausrat,AGT-015,2023-01-29,139.09,Active,Berlin
POL-006967,CUST-02943,Kfz,AGT-003,2022-11-15,1070.41,Active,Lower Saxony
POL-006968,CUST-02004,Hausrat,AGT-031,2022-03-25,101.21,Active,Bavaria
POL-006969,CUST-03206,Wohngebaeude,AGT-036,2024-07-02,718.51,Active,Lower Saxony
POL-006970,CUST-03784,Wohngebaeude,AGT-029,2024-04-05,586.39,Lapsed,Hamburg
POL-006971,CUST-02077,Wohngebaeude,AGT-020,2024-05-30,556.54,Cancelled,Berlin
POL-006972,CUST-02447,Lebensversicherung,AGT-035,2024-06-06,1004.98,Active,Baden-Wuerttemberg
POL-006973,CUST-01202,Hausrat,AGT-039,2024-10-01,86.65,Active,Lower Saxony
POL-006974,CUST-01249,Wohngebaeude,AGT-013,2023-07-06,238.13,Cancelled,Rhineland-Palatinate
POL-006975,CUST-02135,Kfz,AGT-017,2025-06-27,892.5,Active,Rhineland-Palatinate
POL-006976,CUST-01297,Haftpflicht,AGT-014,2023-08-01,59.85,Lapsed,Saxony
POL-006977,CUST-03356,Lebensversicherung,AGT-022,2024-11-25,327.92,Active,Saxony-Anhalt
POL-006978,CUST-03545,Haftpflicht,AGT-002,2025-03-15,73.06,Active,Saxony
POL-006979,CUST-00458,Wohngebaeude,AGT-039,2022-03-14,313.68,Active,Mecklenburg-Vorpommern
POL-006980,CUST-02079,Kfz,AGT-023,2022-08-15,865.76,Active,Saxony-Anhalt
POL-006981,CUST-02564,Haftpflicht,AGT-035,2022-04-12,67.65,Active,Bremen
POL-006982,CUST-00376,Wohngebaeude,AGT-020,2024-02-11,854.94,Active,Hamburg
POL-006983,CUST-02026,Kfz,AGT-031,2023-09-19,587.94,Active,Bavaria
POL-006984,CUST-02054,Wohngebaeude,AGT-003,2022-07-03,260.78,Active,Saxony
POL-006985,CUST-02532,Hausrat,AGT-007,2024-03-15,229.77,Active,Thuringia
POL-006986,CUST-03906,Hausrat,AGT-034,2024-09-03,109.14,Active,Mecklenburg-Vorpommern
POL-006987,CUST-01388,Kfz,AGT-014,2024-02-01,507.59,Active,Saarland
POL-006988,CUST-03179,Hausrat,AGT-015,2022-05-24,61.27,Active,Saxony-Anhalt
POL-006989,CUST-00854,Haftpflicht,AGT-032,2024-02-28,57.92,Active,Schleswig-Holstein
POL-006990,CUST-02490,Kfz,AGT-005,2023-09-22,924.01,Active,Bavaria
POL-006991,CUST-00691,Hausrat,AGT-017,2022-03-05,235.6,Active,Baden-Wuerttemberg
POL-006992,CUST-03244,Wohngebaeude,AGT-002,2024-07-09,523.53,Active,Mecklenburg-Vorpommern
POL-006993,CUST-02385,Lebensversicherung,AGT-024,2022-09-30,1121.12,Cancelled,Saarland
POL-006994,CUST-00398,Haftpflicht,AGT-009,2023-08-29,63.87,Active,Brandenburg
POL-006995,CUST-03985,Haftpflicht,AGT-012,2022-12-24,47.48,Cancelled,Saarland
POL-006996,CUST-02908,Kfz,AGT-040,2022-11-01,431.68,Active,Brandenburg
POL-006997,CUST-02308,Lebensversicherung,AGT-006,2024-08-26,1525.46,Active,Saarland
POL-006998,CUST-02151,Kfz,AGT-019,2022-05-24,1012.11,Active,Baden-Wuerttemberg
POL-006999,CUST-02827,Hausrat,AGT-034,2024-02-26,225.88,Active,Hesse
POL-007000,CUST-01256,Haftpflicht,AGT-023,2025-05-02,64.68,Active,Saxony-Anhalt
